solid OpenSCAD_Model
  facet normal 0.344858 0.13171 -0.929368
    outer loop
      vertex -16.4855 -8.12974 2
      vertex -16.4749 -8.07783 2.01129
      vertex -16.4576 -8.116 2.0123
    endloop
  endfacet
  facet normal 0.345344 0.131576 -0.929207
    outer loop
      vertex -16.4749 -8.07783 2.01129
      vertex -16.4855 -8.12974 2
      vertex -16.5086 -8.06911 2
    endloop
  endfacet
  facet normal 0.344996 0.129729 -0.929596
    outer loop
      vertex -16.4749 -8.07783 2.01129
      vertex -16.5086 -8.06911 2
      vertex -16.6535 -7.68377 2
    endloop
  endfacet
  facet normal 0.335909 0.15369 -0.929271
    outer loop
      vertex -15.9869 -9.23003 2
      vertex -15.9113 -9.13805 2.04254
      vertex -15.8916 -9.175 2.04355
    endloop
  endfacet
  facet normal 0.335648 0.15393 -0.929325
    outer loop
      vertex -15.9113 -9.13805 2.04254
      vertex -15.9869 -9.23003 2
      vertex -16.0403 -9.11359 2
    endloop
  endfacet
  facet normal 0.335386 0.151758 -0.929777
    outer loop
      vertex -16.0403 -9.11359 2
      vertex -16.4576 -8.116 2.0123
      vertex -15.9113 -9.13805 2.04254
    endloop
  endfacet
  facet normal 0.335227 0.151693 -0.929845
    outer loop
      vertex -16.4576 -8.116 2.0123
      vertex -16.0403 -9.11359 2
      vertex -16.4855 -8.12974 2
    endloop
  endfacet
  facet normal 0.32515 0.175485 -0.929238
    outer loop
      vertex -15.4146 -10.2997 2
      vertex -15.2796 -10.1591 2.07379
      vertex -15.2575 -10.1947 2.0748
    endloop
  endfacet
  facet normal 0.324823 0.175825 -0.929288
    outer loop
      vertex -15.2796 -10.1591 2.07379
      vertex -15.4146 -10.2997 2
      vertex -15.5057 -10.1314 2
    endloop
  endfacet
  facet normal 0.324687 0.173347 -0.929801
    outer loop
      vertex -15.5057 -10.1314 2
      vertex -15.8916 -9.175 2.04355
      vertex -15.2796 -10.1591 2.07379
    endloop
  endfacet
  facet normal 0.324767 0.173378 -0.929767
    outer loop
      vertex -15.8916 -9.175 2.04355
      vertex -15.5057 -10.1314 2
      vertex -15.9869 -9.23003 2
    endloop
  endfacet
  facet normal 0.312813 0.196306 -0.929307
    outer loop
      vertex -14.7707 -11.3339 2
      vertex -14.5824 -11.1367 2.10504
      vertex -14.558 -11.1708 2.10605
    endloop
  endfacet
  facet normal 0.31267 0.196453 -0.929324
    outer loop
      vertex -14.5824 -11.1367 2.10504
      vertex -14.7707 -11.3339 2
      vertex -14.9061 -11.1184 2
    endloop
  endfacet
  facet normal 0.312693 0.194249 -0.92978
    outer loop
      vertex -14.9061 -11.1184 2
      vertex -15.2575 -10.1947 2.0748
      vertex -14.5824 -11.1367 2.10504
    endloop
  endfacet
  facet normal 0.312815 0.194291 -0.92973
    outer loop
      vertex -15.2575 -10.1947 2.0748
      vertex -14.9061 -11.1184 2
      vertex -15.4146 -10.2997 2
    endloop
  endfacet
  facet normal 0.29963 0.2161 -0.929259
    outer loop
      vertex -14.0571 -12.3278 2
      vertex -13.8228 -12.0666 2.13629
      vertex -13.7963 -12.099 2.1373
    endloop
  endfacet
  facet normal 0.299104 0.2166 -0.929312
    outer loop
      vertex -13.8228 -12.0666 2.13629
      vertex -14.0571 -12.3278 2
      vertex -14.2435 -12.0704 2
    endloop
  endfacet
  facet normal 0.299283 0.21424 -0.929801
    outer loop
      vertex -14.2435 -12.0704 2
      vertex -14.558 -11.1708 2.10605
      vertex -13.8228 -12.0666 2.13629
    endloop
  endfacet
  facet normal 0.299301 0.214245 -0.929795
    outer loop
      vertex -14.558 -11.1708 2.10605
      vertex -14.2435 -12.0704 2
      vertex -14.7707 -11.3339 2
    endloop
  endfacet
  facet normal 0.284177 0.235859 -0.929308
    outer loop
      vertex -13.2766 -13.2766 2
      vertex -13.0041 -12.9448 2.16754
      vertex -12.9754 -12.9754 2.16855
    endloop
  endfacet
  facet normal 0.284366 0.235695 -0.929292
    outer loop
      vertex -13.0041 -12.9448 2.16754
      vertex -13.2766 -13.2766 2
      vertex -13.5197 -12.9833 2
    endloop
  endfacet
  facet normal 0.284692 0.233409 -0.929769
    outer loop
      vertex -13.5197 -12.9833 2
      vertex -13.7963 -12.099 2.1373
      vertex -13.0041 -12.9448 2.16754
    endloop
  endfacet
  facet normal 0.284708 0.233412 -0.929764
    outer loop
      vertex -13.7963 -12.099 2.1373
      vertex -13.5197 -12.9833 2
      vertex -14.0571 -12.3278 2
    endloop
  endfacet
  facet normal 0.268542 0.253617 -0.929281
    outer loop
      vertex -12.4319 -14.1759 2
      vertex -12.1296 -13.7676 2.19879
      vertex -12.099 -13.7963 2.1998
    endloop
  endfacet
  facet normal 0.268332 0.25378 -0.929297
    outer loop
      vertex -12.1296 -13.7676 2.19879
      vertex -12.4319 -14.1759 2
      vertex -12.7371 -13.8532 2
    endloop
  endfacet
  facet normal 0.268809 0.251505 -0.929778
    outer loop
      vertex -12.7371 -13.8532 2
      vertex -12.9754 -12.9754 2.16855
      vertex -12.1296 -13.7676 2.19879
    endloop
  endfacet
  facet normal 0.268798 0.251503 -0.929782
    outer loop
      vertex -12.9754 -12.9754 2.16855
      vertex -12.7371 -13.8532 2
      vertex -13.2766 -13.2766 2
    endloop
  endfacet
  facet normal 0.250722 0.271124 -0.929317
    outer loop
      vertex -11.5262 -15.0213 2
      vertex -11.2032 -14.5315 2.23004
      vertex -11.1708 -14.558 2.23105
    endloop
  endfacet
  facet normal 0.251166 0.270817 -0.929287
    outer loop
      vertex -11.2032 -14.5315 2.23004
      vertex -11.5262 -15.0213 2
      vertex -11.8983 -14.6762 2
    endloop
  endfacet
  facet normal 0.251797 0.268558 -0.929771
    outer loop
      vertex -11.8983 -14.6762 2
      vertex -12.099 -13.7963 2.1998
      vertex -11.2032 -14.5315 2.23004
    endloop
  endfacet
  facet normal 0.251798 0.268558 -0.929771
    outer loop
      vertex -12.099 -13.7963 2.1998
      vertex -11.8983 -14.6762 2
      vertex -12.4319 -14.1759 2
    endloop
  endfacet
  facet normal 0.232725 0.286777 -0.9293
    outer loop
      vertex -10.563 -15.8086 2
      vertex -10.2288 -15.2331 2.26129
      vertex -10.1947 -15.2575 2.2623
    endloop
  endfacet
  facet normal 0.232924 0.286656 -0.929287
    outer loop
      vertex -10.2288 -15.2331 2.26129
      vertex -10.563 -15.8086 2
      vertex -11.0058 -15.4488 2
    endloop
  endfacet
  facet normal 0.2337 0.284446 -0.929771
    outer loop
      vertex -11.0058 -15.4488 2
      vertex -11.1708 -14.558 2.23105
      vertex -10.2288 -15.2331 2.26129
    endloop
  endfacet
  facet normal 0.233664 0.284442 -0.929782
    outer loop
      vertex -11.1708 -14.558 2.23105
      vertex -11.0058 -15.4488 2
      vertex -11.5262 -15.0213 2
    endloop
  endfacet
  facet normal 0.214172 0.300976 -0.929271
    outer loop
      vertex -9.54592 -16.534 2
      vertex -9.21058 -15.8694 2.29254
      vertex -9.175 -15.8916 2.29355
    endloop
  endfacet
  facet normal 0.213673 0.30124 -0.9293
    outer loop
      vertex -9.21058 -15.8694 2.29254
      vertex -9.54592 -16.534 2
      vertex -10.0629 -16.1673 2
    endloop
  endfacet
  facet normal 0.214568 0.299142 -0.929771
    outer loop
      vertex -10.0629 -16.1673 2
      vertex -10.1947 -15.2575 2.2623
      vertex -9.21058 -15.8694 2.29254
    endloop
  endfacet
  facet normal 0.214561 0.299141 -0.929773
    outer loop
      vertex -10.1947 -15.2575 2.2623
      vertex -10.0629 -16.1673 2
      vertex -10.563 -15.8086 2
    endloop
  endfacet
  facet normal 0.193199 0.314726 -0.929312
    outer loop
      vertex -8.47904 -17.1938 2
      vertex -8.15295 -16.4379 2.32379
      vertex -8.116 -16.4576 2.3248
    endloop
  endfacet
  facet normal 0.193502 0.314589 -0.929296
    outer loop
      vertex -8.15295 -16.4379 2.32379
      vertex -8.47904 -17.1938 2
      vertex -9.07277 -16.8286 2
    endloop
  endfacet
  facet normal 0.194553 0.312513 -0.929777
    outer loop
      vertex -9.07277 -16.8286 2
      vertex -9.175 -15.8916 2.29355
      vertex -8.15295 -16.4379 2.32379
    endloop
  endfacet
  facet normal 0.194583 0.312515 -0.92977
    outer loop
      vertex -9.175 -15.8916 2.29355
      vertex -9.07277 -16.8286 2
      vertex -9.54592 -16.534 2
    endloop
  endfacet
  facet normal 0.172586 0.326533 -0.929295
    outer loop
      vertex -7.36658 -17.7845 2
      vertex -7.06041 -16.9359 2.35504
      vertex -7.02224 -16.9532 2.35605
    endloop
  endfacet
  facet normal 0.172503 0.326565 -0.9293
    outer loop
      vertex -7.06041 -16.9359 2.35504
      vertex -7.36658 -17.7845 2
      vertex -8.03882 -17.4294 2
    endloop
  endfacet
  facet normal 0.173694 0.324552 -0.929783
    outer loop
      vertex -8.03882 -17.4294 2
      vertex -8.116 -16.4576 2.3248
      vertex -7.06041 -16.9359 2.35504
    endloop
  endfacet
  facet normal 0.173696 0.324552 -0.929783
    outer loop
      vertex -8.116 -16.4576 2.3248
      vertex -8.03882 -17.4294 2
      vertex -8.47904 -17.1938 2
    endloop
  endfacet
  facet normal 0.151116 0.337039 -0.929284
    outer loop
      vertex -6.21303 -18.303 2
      vertex -5.93763 -17.3614 2.38629
      vertex -5.89841 -17.3762 2.3873
    endloop
  endfacet
  facet normal 0.150782 0.337143 -0.9293
    outer loop
      vertex -5.93763 -17.3614 2.38629
      vertex -6.21303 -18.303 2
      vertex -6.96476 -17.9668 2
    endloop
  endfacet
  facet normal 0.152089 0.335231 -0.929779
    outer loop
      vertex -6.96476 -17.9668 2
      vertex -7.02224 -16.9532 2.35605
      vertex -5.93763 -17.3614 2.38629
    endloop
  endfacet
  facet normal 0.152089 0.335231 -0.929779
    outer loop
      vertex -7.02224 -16.9532 2.35605
      vertex -6.96476 -17.9668 2
      vertex -7.36658 -17.7845 2
    endloop
  endfacet
  facet normal 0.127938 0.346422 -0.929313
    outer loop
      vertex -5.02309 -18.7464 2
      vertex -4.78943 -17.7126 2.41754
      vertex -4.74933 -17.7247 2.41855
    endloop
  endfacet
  facet normal 0.12838 0.346314 -0.929293
    outer loop
      vertex -4.78943 -17.7126 2.41754
      vertex -5.02309 -18.7464 2
      vertex -5.85448 -18.4382 2
    endloop
  endfacet
  facet normal 0.12984 0.344452 -0.929782
    outer loop
      vertex -5.85448 -18.4382 2
      vertex -5.89841 -17.3762 2.3873
      vertex -4.78943 -17.7126 2.41754
    endloop
  endfacet
  facet normal 0.129884 0.344452 -0.929776
    outer loop
      vertex -5.89841 -17.3762 2.3873
      vertex -5.85448 -18.4382 2
      vertex -6.21303 -18.303 2
    endloop
  endfacet
  facet normal 0.10542 0.353953 -0.929303
    outer loop
      vertex -3.80167 -19.1123 2
      vertex -3.62071 -17.9879 2.44879
      vertex -3.57991 -17.9974 2.4498
    endloop
  endfacet
  facet normal 0.105481 0.353942 -0.9293
    outer loop
      vertex -3.62071 -17.9879 2.44879
      vertex -3.80167 -19.1123 2
      vertex -4.71202 -18.841 2
    endloop
  endfacet
  facet normal 0.107046 0.352195 -0.929785
    outer loop
      vertex -4.71202 -18.841 2
      vertex -4.74933 -17.7247 2.41855
      vertex -3.62071 -17.9879 2.44879
    endloop
  endfacet
  facet normal 0.107106 0.352195 -0.929778
    outer loop
      vertex -5.02309 -18.7464 2
      vertex -4.74933 -17.7247 2.41855
      vertex -4.71202 -18.841 2
    endloop
  endfacet
  facet normal 0.0819387 0.36011 -0.929304
    outer loop
      vertex -2.55383 -19.3983 2
      vertex -2.4365 -18.1862 2.48004
      vertex -2.39516 -18.193 2.48105
    endloop
  endfacet
  facet normal 0.082096 0.360092 -0.929298
    outer loop
      vertex -2.4365 -18.1862 2.48004
      vertex -2.55383 -19.3983 2
      vertex -3.54161 -19.1731 2
    endloop
  endfacet
  facet normal 0.0837769 0.358446 -0.929784
    outer loop
      vertex -3.54161 -19.1731 2
      vertex -3.57991 -17.9974 2.4498
      vertex -2.4365 -18.1862 2.48004
    endloop
  endfacet
  facet normal 0.0838019 0.358446 -0.929781
    outer loop
      vertex -3.80167 -19.1123 2
      vertex -3.57991 -17.9974 2.4498
      vertex -3.54161 -19.1731 2
    endloop
  endfacet
  facet normal 0.0583647 0.364686 -0.929299
    outer loop
      vertex -1.28482 -19.6026 2
      vertex -1.24185 -18.3066 2.51129
      vertex -1.20015 -18.3107 2.5123
    endloop
  endfacet
  facet normal 0.0583666 0.364686 -0.929299
    outer loop
      vertex -1.24185 -18.3066 2.51129
      vertex -1.28482 -19.6026 2
      vertex -2.34764 -19.4325 2
    endloop
  endfacet
  facet normal 0.0601501 0.363155 -0.929785
    outer loop
      vertex -2.34764 -19.4325 2
      vertex -2.39515 -18.193 2.48105
      vertex -1.24185 -18.3066 2.51129
    endloop
  endfacet
  facet normal 0.0602354 0.363156 -0.929779
    outer loop
      vertex -2.55383 -19.3983 2
      vertex -2.39515 -18.193 2.48105
      vertex -2.34764 -19.4325 2
    endloop
  endfacet
  facet normal 0 0.37068 -0.928761
    outer loop
      vertex -2.39515 -18.193 2.48105
      vertex -2.55383 -19.3983 2
      vertex -2.39516 -18.193 2.48105
    endloop
  endfacet
  facet normal 0.0347045 0.367729 -0.929285
    outer loop
      vertex 0 -19.7236 2
      vertex -0.0418793 -18.3486 2.54254
      vertex 0 -18.35 2.54355
    endloop
  endfacet
  facet normal 0.0343868 0.367725 -0.929299
    outer loop
      vertex -0.0418793 -18.3486 2.54254
      vertex 0 -19.7236 2
      vertex -1.13461 -19.6175 2
    endloop
  endfacet
  facet normal 0.036261 0.366318 -0.929783
    outer loop
      vertex -1.13461 -19.6175 2
      vertex -1.20015 -18.3107 2.5123
      vertex -0.0418793 -18.3486 2.54254
    endloop
  endfacet
  facet normal 0.0363369 0.36632 -0.929779
    outer loop
      vertex -1.20015 -18.3107 2.5123
      vertex -1.13461 -19.6175 2
      vertex -1.28482 -19.6026 2
    endloop
  endfacet
  facet normal 0.0100705 0.369176 -0.929305
    outer loop
      vertex 1.29515 -19.7602 2
      vertex 1.15827 -18.3121 2.57379
      vertex 1.20015 -18.3107 2.5748
    endloop
  endfacet
  facet normal 0.0102868 0.369193 -0.929296
    outer loop
      vertex 1.15827 -18.3121 2.57379
      vertex 1.29515 -19.7602 2
      vertex 0.0928399 -19.7267 2
    endloop
  endfacet
  facet normal 0.0122853 0.367923 -0.929775
    outer loop
      vertex 0 -18.35 2.54355
      vertex 0.0928399 -19.7267 2
      vertex 0 -19.7236 2
    endloop
  endfacet
  facet normal 0.0122357 0.36792 -0.929777
    outer loop
      vertex 0.0928399 -19.7267 2
      vertex 0 -18.35 2.54355
      vertex 1.15827 -18.3121 2.57379
    endloop
  endfacet
  facet normal -0.0979639 0.99519 0
    outer loop
      vertex 2.59094 -19.6802 2.0125
      vertex 2.59094 -19.6802 2
      vertex 2.07386 -19.7311 2
    endloop
  endfacet
  facet normal -0.0137797 0.369074 -0.929298
    outer loop
      vertex 2.35346 -18.1971 2.60504
      vertex 2.39516 -18.193 2.60605
      vertex 2.59094 -19.6802 2.0125
    endloop
  endfacet
  facet normal 0 0.239191 -0.970973
    outer loop
      vertex 2.39516 -18.193 2.60605
      vertex 2.35346 -18.1971 2.60504
      vertex 2.39515 -18.193 2.60605
    endloop
  endfacet
  facet normal -0.0138644 0.369062 -0.929301
    outer loop
      vertex 2.07386 -19.7311 2
      vertex 2.35346 -18.1971 2.60504
      vertex 2.59094 -19.6802 2.0125
    endloop
  endfacet
  facet normal -0.0138916 0.369066 -0.929299
    outer loop
      vertex 2.35346 -18.1971 2.60504
      vertex 2.07386 -19.7311 2
      vertex 1.32997 -19.7591 2
    endloop
  endfacet
  facet normal -0.0116237 0.367941 -0.929776
    outer loop
      vertex 1.20015 -18.3107 2.5748
      vertex 1.32997 -19.7591 2
      vertex 1.29515 -19.7602 2
    endloop
  endfacet
  facet normal -0.011861 0.367922 -0.929781
    outer loop
      vertex 1.32997 -19.7591 2
      vertex 1.20015 -18.3107 2.5748
      vertex 2.35346 -18.1971 2.60504
    endloop
  endfacet
  facet normal -0.162901 0.986642 0
    outer loop
      vertex 3.87254 -19.4686 2
      vertex 2.59094 -19.6802 2.0125
      vertex 3.87254 -19.4686 2.04375
    endloop
  endfacet
  facet normal -0.162901 0.986642 0
    outer loop
      vertex 2.59094 -19.6802 2.0125
      vertex 3.87254 -19.4686 2
      vertex 2.59094 -19.6802 2
    endloop
  endfacet
  facet normal -0.0377229 0.367416 -0.929291
    outer loop
      vertex 3.53856 -18.0042 2.63629
      vertex 3.57991 -17.9974 2.6373
      vertex 3.87254 -19.4686 2.04375
    endloop
  endfacet
  facet normal -0.0379934 0.367359 -0.929303
    outer loop
      vertex 3.53856 -18.0042 2.63629
      vertex 3.87254 -19.4686 2.04375
      vertex 2.59094 -19.6802 2.0125
    endloop
  endfacet
  facet normal -0.0359028 0.366355 -0.929782
    outer loop
      vertex 3.53856 -18.0042 2.63629
      vertex 2.59094 -19.6802 2.0125
      vertex 2.39516 -18.193 2.60605
    endloop
  endfacet
  facet normal -0.227105 0.97387 0
    outer loop
      vertex 5.13756 -19.1736 2
      vertex 3.87254 -19.4686 2.04375
      vertex 5.13756 -19.1736 2.075
    endloop
  endfacet
  facet normal -0.227105 0.97387 0
    outer loop
      vertex 3.87254 -19.4686 2.04375
      vertex 5.13756 -19.1736 2
      vertex 3.87254 -19.4686 2
    endloop
  endfacet
  facet normal -0.062609 0.363926 -0.929321
    outer loop
      vertex 5.13756 -19.1736 2.075
      vertex 4.70852 -17.7343 2.66754
      vertex 4.74933 -17.7247 2.66855
    endloop
  endfacet
  facet normal -0.0619531 0.36411 -0.929293
    outer loop
      vertex 4.70852 -17.7343 2.66754
      vertex 5.13756 -19.1736 2.075
      vertex 3.87254 -19.4686 2.04375
    endloop
  endfacet
  facet normal -0.059763 0.363229 -0.929781
    outer loop
      vertex 4.70852 -17.7343 2.66754
      vertex 3.87254 -19.4686 2.04375
      vertex 3.57991 -17.9974 2.6373
    endloop
  endfacet
  facet normal -0.29024 0.956954 0
    outer loop
      vertex 6.38057 -18.7966 2
      vertex 5.13756 -19.1736 2.075
      vertex 6.38057 -18.7966 2.10625
    endloop
  endfacet
  facet normal -0.29024 0.956954 0
    outer loop
      vertex 5.13756 -19.1736 2.075
      vertex 6.38057 -18.7966 2
      vertex 5.13756 -19.1736 2
    endloop
  endfacet
  facet normal -0.085076 0.359444 -0.92928
    outer loop
      vertex 6.38057 -18.7966 2.10625
      vertex 5.85832 -17.3883 2.69879
      vertex 5.89841 -17.3762 2.6998
    endloop
  endfacet
  facet normal -0.0855988 0.35926 -0.929304
    outer loop
      vertex 5.85832 -17.3883 2.69879
      vertex 6.38057 -18.7966 2.10625
      vertex 5.13756 -19.1736 2.075
    endloop
  endfacet
  facet normal -0.0834063 0.358541 -0.92978
    outer loop
      vertex 5.85832 -17.3883 2.69879
      vertex 5.13756 -19.1736 2.075
      vertex 4.74933 -17.7247 2.66855
    endloop
  endfacet
  facet normal -0.352279 0.935895 0
    outer loop
      vertex 7.59627 -18.339 2
      vertex 6.38057 -18.7966 2.10625
      vertex 7.59627 -18.339 2.1375
    endloop
  endfacet
  facet normal -0.352279 0.935895 0
    outer loop
      vertex 6.38057 -18.7966 2.10625
      vertex 7.59627 -18.339 2
      vertex 6.38057 -18.7966 2
    endloop
  endfacet
  facet normal -0.108417 0.353109 -0.929279
    outer loop
      vertex 7.59627 -18.339 2.1375
      vertex 6.98302 -16.9679 2.73004
      vertex 7.02224 -16.9532 2.73105
    endloop
  endfacet
  facet normal -0.108941 0.352885 -0.929303
    outer loop
      vertex 6.98302 -16.9679 2.73004
      vertex 7.59627 -18.339 2.1375
      vertex 6.38057 -18.7966 2.10625
    endloop
  endfacet
  facet normal -0.106704 0.352311 -0.92978
    outer loop
      vertex 6.38057 -18.7966 2.10625
      vertex 5.89841 -17.3762 2.6998
      vertex 6.98302 -16.9679 2.73004
    endloop
  endfacet
  facet normal -0.412718 0.910859 0
    outer loop
      vertex 8.77943 -17.8029 2
      vertex 7.59627 -18.339 2.1375
      vertex 8.77943 -17.8029 2.16875
    endloop
  endfacet
  facet normal -0.412718 0.910859 0
    outer loop
      vertex 7.59627 -18.339 2.1375
      vertex 8.77943 -17.8029 2
      vertex 7.59627 -18.339 2
    endloop
  endfacet
  facet normal -0.131785 0.345019 -0.929298
    outer loop
      vertex 8.77943 -17.8029 2.16875
      vertex 8.07783 -16.4749 2.76129
      vertex 8.116 -16.4576 2.7623
    endloop
  endfacet
  facet normal -0.131786 0.345019 -0.929298
    outer loop
      vertex 8.07783 -16.4749 2.76129
      vertex 8.77943 -17.8029 2.16875
      vertex 7.59627 -18.339 2.1375
    endloop
  endfacet
  facet normal -0.129502 0.344589 -0.929778
    outer loop
      vertex 7.59627 -18.339 2.1375
      vertex 7.02224 -16.9532 2.73105
      vertex 8.07783 -16.4749 2.76129
    endloop
  endfacet
  facet normal -0.471385 0.881928 0
    outer loop
      vertex 9.925 -17.1906 2
      vertex 8.77943 -17.8029 2.16875
      vertex 9.925 -17.1906 2.2
    endloop
  endfacet
  facet normal -0.471385 0.881928 0
    outer loop
      vertex 8.77943 -17.8029 2.16875
      vertex 9.925 -17.1906 2
      vertex 8.77943 -17.8029 2
    endloop
  endfacet
  facet normal -0.153678 0.335886 -0.929281
    outer loop
      vertex 9.925 -17.1906 2.2
      vertex 9.13805 -15.9113 2.79254
      vertex 9.175 -15.8916 2.79355
    endloop
  endfacet
  facet normal -0.154058 0.335661 -0.9293
    outer loop
      vertex 9.13805 -15.9113 2.79254
      vertex 9.925 -17.1906 2.2
      vertex 8.77943 -17.8029 2.16875
    endloop
  endfacet
  facet normal -0.151757 0.335383 -0.929779
    outer loop
      vertex 8.116 -16.4576 2.7623
      vertex 9.13805 -15.9113 2.79254
      vertex 8.77943 -17.8029 2.16875
    endloop
  endfacet
  facet normal -0.528039 0.84922 0
    outer loop
      vertex 11.0281 -16.5047 2
      vertex 9.925 -17.1906 2.2
      vertex 11.0281 -16.5047 2.23125
    endloop
  endfacet
  facet normal -0.528039 0.84922 0
    outer loop
      vertex 9.925 -17.1906 2.2
      vertex 11.0281 -16.5047 2
      vertex 9.925 -17.1906 2
    endloop
  endfacet
  facet normal -0.175415 0.325039 -0.92929
    outer loop
      vertex 11.0281 -16.5047 2.23125
      vertex 10.1591 -15.2796 2.82379
      vertex 10.1947 -15.2575 2.8248
    endloop
  endfacet
  facet normal -0.175671 0.324864 -0.929303
    outer loop
      vertex 10.1591 -15.2796 2.82379
      vertex 11.0281 -16.5047 2.23125
      vertex 9.925 -17.1906 2.2
    endloop
  endfacet
  facet normal -0.17338 0.324738 -0.929777
    outer loop
      vertex 9.175 -15.8916 2.79355
      vertex 10.1591 -15.2796 2.82379
      vertex 9.925 -17.1906 2.2
    endloop
  endfacet
  facet normal -0.58249 0.812838 0
    outer loop
      vertex 12.0839 -15.7481 2
      vertex 11.0281 -16.5047 2.23125
      vertex 12.0839 -15.7481 2.2625
    endloop
  endfacet
  facet normal -0.58249 0.812838 0
    outer loop
      vertex 11.0281 -16.5047 2.23125
      vertex 12.0839 -15.7481 2
      vertex 11.0281 -16.5047 2
    endloop
  endfacet
  facet normal -0.196328 0.312843 -0.929293
    outer loop
      vertex 12.0839 -15.7481 2.2625
      vertex 11.1367 -14.5824 2.85504
      vertex 11.1708 -14.558 2.85605
    endloop
  endfacet
  facet normal -0.196554 0.312665 -0.929304
    outer loop
      vertex 11.1367 -14.5824 2.85504
      vertex 12.0839 -15.7481 2.2625
      vertex 11.0281 -16.5047 2.23125
    endloop
  endfacet
  facet normal -0.194247 0.31269 -0.929781
    outer loop
      vertex 10.1947 -15.2575 2.8248
      vertex 11.1367 -14.5824 2.85504
      vertex 11.0281 -16.5047 2.23125
    endloop
  endfacet
  facet normal -0.634419 0.772989 0
    outer loop
      vertex 13.088 -14.924 2
      vertex 12.0839 -15.7481 2.2625
      vertex 13.088 -14.924 2.29375
    endloop
  endfacet
  facet normal -0.634419 0.772989 0
    outer loop
      vertex 12.0839 -15.7481 2.2625
      vertex 13.088 -14.924 2
      vertex 12.0839 -15.7481 2
    endloop
  endfacet
  facet normal -0.216596 0.299144 -0.929301
    outer loop
      vertex 12.0666 -13.8228 2.88629
      vertex 13.088 -14.924 2.29375
      vertex 12.0839 -15.7481 2.2625
    endloop
  endfacet
  facet normal -0.21608 0.299606 -0.929272
    outer loop
      vertex 13.088 -14.924 2.29375
      vertex 12.0666 -13.8228 2.88629
      vertex 12.099 -13.7963 2.8873
    endloop
  endfacet
  facet normal -0.214271 0.299321 -0.929782
    outer loop
      vertex 12.0666 -13.8228 2.88629
      vertex 12.0839 -15.7481 2.2625
      vertex 11.1708 -14.558 2.85605
    endloop
  endfacet
  facet normal -0.683554 0.7299 0
    outer loop
      vertex 14.0361 -14.0361 2
      vertex 13.088 -14.924 2.29375
      vertex 14.0361 -14.0361 2.325
    endloop
  endfacet
  facet normal -0.683554 0.7299 0
    outer loop
      vertex 13.088 -14.924 2.29375
      vertex 14.0361 -14.0361 2
      vertex 13.088 -14.924 2
    endloop
  endfacet
  facet normal -0.235673 0.284358 -0.9293
    outer loop
      vertex 12.9448 -13.0041 2.91754
      vertex 14.0361 -14.0361 2.325
      vertex 13.088 -14.924 2.29375
    endloop
  endfacet
  facet normal -0.235854 0.284172 -0.929311
    outer loop
      vertex 14.0361 -14.0361 2.325
      vertex 12.9448 -13.0041 2.91754
      vertex 12.9754 -12.9754 2.91855
    endloop
  endfacet
  facet normal -0.233399 0.284682 -0.929775
    outer loop
      vertex 12.099 -13.7963 2.8873
      vertex 12.9448 -13.0041 2.91754
      vertex 13.088 -14.924 2.29375
    endloop
  endfacet
  facet normal -0.7299 0.683554 0
    outer loop
      vertex 14.0361 -14.0361 2.325
      vertex 14.924 -13.088 2
      vertex 14.0361 -14.0361 2
    endloop
  endfacet
  facet normal -0.7299 0.683554 0
    outer loop
      vertex 14.924 -13.088 2
      vertex 14.0361 -14.0361 2.325
      vertex 14.924 -13.088 2.35625
    endloop
  endfacet
  facet normal -0.253799 0.268314 -0.929297
    outer loop
      vertex 13.7676 -12.1296 2.94879
      vertex 14.924 -13.088 2.35625
      vertex 14.0361 -14.0361 2.325
    endloop
  endfacet
  facet normal -0.25361 0.268535 -0.929285
    outer loop
      vertex 14.924 -13.088 2.35625
      vertex 13.7676 -12.1296 2.94879
      vertex 13.7963 -12.099 2.9498
    endloop
  endfacet
  facet normal -0.251493 0.268798 -0.929784
    outer loop
      vertex 13.7676 -12.1296 2.94879
      vertex 14.0361 -14.0361 2.325
      vertex 12.9754 -12.9754 2.91855
    endloop
  endfacet
  facet normal -0.772989 0.634419 0
    outer loop
      vertex 14.924 -13.088 2.35625
      vertex 15.7481 -12.0839 2
      vertex 14.924 -13.088 2
    endloop
  endfacet
  facet normal -0.772989 0.634419 0
    outer loop
      vertex 15.7481 -12.0839 2
      vertex 14.924 -13.088 2.35625
      vertex 15.7481 -12.0839 2.3875
    endloop
  endfacet
  facet normal -0.270788 0.251167 -0.929295
    outer loop
      vertex 14.5315 -11.2032 2.98004
      vertex 15.7481 -12.0839 2.3875
      vertex 14.924 -13.088 2.35625
    endloop
  endfacet
  facet normal -0.271123 0.250721 -0.929318
    outer loop
      vertex 15.7481 -12.0839 2.3875
      vertex 14.5315 -11.2032 2.98004
      vertex 14.558 -11.1708 2.98105
    endloop
  endfacet
  facet normal -0.268551 0.251792 -0.929775
    outer loop
      vertex 14.5315 -11.2032 2.98004
      vertex 14.924 -13.088 2.35625
      vertex 13.7963 -12.099 2.9498
    endloop
  endfacet
  facet normal -0.812838 0.58249 0
    outer loop
      vertex 15.7481 -12.0839 2.3875
      vertex 16.5047 -11.0281 2
      vertex 15.7481 -12.0839 2
    endloop
  endfacet
  facet normal -0.812838 0.58249 0
    outer loop
      vertex 16.5047 -11.0281 2
      vertex 15.7481 -12.0839 2.3875
      vertex 16.5047 -11.0281 2.41875
    endloop
  endfacet
  facet normal -0.286632 0.23291 -0.929298
    outer loop
      vertex 15.2331 -10.2288 3.01129
      vertex 16.5047 -11.0281 2.41875
      vertex 15.7481 -12.0839 2.3875
    endloop
  endfacet
  facet normal -0.28676 0.232714 -0.929308
    outer loop
      vertex 16.5047 -11.0281 2.41875
      vertex 15.2331 -10.2288 3.01129
      vertex 15.2575 -10.1947 3.0123
    endloop
  endfacet
  facet normal -0.284425 0.233685 -0.929782
    outer loop
      vertex 14.558 -11.1708 2.98105
      vertex 15.2331 -10.2288 3.01129
      vertex 15.7481 -12.0839 2.3875
    endloop
  endfacet
  facet normal -0.84922 0.528039 0
    outer loop
      vertex 16.5047 -11.0281 2.41875
      vertex 17.1906 -9.925 2
      vertex 16.5047 -11.0281 2
    endloop
  endfacet
  facet normal -0.84922 0.528039 0
    outer loop
      vertex 17.1906 -9.925 2
      vertex 16.5047 -11.0281 2.41875
      vertex 17.1906 -9.925 2.45
    endloop
  endfacet
  facet normal -0.301254 0.213644 -0.929302
    outer loop
      vertex 15.8694 -9.21058 3.04254
      vertex 17.1906 -9.925 2.45
      vertex 16.5047 -11.0281 2.41875
    endloop
  endfacet
  facet normal -0.300962 0.214163 -0.929277
    outer loop
      vertex 17.1906 -9.925 2.45
      vertex 15.8694 -9.21058 3.04254
      vertex 15.8916 -9.175 3.04355
    endloop
  endfacet
  facet normal -0.299119 0.214555 -0.929782
    outer loop
      vertex 15.8694 -9.21058 3.04254
      vertex 16.5047 -11.0281 2.41875
      vertex 15.2575 -10.1947 3.0123
    endloop
  endfacet
  facet normal -0.881928 0.471385 0
    outer loop
      vertex 17.1906 -9.925 2.45
      vertex 17.8029 -8.77943 2
      vertex 17.1906 -9.925 2
    endloop
  endfacet
  facet normal -0.881928 0.471385 0
    outer loop
      vertex 17.8029 -8.77943 2
      vertex 17.1906 -9.925 2.45
      vertex 17.8029 -8.77943 2.48125
    endloop
  endfacet
  facet normal -0.314594 0.193499 -0.929295
    outer loop
      vertex 16.4379 -8.15295 3.07379
      vertex 17.8029 -8.77943 2.48125
      vertex 17.1906 -9.925 2.45
    endloop
  endfacet
  facet normal -0.314735 0.193204 -0.929308
    outer loop
      vertex 17.8029 -8.77943 2.48125
      vertex 16.4379 -8.15295 3.07379
      vertex 16.4576 -8.116 3.0748
    endloop
  endfacet
  facet normal -0.312513 0.194553 -0.929777
    outer loop
      vertex 16.4379 -8.15295 3.07379
      vertex 17.1906 -9.925 2.45
      vertex 15.8916 -9.175 3.04355
    endloop
  endfacet
  facet normal -0.910859 0.412718 0
    outer loop
      vertex 17.8029 -8.77943 2.48125
      vertex 18.339 -7.59627 2
      vertex 17.8029 -8.77943 2
    endloop
  endfacet
  facet normal -0.910859 0.412718 0
    outer loop
      vertex 18.339 -7.59627 2
      vertex 17.8029 -8.77943 2.48125
      vertex 18.339 -7.59627 2.5125
    endloop
  endfacet
  facet normal -0.326535 0.172587 -0.929295
    outer loop
      vertex 18.339 -7.59627 2.5125
      vertex 16.9359 -7.06041 3.10504
      vertex 16.9532 -7.02224 3.10605
    endloop
  endfacet
  facet normal -0.326565 0.172514 -0.929298
    outer loop
      vertex 16.9359 -7.06041 3.10504
      vertex 18.339 -7.59627 2.5125
      vertex 17.8029 -8.77943 2.48125
    endloop
  endfacet
  facet normal -0.324562 0.173699 -0.929779
    outer loop
      vertex 16.9359 -7.06041 3.10504
      vertex 17.8029 -8.77943 2.48125
      vertex 16.4576 -8.116 3.0748
    endloop
  endfacet
  facet normal -0.935895 0.352279 0
    outer loop
      vertex 18.339 -7.59627 2.5125
      vertex 18.7966 -6.38057 2
      vertex 18.339 -7.59627 2
    endloop
  endfacet
  facet normal -0.935895 0.352279 0
    outer loop
      vertex 18.7966 -6.38057 2
      vertex 18.339 -7.59627 2.5125
      vertex 18.7966 -6.38057 2.54375
    endloop
  endfacet
  facet normal -0.337031 0.151113 -0.929288
    outer loop
      vertex 18.7966 -6.38057 2.54375
      vertex 17.3614 -5.93763 3.13629
      vertex 17.3762 -5.89841 3.1373
    endloop
  endfacet
  facet normal -0.337136 0.150789 -0.929302
    outer loop
      vertex 17.3614 -5.93763 3.13629
      vertex 18.7966 -6.38057 2.54375
      vertex 18.339 -7.59627 2.5125
    endloop
  endfacet
  facet normal -0.335233 0.15209 -0.929778
    outer loop
      vertex 17.3614 -5.93763 3.13629
      vertex 18.339 -7.59627 2.5125
      vertex 16.9532 -7.02224 3.10605
    endloop
  endfacet
  facet normal -0.956954 0.29024 0
    outer loop
      vertex 18.7966 -6.38057 2.54375
      vertex 19.1736 -5.13756 2
      vertex 18.7966 -6.38057 2
    endloop
  endfacet
  facet normal -0.956954 0.29024 0
    outer loop
      vertex 19.1736 -5.13756 2
      vertex 18.7966 -6.38057 2.54375
      vertex 19.1736 -5.13756 2.575
    endloop
  endfacet
  facet normal -0.346302 0.128395 -0.929295
    outer loop
      vertex 17.7126 -4.78943 3.16754
      vertex 19.1736 -5.13756 2.575
      vertex 18.7966 -6.38057 2.54375
    endloop
  endfacet
  facet normal -0.346419 0.127937 -0.929315
    outer loop
      vertex 19.1736 -5.13756 2.575
      vertex 17.7126 -4.78943 3.16754
      vertex 17.7247 -4.74933 3.16855
    endloop
  endfacet
  facet normal -0.344457 0.129842 -0.92978
    outer loop
      vertex 17.7126 -4.78943 3.16754
      vertex 18.7966 -6.38057 2.54375
      vertex 17.3762 -5.89841 3.1373
    endloop
  endfacet
  facet normal -0.97387 0.227105 0
    outer loop
      vertex 19.1736 -5.13756 2.575
      vertex 19.4686 -3.87254 2
      vertex 19.1736 -5.13756 2
    endloop
  endfacet
  facet normal -0.97387 0.227105 0
    outer loop
      vertex 19.4686 -3.87254 2
      vertex 19.1736 -5.13756 2.575
      vertex 19.4686 -3.87254 2.60625
    endloop
  endfacet
  facet normal -0.353941 0.105495 -0.929299
    outer loop
      vertex 17.9879 -3.62071 3.19879
      vertex 19.4686 -3.87254 2.60625
      vertex 19.1736 -5.13756 2.575
    endloop
  endfacet
  facet normal -0.353955 0.105421 -0.929302
    outer loop
      vertex 19.4686 -3.87254 2.60625
      vertex 17.9879 -3.62071 3.19879
      vertex 17.9974 -3.57991 3.1998
    endloop
  endfacet
  facet normal -0.352206 0.107049 -0.92978
    outer loop
      vertex 19.1736 -5.13756 2.575
      vertex 17.7247 -4.74933 3.16855
      vertex 17.9879 -3.62071 3.19879
    endloop
  endfacet
  facet normal -0.986642 0.162901 0
    outer loop
      vertex 19.4686 -3.87254 2.60625
      vertex 19.6802 -2.59094 2
      vertex 19.4686 -3.87254 2
    endloop
  endfacet
  facet normal -0.986642 0.162901 0
    outer loop
      vertex 19.6802 -2.59094 2
      vertex 19.4686 -3.87254 2.60625
      vertex 19.6802 -2.59094 2.6375
    endloop
  endfacet
  facet normal -0.360084 0.0821117 -0.929299
    outer loop
      vertex 18.1862 -2.4365 3.23004
      vertex 19.6802 -2.59094 2.6375
      vertex 19.4686 -3.87254 2.60625
    endloop
  endfacet
  facet normal -0.360105 0.0819379 -0.929307
    outer loop
      vertex 19.6802 -2.59094 2.6375
      vertex 18.1862 -2.4365 3.23004
      vertex 18.193 -2.39516 3.23105
    endloop
  endfacet
  facet normal -0.358453 0.0837779 -0.929781
    outer loop
      vertex 19.4686 -3.87254 2.60625
      vertex 17.9974 -3.57991 3.1998
      vertex 18.1862 -2.4365 3.23004
    endloop
  endfacet
  facet normal -0.995186 0.0980028 0
    outer loop
      vertex 19.6802 -2.59094 2.6375
      vertex 19.8075 -1.29825 2
      vertex 19.6802 -2.59094 2
    endloop
  endfacet
  facet normal -0.995186 0.0980028 0
    outer loop
      vertex 19.8075 -1.29825 2
      vertex 19.6802 -2.59094 2.6375
      vertex 19.8075 -1.29825 2.66875
    endloop
  endfacet
  facet normal -0.364684 0.0583782 -0.929299
    outer loop
      vertex 18.3066 -1.24185 3.26129
      vertex 19.8075 -1.29825 2.66875
      vertex 19.6802 -2.59094 2.6375
    endloop
  endfacet
  facet normal -0.364685 0.0583645 -0.9293
    outer loop
      vertex 19.8075 -1.29825 2.66875
      vertex 18.3066 -1.24185 3.26129
      vertex 18.3107 -1.20015 3.2623
    endloop
  endfacet
  facet normal -0.370675 -0 -0.928763
    outer loop
      vertex 18.193 -2.39515 3.23105
      vertex 19.6802 -2.59094 2.6375
      vertex 18.193 -2.39516 3.23105
    endloop
  endfacet
  facet normal -0.363163 0.0601508 -0.929782
    outer loop
      vertex 19.6802 -2.59094 2.6375
      vertex 18.193 -2.39515 3.23105
      vertex 18.3066 -1.24185 3.26129
    endloop
  endfacet
  facet normal -0.999465 0.0327188 0
    outer loop
      vertex 19.8075 -1.29825 2.66875
      vertex 19.85 0 2
      vertex 19.8075 -1.29825 2
    endloop
  endfacet
  facet normal -0.999465 0.0327188 0
    outer loop
      vertex 19.85 0 2
      vertex 19.8075 -1.29825 2.66875
      vertex 19.85 0 2.7
    endloop
  endfacet
  facet normal -0.367716 0.0344068 -0.929301
    outer loop
      vertex 18.3486 -0.0418793 3.29254
      vertex 19.85 0 2.7
      vertex 19.8075 -1.29825 2.66875
    endloop
  endfacet
  facet normal -0.36772 0.0347042 -0.929289
    outer loop
      vertex 19.85 0 2.7
      vertex 18.3486 -0.0418793 3.29254
      vertex 18.35 0 3.29355
    endloop
  endfacet
  facet normal -0.366324 0.0362612 -0.92978
    outer loop
      vertex 18.3107 -1.20015 3.2623
      vertex 18.3486 -0.0418793 3.29254
      vertex 19.8075 -1.29825 2.66875
    endloop
  endfacet
  facet normal -0.999465 -0.0327188 -0
    outer loop
      vertex 19.85 0 2.7
      vertex 19.8075 1.29825 2
      vertex 19.85 0 2
    endloop
  endfacet
  facet normal -0.999465 -0.0327188 0
    outer loop
      vertex 19.8075 1.29825 2
      vertex 19.85 0 2.7
      vertex 19.8075 1.29825 2.73125
    endloop
  endfacet
  facet normal -0.369189 0.0102831 -0.929297
    outer loop
      vertex 18.3121 1.15827 3.32379
      vertex 19.8075 1.29825 2.73125
      vertex 19.85 0 2.7
    endloop
  endfacet
  facet normal -0.369173 0.0100706 -0.929306
    outer loop
      vertex 19.8075 1.29825 2.73125
      vertex 18.3121 1.15827 3.32379
      vertex 18.3107 1.20015 3.3248
    endloop
  endfacet
  facet normal -0.367914 0.012236 -0.929779
    outer loop
      vertex 19.85 0 2.7
      vertex 18.35 0 3.29355
      vertex 18.3121 1.15827 3.32379
    endloop
  endfacet
  facet normal -0.995186 -0.0980028 -0
    outer loop
      vertex 19.8075 1.29825 2.73125
      vertex 19.6802 2.59094 2
      vertex 19.8075 1.29825 2
    endloop
  endfacet
  facet normal -0.995186 -0.0980028 0
    outer loop
      vertex 19.6802 2.59094 2
      vertex 19.8075 1.29825 2.73125
      vertex 19.6802 2.59094 2.7625
    endloop
  endfacet
  facet normal -0.36906 -0.0138785 -0.929302
    outer loop
      vertex 18.1971 2.35346 3.35504
      vertex 19.6802 2.59094 2.7625
      vertex 19.8075 1.29825 2.73125
    endloop
  endfacet
  facet normal -0.239191 -0 -0.970973
    outer loop
      vertex 18.193 2.39516 3.35605
      vertex 18.1971 2.35346 3.35504
      vertex 18.193 2.39515 3.35605
    endloop
  endfacet
  facet normal -0.369074 -0.0137797 -0.929298
    outer loop
      vertex 18.1971 2.35346 3.35504
      vertex 18.193 2.39516 3.35605
      vertex 19.6802 2.59094 2.7625
    endloop
  endfacet
  facet normal -0.367923 -0.0118611 -0.92978
    outer loop
      vertex 19.8075 1.29825 2.73125
      vertex 18.3107 1.20015 3.3248
      vertex 18.1971 2.35346 3.35504
    endloop
  endfacet
  facet normal -0.986642 -0.162901 -0
    outer loop
      vertex 19.6802 2.59094 2.7625
      vertex 19.4686 3.87254 2
      vertex 19.6802 2.59094 2
    endloop
  endfacet
  facet normal -0.986642 -0.162901 0
    outer loop
      vertex 19.4686 3.87254 2
      vertex 19.6802 2.59094 2.7625
      vertex 19.4686 3.87254 2.79375
    endloop
  endfacet
  facet normal -0.367359 -0.0379934 -0.929303
    outer loop
      vertex 18.0042 3.53856 3.38629
      vertex 19.4686 3.87254 2.79375
      vertex 19.6802 2.59094 2.7625
    endloop
  endfacet
  facet normal -0.367416 -0.0377229 -0.929291
    outer loop
      vertex 18.0042 3.53856 3.38629
      vertex 17.9974 3.57991 3.3873
      vertex 19.4686 3.87254 2.79375
    endloop
  endfacet
  facet normal -0.366355 -0.0359028 -0.929782
    outer loop
      vertex 19.6802 2.59094 2.7625
      vertex 18.193 2.39516 3.35605
      vertex 18.0042 3.53856 3.38629
    endloop
  endfacet
  facet normal -0.97387 -0.227105 -0
    outer loop
      vertex 19.4686 3.87254 2.79375
      vertex 19.1736 5.13756 2
      vertex 19.4686 3.87254 2
    endloop
  endfacet
  facet normal -0.97387 -0.227105 0
    outer loop
      vertex 19.1736 5.13756 2
      vertex 19.4686 3.87254 2.79375
      vertex 19.1736 5.13756 2.825
    endloop
  endfacet
  facet normal -0.36411 -0.0619531 -0.929293
    outer loop
      vertex 17.7343 4.70852 3.41754
      vertex 19.1736 5.13756 2.825
      vertex 19.4686 3.87254 2.79375
    endloop
  endfacet
  facet normal -0.363926 -0.062609 -0.929321
    outer loop
      vertex 17.7247 4.74933 3.41855
      vertex 19.1736 5.13756 2.825
      vertex 17.7343 4.70852 3.41754
    endloop
  endfacet
  facet normal -0.363229 -0.059763 -0.929781
    outer loop
      vertex 19.4686 3.87254 2.79375
      vertex 17.9974 3.57991 3.3873
      vertex 17.7343 4.70852 3.41754
    endloop
  endfacet
  facet normal -0.956954 -0.29024 -0
    outer loop
      vertex 19.1736 5.13756 2.825
      vertex 18.7966 6.38057 2
      vertex 19.1736 5.13756 2
    endloop
  endfacet
  facet normal -0.956954 -0.29024 0
    outer loop
      vertex 18.7966 6.38057 2
      vertex 19.1736 5.13756 2.825
      vertex 18.7966 6.38057 2.85625
    endloop
  endfacet
  facet normal -0.35926 -0.0855988 -0.929304
    outer loop
      vertex 17.3883 5.85832 3.44879
      vertex 18.7966 6.38057 2.85625
      vertex 19.1736 5.13756 2.825
    endloop
  endfacet
  facet normal -0.359444 -0.085076 -0.92928
    outer loop
      vertex 18.7966 6.38057 2.85625
      vertex 17.3883 5.85832 3.44879
      vertex 17.3762 5.89841 3.4498
    endloop
  endfacet
  facet normal -0.358541 -0.0834063 -0.92978
    outer loop
      vertex 19.1736 5.13756 2.825
      vertex 17.7247 4.74933 3.41855
      vertex 17.3883 5.85832 3.44879
    endloop
  endfacet
  facet normal -0.935895 -0.352279 -0
    outer loop
      vertex 18.7966 6.38057 2.85625
      vertex 18.339 7.59627 2
      vertex 18.7966 6.38057 2
    endloop
  endfacet
  facet normal -0.935895 -0.352279 0
    outer loop
      vertex 18.339 7.59627 2
      vertex 18.7966 6.38057 2.85625
      vertex 18.339 7.59627 2.8875
    endloop
  endfacet
  facet normal -0.352885 -0.108941 -0.929303
    outer loop
      vertex 16.9679 6.98302 3.48004
      vertex 18.339 7.59627 2.8875
      vertex 18.7966 6.38057 2.85625
    endloop
  endfacet
  facet normal -0.353109 -0.108417 -0.929279
    outer loop
      vertex 18.339 7.59627 2.8875
      vertex 16.9679 6.98302 3.48004
      vertex 16.9532 7.02224 3.48105
    endloop
  endfacet
  facet normal -0.352311 -0.106704 -0.92978
    outer loop
      vertex 18.7966 6.38057 2.85625
      vertex 17.3762 5.89841 3.4498
      vertex 16.9679 6.98302 3.48004
    endloop
  endfacet
  facet normal -0.910859 -0.412718 -0
    outer loop
      vertex 18.339 7.59627 2.8875
      vertex 17.8029 8.77943 2
      vertex 18.339 7.59627 2
    endloop
  endfacet
  facet normal -0.910859 -0.412718 0
    outer loop
      vertex 17.8029 8.77943 2
      vertex 18.339 7.59627 2.8875
      vertex 17.8029 8.77943 2.91875
    endloop
  endfacet
  facet normal -0.345019 -0.131786 -0.929298
    outer loop
      vertex 16.4749 8.07783 3.51129
      vertex 17.8029 8.77943 2.91875
      vertex 18.339 7.59627 2.8875
    endloop
  endfacet
  facet normal -0.345019 -0.131785 -0.929298
    outer loop
      vertex 17.8029 8.77943 2.91875
      vertex 16.4749 8.07783 3.51129
      vertex 16.4576 8.116 3.5123
    endloop
  endfacet
  facet normal -0.344589 -0.129502 -0.929778
    outer loop
      vertex 18.339 7.59627 2.8875
      vertex 16.9532 7.02224 3.48105
      vertex 16.4749 8.07783 3.51129
    endloop
  endfacet
  facet normal -0.881928 -0.471385 -0
    outer loop
      vertex 17.8029 8.77943 2.91875
      vertex 17.1906 9.925 2
      vertex 17.8029 8.77943 2
    endloop
  endfacet
  facet normal -0.881928 -0.471385 0
    outer loop
      vertex 17.1906 9.925 2
      vertex 17.8029 8.77943 2.91875
      vertex 17.1906 9.925 2.95
    endloop
  endfacet
  facet normal -0.335661 -0.154058 -0.9293
    outer loop
      vertex 15.9113 9.13805 3.54254
      vertex 17.1906 9.925 2.95
      vertex 17.8029 8.77943 2.91875
    endloop
  endfacet
  facet normal -0.335886 -0.153678 -0.929281
    outer loop
      vertex 17.1906 9.925 2.95
      vertex 15.9113 9.13805 3.54254
      vertex 15.8916 9.175 3.54355
    endloop
  endfacet
  facet normal -0.335383 -0.151757 -0.929779
    outer loop
      vertex 17.8029 8.77943 2.91875
      vertex 16.4576 8.116 3.5123
      vertex 15.9113 9.13805 3.54254
    endloop
  endfacet
  facet normal -0.84922 -0.528039 -0
    outer loop
      vertex 17.1906 9.925 2.95
      vertex 16.5047 11.0281 2
      vertex 17.1906 9.925 2
    endloop
  endfacet
  facet normal -0.84922 -0.528039 0
    outer loop
      vertex 16.5047 11.0281 2
      vertex 17.1906 9.925 2.95
      vertex 16.5047 11.0281 2.98125
    endloop
  endfacet
  facet normal -0.324864 -0.175671 -0.929303
    outer loop
      vertex 15.2796 10.1591 3.57379
      vertex 16.5047 11.0281 2.98125
      vertex 17.1906 9.925 2.95
    endloop
  endfacet
  facet normal -0.325039 -0.175415 -0.92929
    outer loop
      vertex 16.5047 11.0281 2.98125
      vertex 15.2796 10.1591 3.57379
      vertex 15.2575 10.1947 3.5748
    endloop
  endfacet
  facet normal -0.324738 -0.17338 -0.929777
    outer loop
      vertex 17.1906 9.925 2.95
      vertex 15.8916 9.175 3.54355
      vertex 15.2796 10.1591 3.57379
    endloop
  endfacet
  facet normal -0.812838 -0.58249 -0
    outer loop
      vertex 16.5047 11.0281 2.98125
      vertex 15.7481 12.0839 2
      vertex 16.5047 11.0281 2
    endloop
  endfacet
  facet normal -0.812838 -0.58249 0
    outer loop
      vertex 15.7481 12.0839 2
      vertex 16.5047 11.0281 2.98125
      vertex 15.7481 12.0839 3.0125
    endloop
  endfacet
  facet normal -0.312665 -0.196554 -0.929304
    outer loop
      vertex 14.5824 11.1367 3.60504
      vertex 15.7481 12.0839 3.0125
      vertex 16.5047 11.0281 2.98125
    endloop
  endfacet
  facet normal -0.312843 -0.196328 -0.929293
    outer loop
      vertex 15.7481 12.0839 3.0125
      vertex 14.5824 11.1367 3.60504
      vertex 14.558 11.1708 3.60605
    endloop
  endfacet
  facet normal -0.31269 -0.194247 -0.929781
    outer loop
      vertex 16.5047 11.0281 2.98125
      vertex 15.2575 10.1947 3.5748
      vertex 14.5824 11.1367 3.60504
    endloop
  endfacet
  facet normal -0.772989 -0.634419 -0
    outer loop
      vertex 15.7481 12.0839 3.0125
      vertex 14.924 13.088 2
      vertex 15.7481 12.0839 2
    endloop
  endfacet
  facet normal -0.772989 -0.634419 0
    outer loop
      vertex 14.924 13.088 2
      vertex 15.7481 12.0839 3.0125
      vertex 14.924 13.088 3.04375
    endloop
  endfacet
  facet normal -0.299144 -0.216596 -0.929301
    outer loop
      vertex 13.8228 12.0666 3.63629
      vertex 14.924 13.088 3.04375
      vertex 15.7481 12.0839 3.0125
    endloop
  endfacet
  facet normal -0.299606 -0.21608 -0.929272
    outer loop
      vertex 14.924 13.088 3.04375
      vertex 13.8228 12.0666 3.63629
      vertex 13.7963 12.099 3.6373
    endloop
  endfacet
  facet normal -0.299321 -0.214271 -0.929782
    outer loop
      vertex 15.7481 12.0839 3.0125
      vertex 14.558 11.1708 3.60605
      vertex 13.8228 12.0666 3.63629
    endloop
  endfacet
  facet normal -0.7299 -0.683554 -0
    outer loop
      vertex 14.924 13.088 3.04375
      vertex 14.0361 14.0361 2
      vertex 14.924 13.088 2
    endloop
  endfacet
  facet normal -0.7299 -0.683554 0
    outer loop
      vertex 14.0361 14.0361 2
      vertex 14.924 13.088 3.04375
      vertex 14.0361 14.0361 3.075
    endloop
  endfacet
  facet normal -0.284358 -0.235673 -0.9293
    outer loop
      vertex 13.0041 12.9448 3.66754
      vertex 14.0361 14.0361 3.075
      vertex 14.924 13.088 3.04375
    endloop
  endfacet
  facet normal -0.284172 -0.235854 -0.929311
    outer loop
      vertex 14.0361 14.0361 3.075
      vertex 13.0041 12.9448 3.66754
      vertex 12.9754 12.9754 3.66855
    endloop
  endfacet
  facet normal -0.284682 -0.233399 -0.929775
    outer loop
      vertex 14.924 13.088 3.04375
      vertex 13.7963 12.099 3.6373
      vertex 13.0041 12.9448 3.66754
    endloop
  endfacet
  facet normal -0.683554 -0.7299 0
    outer loop
      vertex 13.088 14.924 2
      vertex 14.0361 14.0361 3.075
      vertex 13.088 14.924 3.10625
    endloop
  endfacet
  facet normal -0.683554 -0.7299 -0
    outer loop
      vertex 14.0361 14.0361 3.075
      vertex 13.088 14.924 2
      vertex 14.0361 14.0361 2
    endloop
  endfacet
  facet normal -0.268314 -0.253799 -0.929297
    outer loop
      vertex 12.1296 13.7676 3.69879
      vertex 13.088 14.924 3.10625
      vertex 14.0361 14.0361 3.075
    endloop
  endfacet
  facet normal -0.268535 -0.25361 -0.929285
    outer loop
      vertex 13.088 14.924 3.10625
      vertex 12.1296 13.7676 3.69879
      vertex 12.099 13.7963 3.6998
    endloop
  endfacet
  facet normal -0.268798 -0.251493 -0.929784
    outer loop
      vertex 14.0361 14.0361 3.075
      vertex 12.9754 12.9754 3.66855
      vertex 12.1296 13.7676 3.69879
    endloop
  endfacet
  facet normal -0.634419 -0.772989 0
    outer loop
      vertex 12.0839 15.7481 2
      vertex 13.088 14.924 3.10625
      vertex 12.0839 15.7481 3.1375
    endloop
  endfacet
  facet normal -0.634419 -0.772989 -0
    outer loop
      vertex 13.088 14.924 3.10625
      vertex 12.0839 15.7481 2
      vertex 13.088 14.924 2
    endloop
  endfacet
  facet normal -0.251167 -0.270788 -0.929295
    outer loop
      vertex 11.2032 14.5315 3.73004
      vertex 12.0839 15.7481 3.1375
      vertex 13.088 14.924 3.10625
    endloop
  endfacet
  facet normal -0.250721 -0.271123 -0.929318
    outer loop
      vertex 12.0839 15.7481 3.1375
      vertex 11.2032 14.5315 3.73004
      vertex 11.1708 14.558 3.73105
    endloop
  endfacet
  facet normal -0.251792 -0.268551 -0.929775
    outer loop
      vertex 13.088 14.924 3.10625
      vertex 12.099 13.7963 3.6998
      vertex 11.2032 14.5315 3.73004
    endloop
  endfacet
  facet normal -0.58249 -0.812838 0
    outer loop
      vertex 11.0281 16.5047 2
      vertex 12.0839 15.7481 3.1375
      vertex 11.0281 16.5047 3.16875
    endloop
  endfacet
  facet normal -0.58249 -0.812838 -0
    outer loop
      vertex 12.0839 15.7481 3.1375
      vertex 11.0281 16.5047 2
      vertex 12.0839 15.7481 2
    endloop
  endfacet
  facet normal -0.23291 -0.286632 -0.929298
    outer loop
      vertex 10.2288 15.2331 3.76129
      vertex 11.0281 16.5047 3.16875
      vertex 12.0839 15.7481 3.1375
    endloop
  endfacet
  facet normal -0.232714 -0.28676 -0.929308
    outer loop
      vertex 11.0281 16.5047 3.16875
      vertex 10.2288 15.2331 3.76129
      vertex 10.1947 15.2575 3.7623
    endloop
  endfacet
  facet normal -0.233685 -0.284425 -0.929782
    outer loop
      vertex 12.0839 15.7481 3.1375
      vertex 11.1708 14.558 3.73105
      vertex 10.2288 15.2331 3.76129
    endloop
  endfacet
  facet normal -0.528039 -0.84922 0
    outer loop
      vertex 9.925 17.1906 2
      vertex 11.0281 16.5047 3.16875
      vertex 9.925 17.1906 3.2
    endloop
  endfacet
  facet normal -0.528039 -0.84922 -0
    outer loop
      vertex 11.0281 16.5047 3.16875
      vertex 9.925 17.1906 2
      vertex 11.0281 16.5047 2
    endloop
  endfacet
  facet normal -0.213644 -0.301254 -0.929302
    outer loop
      vertex 9.21058 15.8694 3.79254
      vertex 9.925 17.1906 3.2
      vertex 11.0281 16.5047 3.16875
    endloop
  endfacet
  facet normal -0.214163 -0.300962 -0.929277
    outer loop
      vertex 9.925 17.1906 3.2
      vertex 9.21058 15.8694 3.79254
      vertex 9.175 15.8916 3.79355
    endloop
  endfacet
  facet normal -0.214555 -0.299119 -0.929782
    outer loop
      vertex 11.0281 16.5047 3.16875
      vertex 10.1947 15.2575 3.7623
      vertex 9.21058 15.8694 3.79254
    endloop
  endfacet
  facet normal -0.471385 -0.881928 0
    outer loop
      vertex 8.77943 17.8029 2
      vertex 9.925 17.1906 3.2
      vertex 8.77943 17.8029 3.23125
    endloop
  endfacet
  facet normal -0.471385 -0.881928 -0
    outer loop
      vertex 9.925 17.1906 3.2
      vertex 8.77943 17.8029 2
      vertex 9.925 17.1906 2
    endloop
  endfacet
  facet normal -0.193499 -0.314594 -0.929295
    outer loop
      vertex 8.15295 16.4379 3.82379
      vertex 8.77943 17.8029 3.23125
      vertex 9.925 17.1906 3.2
    endloop
  endfacet
  facet normal -0.193204 -0.314735 -0.929308
    outer loop
      vertex 8.77943 17.8029 3.23125
      vertex 8.15295 16.4379 3.82379
      vertex 8.116 16.4576 3.8248
    endloop
  endfacet
  facet normal -0.194553 -0.312513 -0.929777
    outer loop
      vertex 9.925 17.1906 3.2
      vertex 9.175 15.8916 3.79355
      vertex 8.15295 16.4379 3.82379
    endloop
  endfacet
  facet normal -0.412718 -0.910859 0
    outer loop
      vertex 7.59627 18.339 2
      vertex 8.77943 17.8029 3.23125
      vertex 7.59627 18.339 3.2625
    endloop
  endfacet
  facet normal -0.412718 -0.910859 -0
    outer loop
      vertex 8.77943 17.8029 3.23125
      vertex 7.59627 18.339 2
      vertex 8.77943 17.8029 2
    endloop
  endfacet
  facet normal -0.172514 -0.326565 -0.929298
    outer loop
      vertex 7.06041 16.9359 3.85504
      vertex 7.59627 18.339 3.2625
      vertex 8.77943 17.8029 3.23125
    endloop
  endfacet
  facet normal -0.172587 -0.326535 -0.929295
    outer loop
      vertex 7.02224 16.9532 3.85605
      vertex 7.59627 18.339 3.2625
      vertex 7.06041 16.9359 3.85504
    endloop
  endfacet
  facet normal -0.173699 -0.324562 -0.929779
    outer loop
      vertex 8.77943 17.8029 3.23125
      vertex 8.116 16.4576 3.8248
      vertex 7.06041 16.9359 3.85504
    endloop
  endfacet
  facet normal -0.352279 -0.935895 0
    outer loop
      vertex 6.38057 18.7966 2
      vertex 7.59627 18.339 3.2625
      vertex 6.38057 18.7966 3.29375
    endloop
  endfacet
  facet normal -0.352279 -0.935895 -0
    outer loop
      vertex 7.59627 18.339 3.2625
      vertex 6.38057 18.7966 2
      vertex 7.59627 18.339 2
    endloop
  endfacet
  facet normal -0.150789 -0.337136 -0.929302
    outer loop
      vertex 5.93763 17.3614 3.88629
      vertex 6.38057 18.7966 3.29375
      vertex 7.59627 18.339 3.2625
    endloop
  endfacet
  facet normal -0.151113 -0.337031 -0.929288
    outer loop
      vertex 5.89841 17.3762 3.8873
      vertex 6.38057 18.7966 3.29375
      vertex 5.93763 17.3614 3.88629
    endloop
  endfacet
  facet normal -0.15209 -0.335233 -0.929778
    outer loop
      vertex 7.59627 18.339 3.2625
      vertex 7.02224 16.9532 3.85605
      vertex 5.93763 17.3614 3.88629
    endloop
  endfacet
  facet normal -0.29024 -0.956954 0
    outer loop
      vertex 5.13756 19.1736 2
      vertex 6.38057 18.7966 3.29375
      vertex 5.13756 19.1736 3.325
    endloop
  endfacet
  facet normal -0.29024 -0.956954 -0
    outer loop
      vertex 6.38057 18.7966 3.29375
      vertex 5.13756 19.1736 2
      vertex 6.38057 18.7966 2
    endloop
  endfacet
  facet normal -0.128395 -0.346302 -0.929295
    outer loop
      vertex 4.78943 17.7126 3.91754
      vertex 5.13756 19.1736 3.325
      vertex 6.38057 18.7966 3.29375
    endloop
  endfacet
  facet normal -0.127937 -0.346419 -0.929315
    outer loop
      vertex 5.13756 19.1736 3.325
      vertex 4.78943 17.7126 3.91754
      vertex 4.74933 17.7247 3.91855
    endloop
  endfacet
  facet normal -0.129842 -0.344457 -0.92978
    outer loop
      vertex 6.38057 18.7966 3.29375
      vertex 5.89841 17.3762 3.8873
      vertex 4.78943 17.7126 3.91754
    endloop
  endfacet
  facet normal -0.227105 -0.97387 0
    outer loop
      vertex 3.87254 19.4686 2
      vertex 5.13756 19.1736 3.325
      vertex 3.87254 19.4686 3.35625
    endloop
  endfacet
  facet normal -0.227105 -0.97387 -0
    outer loop
      vertex 5.13756 19.1736 3.325
      vertex 3.87254 19.4686 2
      vertex 5.13756 19.1736 2
    endloop
  endfacet
  facet normal -0.105495 -0.353941 -0.929299
    outer loop
      vertex 3.62071 17.9879 3.94879
      vertex 3.87254 19.4686 3.35625
      vertex 5.13756 19.1736 3.325
    endloop
  endfacet
  facet normal -0.105421 -0.353955 -0.929302
    outer loop
      vertex 3.87254 19.4686 3.35625
      vertex 3.62071 17.9879 3.94879
      vertex 3.57991 17.9974 3.9498
    endloop
  endfacet
  facet normal -0.107049 -0.352206 -0.92978
    outer loop
      vertex 5.13756 19.1736 3.325
      vertex 4.74933 17.7247 3.91855
      vertex 3.62071 17.9879 3.94879
    endloop
  endfacet
  facet normal -0.162901 -0.986642 0
    outer loop
      vertex 2.59094 19.6802 2
      vertex 3.87254 19.4686 3.35625
      vertex 2.59094 19.6802 3.3875
    endloop
  endfacet
  facet normal -0.162901 -0.986642 -0
    outer loop
      vertex 3.87254 19.4686 3.35625
      vertex 2.59094 19.6802 2
      vertex 3.87254 19.4686 2
    endloop
  endfacet
  facet normal -0.0821117 -0.360084 -0.929299
    outer loop
      vertex 2.4365 18.1862 3.98004
      vertex 2.59094 19.6802 3.3875
      vertex 3.87254 19.4686 3.35625
    endloop
  endfacet
  facet normal -0.0819379 -0.360105 -0.929307
    outer loop
      vertex 2.59094 19.6802 3.3875
      vertex 2.4365 18.1862 3.98004
      vertex 2.39516 18.193 3.98105
    endloop
  endfacet
  facet normal -0.0837779 -0.358453 -0.929781
    outer loop
      vertex 3.87254 19.4686 3.35625
      vertex 3.57991 17.9974 3.9498
      vertex 2.4365 18.1862 3.98004
    endloop
  endfacet
  facet normal -0.01162 -0.367825 0.929822
    outer loop
      vertex 1.32997 19.7591 2
      vertex 1.29825 19.8075 2.01875
      vertex 1.29515 19.7602 2
    endloop
  endfacet
  facet normal -0.0138932 -0.369106 0.929283
    outer loop
      vertex 1.32997 19.7591 2
      vertex 2.07386 19.7311 2
      vertex 1.29825 19.8075 2.01875
    endloop
  endfacet
  facet normal -0.0980287 -0.995184 0
    outer loop
      vertex 2.07386 19.7311 2
      vertex 1.29825 19.8075 3.41875
      vertex 1.29825 19.8075 2.01875
    endloop
  endfacet
  facet normal -0.0980024 -0.995186 1.4497e-05
    outer loop
      vertex 1.29825 19.8075 3.41875
      vertex 2.07386 19.7311 2
      vertex 2.59094 19.6802 3.3875
    endloop
  endfacet
  facet normal -0.0979639 -0.99519 -0
    outer loop
      vertex 2.59094 19.6802 3.3875
      vertex 2.07386 19.7311 2
      vertex 2.59094 19.6802 2
    endloop
  endfacet
  facet normal -0.0583782 -0.364684 -0.929299
    outer loop
      vertex 1.24185 18.3066 4.01129
      vertex 1.29825 19.8075 3.41875
      vertex 2.59094 19.6802 3.3875
    endloop
  endfacet
  facet normal -0.0583645 -0.364685 -0.9293
    outer loop
      vertex 1.29825 19.8075 3.41875
      vertex 1.24185 18.3066 4.01129
      vertex 1.20015 18.3107 4.0123
    endloop
  endfacet
  facet normal 0 -0.370675 -0.928763
    outer loop
      vertex 2.39515 18.193 3.98105
      vertex 2.59094 19.6802 3.3875
      vertex 2.39516 18.193 3.98105
    endloop
  endfacet
  facet normal -0.0601508 -0.363163 -0.929782
    outer loop
      vertex 2.59094 19.6802 3.3875
      vertex 2.39515 18.193 3.98105
      vertex 1.24185 18.3066 4.01129
    endloop
  endfacet
  facet normal 0.0122814 -0.367809 0.92982
    outer loop
      vertex 0.0928399 19.7267 2
      vertex 0 19.85 2.05
      vertex 0 19.7236 2
    endloop
  endfacet
  facet normal 0.0102834 -0.369071 0.929344
    outer loop
      vertex 1.29825 19.8075 2.01875
      vertex 0.0928399 19.7267 2
      vertex 1.29515 19.7602 2
    endloop
  endfacet
  facet normal 0.0102864 -0.369111 0.929328
    outer loop
      vertex 0.0928399 19.7267 2
      vertex 1.29825 19.8075 2.01875
      vertex 0 19.85 2.05
    endloop
  endfacet
  facet normal -0.0327188 -0.999465 0
    outer loop
      vertex 0 19.85 2.05
      vertex 1.29825 19.8075 3.41875
      vertex 0 19.85 3.45
    endloop
  endfacet
  facet normal -0.0327188 -0.999465 -0
    outer loop
      vertex 1.29825 19.8075 3.41875
      vertex 0 19.85 2.05
      vertex 1.29825 19.8075 2.01875
    endloop
  endfacet
  facet normal -0.0347042 -0.36772 -0.929289
    outer loop
      vertex 0 19.85 3.45
      vertex 0.0418793 18.3486 4.04254
      vertex 0 18.35 4.04355
    endloop
  endfacet
  facet normal -0.0344068 -0.367716 -0.929301
    outer loop
      vertex 0.0418793 18.3486 4.04254
      vertex 0 19.85 3.45
      vertex 1.29825 19.8075 3.41875
    endloop
  endfacet
  facet normal -0.0362612 -0.366324 -0.92978
    outer loop
      vertex 1.29825 19.8075 3.41875
      vertex 1.20015 18.3107 4.0123
      vertex 0.0418793 18.3486 4.04254
    endloop
  endfacet
  facet normal 0.0363359 -0.36631 0.929783
    outer loop
      vertex -1.28482 19.6026 2
      vertex -1.13461 19.6175 2
      vertex -1.29825 19.8075 2.08125
    endloop
  endfacet
  facet normal 0.0343769 -0.367619 0.929341
    outer loop
      vertex 0 19.85 2.05
      vertex -1.13461 19.6175 2
      vertex 0 19.7236 2
    endloop
  endfacet
  facet normal 0.0344077 -0.367757 0.929285
    outer loop
      vertex -1.13461 19.6175 2
      vertex 0 19.85 2.05
      vertex -1.29825 19.8075 2.08125
    endloop
  endfacet
  facet normal 0.0327188 -0.999465 0
    outer loop
      vertex -1.29825 19.8075 2.08125
      vertex 0 19.85 3.45
      vertex -1.29825 19.8075 3.48125
    endloop
  endfacet
  facet normal 0.0327188 -0.999465 0
    outer loop
      vertex 0 19.85 3.45
      vertex -1.29825 19.8075 2.08125
      vertex 0 19.85 2.05
    endloop
  endfacet
  facet normal -0.0100706 -0.369173 -0.929306
    outer loop
      vertex -1.29825 19.8075 3.48125
      vertex -1.15827 18.3121 4.07379
      vertex -1.20015 18.3107 4.0748
    endloop
  endfacet
  facet normal -0.0102831 -0.369189 -0.929297
    outer loop
      vertex -1.15827 18.3121 4.07379
      vertex -1.29825 19.8075 3.48125
      vertex 0 19.85 3.45
    endloop
  endfacet
  facet normal -0.012236 -0.367914 -0.929779
    outer loop
      vertex 0 19.85 3.45
      vertex 0 18.35 4.04355
      vertex -1.15827 18.3121 4.07379
    endloop
  endfacet
  facet normal 0.060231 -0.363129 0.92979
    outer loop
      vertex -2.55383 19.3983 2
      vertex -2.34764 19.4325 2
      vertex -2.59094 19.6802 2.1125
    endloop
  endfacet
  facet normal 0.0583649 -0.364676 0.929304
    outer loop
      vertex -1.29825 19.8075 2.08125
      vertex -2.34764 19.4325 2
      vertex -1.28482 19.6026 2
    endloop
  endfacet
  facet normal 0.0583812 -0.364718 0.929286
    outer loop
      vertex -2.34764 19.4325 2
      vertex -1.29825 19.8075 2.08125
      vertex -2.59094 19.6802 2.1125
    endloop
  endfacet
  facet normal 0.0980028 -0.995186 0
    outer loop
      vertex -2.59094 19.6802 2.1125
      vertex -1.29825 19.8075 3.48125
      vertex -2.59094 19.6802 3.5125
    endloop
  endfacet
  facet normal 0.0980028 -0.995186 0
    outer loop
      vertex -1.29825 19.8075 3.48125
      vertex -2.59094 19.6802 2.1125
      vertex -1.29825 19.8075 2.08125
    endloop
  endfacet
  facet normal 0 -0.239191 -0.970973
    outer loop
      vertex -2.39516 18.193 4.10605
      vertex -2.35346 18.1971 4.10504
      vertex -2.39515 18.193 4.10605
    endloop
  endfacet
  facet normal 0.0137797 -0.369074 -0.929298
    outer loop
      vertex -2.35346 18.1971 4.10504
      vertex -2.39516 18.193 4.10605
      vertex -2.59094 19.6802 3.5125
    endloop
  endfacet
  facet normal 0.0138785 -0.36906 -0.929302
    outer loop
      vertex -2.35346 18.1971 4.10504
      vertex -2.59094 19.6802 3.5125
      vertex -1.29825 19.8075 3.48125
    endloop
  endfacet
  facet normal 0.0118611 -0.367923 -0.92978
    outer loop
      vertex -1.29825 19.8075 3.48125
      vertex -1.20015 18.3107 4.0748
      vertex -2.35346 18.1971 4.10504
    endloop
  endfacet
  facet normal 0.0838034 -0.358452 0.929779
    outer loop
      vertex -3.80167 19.1123 2
      vertex -3.54161 19.1731 2
      vertex -3.87254 19.4686 2.14375
    endloop
  endfacet
  facet normal 0.0820888 -0.360061 0.92931
    outer loop
      vertex -2.59094 19.6802 2.1125
      vertex -3.54161 19.1731 2
      vertex -2.55383 19.3983 2
    endloop
  endfacet
  facet normal 0.0821151 -0.360106 0.929291
    outer loop
      vertex -3.54161 19.1731 2
      vertex -2.59094 19.6802 2.1125
      vertex -3.87254 19.4686 2.14375
    endloop
  endfacet
  facet normal 0.162901 -0.986642 0
    outer loop
      vertex -3.87254 19.4686 2.14375
      vertex -2.59094 19.6802 3.5125
      vertex -3.87254 19.4686 3.54375
    endloop
  endfacet
  facet normal 0.162901 -0.986642 0
    outer loop
      vertex -2.59094 19.6802 3.5125
      vertex -3.87254 19.4686 2.14375
      vertex -2.59094 19.6802 2.1125
    endloop
  endfacet
  facet normal 0.0377229 -0.367416 -0.929291
    outer loop
      vertex -3.53856 18.0042 4.13629
      vertex -3.57991 17.9974 4.1373
      vertex -3.87254 19.4686 3.54375
    endloop
  endfacet
  facet normal 0.0379934 -0.367359 -0.929303
    outer loop
      vertex -3.53856 18.0042 4.13629
      vertex -3.87254 19.4686 3.54375
      vertex -2.59094 19.6802 3.5125
    endloop
  endfacet
  facet normal 0.0359028 -0.366355 -0.929782
    outer loop
      vertex -2.59094 19.6802 3.5125
      vertex -2.39516 18.193 4.10605
      vertex -3.53856 18.0042 4.13629
    endloop
  endfacet
  facet normal 0.107103 -0.352182 0.929783
    outer loop
      vertex -5.02309 18.7464 2
      vertex -4.71202 18.841 2
      vertex -5.13756 19.1736 2.175
    endloop
  endfacet
  facet normal 0.105482 -0.353946 0.929298
    outer loop
      vertex -3.87254 19.4686 2.14375
      vertex -4.71202 18.841 2
      vertex -3.80167 19.1123 2
    endloop
  endfacet
  facet normal 0.105501 -0.35397 0.929287
    outer loop
      vertex -4.71202 18.841 2
      vertex -3.87254 19.4686 2.14375
      vertex -5.13756 19.1736 2.175
    endloop
  endfacet
  facet normal 0.227105 -0.97387 0
    outer loop
      vertex -5.13756 19.1736 2.175
      vertex -3.87254 19.4686 3.54375
      vertex -5.13756 19.1736 3.575
    endloop
  endfacet
  facet normal 0.227105 -0.97387 0
    outer loop
      vertex -3.87254 19.4686 3.54375
      vertex -5.13756 19.1736 2.175
      vertex -3.87254 19.4686 2.14375
    endloop
  endfacet
  facet normal 0.062609 -0.363926 -0.929321
    outer loop
      vertex -5.13756 19.1736 3.575
      vertex -4.70852 17.7343 4.16754
      vertex -4.74933 17.7247 4.16855
    endloop
  endfacet
  facet normal 0.0619531 -0.36411 -0.929293
    outer loop
      vertex -4.70852 17.7343 4.16754
      vertex -5.13756 19.1736 3.575
      vertex -3.87254 19.4686 3.54375
    endloop
  endfacet
  facet normal 0.059763 -0.363229 -0.929781
    outer loop
      vertex -3.87254 19.4686 3.54375
      vertex -3.57991 17.9974 4.1373
      vertex -4.70852 17.7343 4.16754
    endloop
  endfacet
  facet normal 0.129875 -0.344427 0.929786
    outer loop
      vertex -6.21303 18.303 2
      vertex -5.85448 18.4382 2
      vertex -6.38057 18.7966 2.20625
    endloop
  endfacet
  facet normal 0.12837 -0.346287 0.929304
    outer loop
      vertex -5.13756 19.1736 2.175
      vertex -5.85448 18.4382 2
      vertex -5.02309 18.7464 2
    endloop
  endfacet
  facet normal 0.128398 -0.346311 0.929292
    outer loop
      vertex -5.85448 18.4382 2
      vertex -5.13756 19.1736 2.175
      vertex -6.38057 18.7966 2.20625
    endloop
  endfacet
  facet normal 0.29024 -0.956954 0
    outer loop
      vertex -6.38057 18.7966 2.20625
      vertex -5.13756 19.1736 3.575
      vertex -6.38057 18.7966 3.60625
    endloop
  endfacet
  facet normal 0.29024 -0.956954 0
    outer loop
      vertex -5.13756 19.1736 3.575
      vertex -6.38057 18.7966 2.20625
      vertex -5.13756 19.1736 2.175
    endloop
  endfacet
  facet normal 0.085076 -0.359444 -0.92928
    outer loop
      vertex -6.38057 18.7966 3.60625
      vertex -5.85832 17.3883 4.19879
      vertex -5.89841 17.3762 4.1998
    endloop
  endfacet
  facet normal 0.0855988 -0.35926 -0.929304
    outer loop
      vertex -5.85832 17.3883 4.19879
      vertex -6.38057 18.7966 3.60625
      vertex -5.13756 19.1736 3.575
    endloop
  endfacet
  facet normal 0.0834063 -0.358541 -0.92978
    outer loop
      vertex -5.13756 19.1736 3.575
      vertex -4.74933 17.7247 4.16855
      vertex -5.85832 17.3883 4.19879
    endloop
  endfacet
  facet normal 0.152092 -0.335236 0.929777
    outer loop
      vertex -7.36658 17.7845 2
      vertex -6.96476 17.9668 2
      vertex -7.59627 18.339 2.2375
    endloop
  endfacet
  facet normal 0.150777 -0.337131 0.929305
    outer loop
      vertex -6.38057 18.7966 2.20625
      vertex -6.96476 17.9668 2
      vertex -6.21303 18.303 2
    endloop
  endfacet
  facet normal 0.15079 -0.337139 0.9293
    outer loop
      vertex -6.96476 17.9668 2
      vertex -6.38057 18.7966 2.20625
      vertex -7.59627 18.339 2.2375
    endloop
  endfacet
  facet normal 0.352279 -0.935895 0
    outer loop
      vertex -7.59627 18.339 2.2375
      vertex -6.38057 18.7966 3.60625
      vertex -7.59627 18.339 3.6375
    endloop
  endfacet
  facet normal 0.352279 -0.935895 0
    outer loop
      vertex -6.38057 18.7966 3.60625
      vertex -7.59627 18.339 2.2375
      vertex -6.38057 18.7966 2.20625
    endloop
  endfacet
  facet normal 0.108417 -0.353109 -0.929279
    outer loop
      vertex -7.59627 18.339 3.6375
      vertex -6.98302 16.9679 4.23004
      vertex -7.02224 16.9532 4.23105
    endloop
  endfacet
  facet normal 0.108941 -0.352885 -0.929303
    outer loop
      vertex -6.98302 16.9679 4.23004
      vertex -7.59627 18.339 3.6375
      vertex -6.38057 18.7966 3.60625
    endloop
  endfacet
  facet normal 0.106704 -0.352311 -0.92978
    outer loop
      vertex -6.38057 18.7966 3.60625
      vertex -5.89841 17.3762 4.1998
      vertex -6.98302 16.9679 4.23004
    endloop
  endfacet
  facet normal 0.173707 -0.324572 0.929774
    outer loop
      vertex -8.47904 17.1938 2
      vertex -8.03882 17.4294 2
      vertex -8.77943 17.8029 2.26875
    endloop
  endfacet
  facet normal 0.172507 -0.326573 0.929296
    outer loop
      vertex -7.59627 18.339 2.2375
      vertex -8.03882 17.4294 2
      vertex -7.36658 17.7845 2
    endloop
  endfacet
  facet normal 0.17252 -0.326578 0.929292
    outer loop
      vertex -8.03882 17.4294 2
      vertex -7.59627 18.339 2.2375
      vertex -8.77943 17.8029 2.26875
    endloop
  endfacet
  facet normal 0.412718 -0.910859 0
    outer loop
      vertex -8.77943 17.8029 2.26875
      vertex -7.59627 18.339 3.6375
      vertex -8.77943 17.8029 3.66875
    endloop
  endfacet
  facet normal 0.412718 -0.910859 0
    outer loop
      vertex -7.59627 18.339 3.6375
      vertex -8.77943 17.8029 2.26875
      vertex -7.59627 18.339 2.2375
    endloop
  endfacet
  facet normal 0.131785 -0.345019 -0.929298
    outer loop
      vertex -8.77943 17.8029 3.66875
      vertex -8.07783 16.4749 4.26129
      vertex -8.116 16.4576 4.2623
    endloop
  endfacet
  facet normal 0.131786 -0.345019 -0.929298
    outer loop
      vertex -8.07783 16.4749 4.26129
      vertex -8.77943 17.8029 3.66875
      vertex -7.59627 18.339 3.6375
    endloop
  endfacet
  facet normal 0.129502 -0.344589 -0.929778
    outer loop
      vertex -7.59627 18.339 3.6375
      vertex -7.02224 16.9532 4.23105
      vertex -8.07783 16.4749 4.26129
    endloop
  endfacet
  facet normal 0.194566 -0.312487 0.929783
    outer loop
      vertex -9.54592 16.534 2
      vertex -9.07277 16.8286 2
      vertex -9.925 17.1906 2.3
    endloop
  endfacet
  facet normal 0.193506 -0.314596 0.929293
    outer loop
      vertex -8.77943 17.8029 2.26875
      vertex -9.07277 16.8286 2
      vertex -8.47904 17.1938 2
    endloop
  endfacet
  facet normal 0.193499 -0.314594 0.929295
    outer loop
      vertex -9.07277 16.8286 2
      vertex -8.77943 17.8029 2.26875
      vertex -9.925 17.1906 2.3
    endloop
  endfacet
  facet normal 0.471385 -0.881928 0
    outer loop
      vertex -9.925 17.1906 2.3
      vertex -8.77943 17.8029 3.66875
      vertex -9.925 17.1906 3.7
    endloop
  endfacet
  facet normal 0.471385 -0.881928 0
    outer loop
      vertex -8.77943 17.8029 3.66875
      vertex -9.925 17.1906 2.3
      vertex -8.77943 17.8029 2.26875
    endloop
  endfacet
  facet normal 0.153678 -0.335886 -0.929281
    outer loop
      vertex -9.925 17.1906 3.7
      vertex -9.13805 15.9113 4.29254
      vertex -9.175 15.8916 4.29355
    endloop
  endfacet
  facet normal 0.154058 -0.335661 -0.9293
    outer loop
      vertex -9.13805 15.9113 4.29254
      vertex -9.925 17.1906 3.7
      vertex -8.77943 17.8029 3.66875
    endloop
  endfacet
  facet normal 0.151757 -0.335383 -0.929779
    outer loop
      vertex -8.77943 17.8029 3.66875
      vertex -8.116 16.4576 4.2623
      vertex -9.13805 15.9113 4.29254
    endloop
  endfacet
  facet normal 0.214539 -0.29911 0.929788
    outer loop
      vertex -10.563 15.8086 2
      vertex -10.0629 16.1673 2
      vertex -11.0281 16.5047 2.33125
    endloop
  endfacet
  facet normal 0.213671 -0.301237 0.929301
    outer loop
      vertex -9.925 17.1906 2.3
      vertex -10.0629 16.1673 2
      vertex -9.54592 16.534 2
    endloop
  endfacet
  facet normal 0.213632 -0.301234 0.929311
    outer loop
      vertex -10.0629 16.1673 2
      vertex -9.925 17.1906 2.3
      vertex -11.0281 16.5047 2.33125
    endloop
  endfacet
  facet normal 0.528039 -0.84922 0
    outer loop
      vertex -11.0281 16.5047 2.33125
      vertex -9.925 17.1906 3.7
      vertex -11.0281 16.5047 3.73125
    endloop
  endfacet
  facet normal 0.528039 -0.84922 0
    outer loop
      vertex -9.925 17.1906 3.7
      vertex -11.0281 16.5047 2.33125
      vertex -9.925 17.1906 2.3
    endloop
  endfacet
  facet normal 0.175415 -0.325039 -0.92929
    outer loop
      vertex -11.0281 16.5047 3.73125
      vertex -10.1591 15.2796 4.32379
      vertex -10.1947 15.2575 4.3248
    endloop
  endfacet
  facet normal 0.175671 -0.324864 -0.929303
    outer loop
      vertex -10.1591 15.2796 4.32379
      vertex -11.0281 16.5047 3.73125
      vertex -9.925 17.1906 3.7
    endloop
  endfacet
  facet normal 0.17338 -0.324738 -0.929777
    outer loop
      vertex -9.925 17.1906 3.7
      vertex -9.175 15.8916 4.29355
      vertex -10.1591 15.2796 4.32379
    endloop
  endfacet
  facet normal 0.233664 -0.284441 0.929782
    outer loop
      vertex -11.5262 15.0213 2
      vertex -11.0058 15.4488 2
      vertex -12.0839 15.7481 2.3625
    endloop
  endfacet
  facet normal 0.232893 -0.286617 0.929307
    outer loop
      vertex -11.0281 16.5047 2.33125
      vertex -11.0058 15.4488 2
      vertex -10.563 15.8086 2
    endloop
  endfacet
  facet normal 0.232899 -0.286617 0.929305
    outer loop
      vertex -11.0058 15.4488 2
      vertex -11.0281 16.5047 2.33125
      vertex -12.0839 15.7481 2.3625
    endloop
  endfacet
  facet normal 0.58249 -0.812838 0
    outer loop
      vertex -12.0839 15.7481 2.3625
      vertex -11.0281 16.5047 3.73125
      vertex -12.0839 15.7481 3.7625
    endloop
  endfacet
  facet normal 0.58249 -0.812838 0
    outer loop
      vertex -11.0281 16.5047 3.73125
      vertex -12.0839 15.7481 2.3625
      vertex -11.0281 16.5047 2.33125
    endloop
  endfacet
  facet normal 0.196328 -0.312843 -0.929293
    outer loop
      vertex -12.0839 15.7481 3.7625
      vertex -11.1367 14.5824 4.35504
      vertex -11.1708 14.558 4.35605
    endloop
  endfacet
  facet normal 0.196554 -0.312665 -0.929304
    outer loop
      vertex -11.1367 14.5824 4.35504
      vertex -12.0839 15.7481 3.7625
      vertex -11.0281 16.5047 3.73125
    endloop
  endfacet
  facet normal 0.194247 -0.31269 -0.929781
    outer loop
      vertex -11.0281 16.5047 3.73125
      vertex -10.1947 15.2575 4.3248
      vertex -11.1367 14.5824 4.35504
    endloop
  endfacet
  facet normal 0.251789 -0.268548 0.929776
    outer loop
      vertex -12.4319 14.1759 2
      vertex -11.8983 14.6762 2
      vertex -13.088 14.924 2.39375
    endloop
  endfacet
  facet normal 0.251141 -0.27079 0.929301
    outer loop
      vertex -12.0839 15.7481 2.3625
      vertex -11.8983 14.6762 2
      vertex -11.5262 15.0213 2
    endloop
  endfacet
  facet normal 0.251164 -0.270785 0.929297
    outer loop
      vertex -11.8983 14.6762 2
      vertex -12.0839 15.7481 2.3625
      vertex -13.088 14.924 2.39375
    endloop
  endfacet
  facet normal 0.634419 -0.772989 0
    outer loop
      vertex -13.088 14.924 2.39375
      vertex -12.0839 15.7481 3.7625
      vertex -13.088 14.924 3.79375
    endloop
  endfacet
  facet normal 0.634419 -0.772989 0
    outer loop
      vertex -12.0839 15.7481 3.7625
      vertex -13.088 14.924 2.39375
      vertex -12.0839 15.7481 2.3625
    endloop
  endfacet
  facet normal 0.21608 -0.299606 -0.929272
    outer loop
      vertex -13.088 14.924 3.79375
      vertex -12.0666 13.8228 4.38629
      vertex -12.099 13.7963 4.3873
    endloop
  endfacet
  facet normal 0.216596 -0.299144 -0.929301
    outer loop
      vertex -12.0666 13.8228 4.38629
      vertex -13.088 14.924 3.79375
      vertex -12.0839 15.7481 3.7625
    endloop
  endfacet
  facet normal 0.214271 -0.299321 -0.929782
    outer loop
      vertex -11.1708 14.558 4.35605
      vertex -12.0666 13.8228 4.38629
      vertex -12.0839 15.7481 3.7625
    endloop
  endfacet
  facet normal 0.268791 -0.251497 0.929785
    outer loop
      vertex -13.2766 13.2766 2
      vertex -12.7371 13.8532 2
      vertex -14.0361 14.0361 2.425
    endloop
  endfacet
  facet normal 0.268335 -0.253783 0.929296
    outer loop
      vertex -13.088 14.924 2.39375
      vertex -12.7371 13.8532 2
      vertex -12.4319 14.1759 2
    endloop
  endfacet
  facet normal 0.268309 -0.253794 0.9293
    outer loop
      vertex -12.7371 13.8532 2
      vertex -13.088 14.924 2.39375
      vertex -14.0361 14.0361 2.425
    endloop
  endfacet
  facet normal 0.683554 -0.7299 0
    outer loop
      vertex -14.0361 14.0361 2.425
      vertex -13.088 14.924 3.79375
      vertex -14.0361 14.0361 3.825
    endloop
  endfacet
  facet normal 0.683554 -0.7299 0
    outer loop
      vertex -13.088 14.924 3.79375
      vertex -14.0361 14.0361 2.425
      vertex -13.088 14.924 2.39375
    endloop
  endfacet
  facet normal 0.235854 -0.284172 -0.929311
    outer loop
      vertex -14.0361 14.0361 3.825
      vertex -12.9448 13.0041 4.41754
      vertex -12.9754 12.9754 4.41855
    endloop
  endfacet
  facet normal 0.235673 -0.284358 -0.9293
    outer loop
      vertex -12.9448 13.0041 4.41754
      vertex -14.0361 14.0361 3.825
      vertex -13.088 14.924 3.79375
    endloop
  endfacet
  facet normal 0.233399 -0.284682 -0.929775
    outer loop
      vertex -12.099 13.7963 4.3873
      vertex -12.9448 13.0041 4.41754
      vertex -13.088 14.924 3.79375
    endloop
  endfacet
  facet normal 0.284679 -0.233389 0.929778
    outer loop
      vertex -14.0571 12.3278 2
      vertex -13.5197 12.9833 2
      vertex -14.924 13.088 2.45625
    endloop
  endfacet
  facet normal 0.284343 -0.235676 0.929304
    outer loop
      vertex -14.0361 14.0361 2.425
      vertex -13.5197 12.9833 2
      vertex -13.2766 13.2766 2
    endloop
  endfacet
  facet normal 0.284355 -0.235669 0.929302
    outer loop
      vertex -13.5197 12.9833 2
      vertex -14.0361 14.0361 2.425
      vertex -14.924 13.088 2.45625
    endloop
  endfacet
  facet normal 0.7299 -0.683554 0
    outer loop
      vertex -14.924 13.088 2.45625
      vertex -14.0361 14.0361 3.825
      vertex -14.924 13.088 3.85625
    endloop
  endfacet
  facet normal 0.7299 -0.683554 0
    outer loop
      vertex -14.0361 14.0361 3.825
      vertex -14.924 13.088 2.45625
      vertex -14.0361 14.0361 2.425
    endloop
  endfacet
  facet normal 0.25361 -0.268535 -0.929285
    outer loop
      vertex -14.924 13.088 3.85625
      vertex -13.7676 12.1296 4.44879
      vertex -13.7963 12.099 4.4498
    endloop
  endfacet
  facet normal 0.253799 -0.268314 -0.929297
    outer loop
      vertex -13.7676 12.1296 4.44879
      vertex -14.924 13.088 3.85625
      vertex -14.0361 14.0361 3.825
    endloop
  endfacet
  facet normal 0.251493 -0.268798 -0.929784
    outer loop
      vertex -12.9754 12.9754 4.41855
      vertex -13.7676 12.1296 4.44879
      vertex -14.0361 14.0361 3.825
    endloop
  endfacet
  facet normal 0.299332 -0.214267 0.929779
    outer loop
      vertex -14.7707 11.3339 2
      vertex -14.2435 12.0704 2
      vertex -15.7481 12.0839 2.4875
    endloop
  endfacet
  facet normal 0.299132 -0.216621 0.929298
    outer loop
      vertex -14.924 13.088 2.45625
      vertex -14.2435 12.0704 2
      vertex -14.0571 12.3278 2
    endloop
  endfacet
  facet normal 0.299154 -0.216604 0.929295
    outer loop
      vertex -14.2435 12.0704 2
      vertex -14.924 13.088 2.45625
      vertex -15.7481 12.0839 2.4875
    endloop
  endfacet
  facet normal 0.772989 -0.634419 0
    outer loop
      vertex -15.7481 12.0839 2.4875
      vertex -14.924 13.088 3.85625
      vertex -15.7481 12.0839 3.8875
    endloop
  endfacet
  facet normal 0.772989 -0.634419 0
    outer loop
      vertex -14.924 13.088 3.85625
      vertex -15.7481 12.0839 2.4875
      vertex -14.924 13.088 2.45625
    endloop
  endfacet
  facet normal 0.271123 -0.250721 -0.929318
    outer loop
      vertex -15.7481 12.0839 3.8875
      vertex -14.5315 11.2032 4.48004
      vertex -14.558 11.1708 4.48105
    endloop
  endfacet
  facet normal 0.270788 -0.251167 -0.929295
    outer loop
      vertex -14.5315 11.2032 4.48004
      vertex -15.7481 12.0839 3.8875
      vertex -14.924 13.088 3.85625
    endloop
  endfacet
  facet normal 0.268551 -0.251792 -0.929775
    outer loop
      vertex -13.7963 12.099 4.4498
      vertex -14.5315 11.2032 4.48004
      vertex -14.924 13.088 3.85625
    endloop
  endfacet
  facet normal 0.312689 -0.194213 0.929788
    outer loop
      vertex -15.4146 10.2997 2
      vertex -14.9061 11.1184 2
      vertex -16.5047 11.0281 2.51875
    endloop
  endfacet
  facet normal 0.312731 -0.196491 0.929296
    outer loop
      vertex -15.7481 12.0839 2.4875
      vertex -14.9061 11.1184 2
      vertex -14.7707 11.3339 2
    endloop
  endfacet
  facet normal 0.312665 -0.196554 0.929305
    outer loop
      vertex -14.9061 11.1184 2
      vertex -15.7481 12.0839 2.4875
      vertex -16.5047 11.0281 2.51875
    endloop
  endfacet
  facet normal 0.812838 -0.58249 0
    outer loop
      vertex -16.5047 11.0281 2.51875
      vertex -15.7481 12.0839 3.8875
      vertex -16.5047 11.0281 3.91875
    endloop
  endfacet
  facet normal 0.812838 -0.58249 0
    outer loop
      vertex -15.7481 12.0839 3.8875
      vertex -16.5047 11.0281 2.51875
      vertex -15.7481 12.0839 2.4875
    endloop
  endfacet
  facet normal 0.28676 -0.232714 -0.929308
    outer loop
      vertex -16.5047 11.0281 3.91875
      vertex -15.2331 10.2288 4.51129
      vertex -15.2575 10.1947 4.5123
    endloop
  endfacet
  facet normal 0.286632 -0.23291 -0.929298
    outer loop
      vertex -15.2331 10.2288 4.51129
      vertex -16.5047 11.0281 3.91875
      vertex -15.7481 12.0839 3.8875
    endloop
  endfacet
  facet normal 0.284425 -0.233685 -0.929782
    outer loop
      vertex -14.558 11.1708 4.48105
      vertex -15.2331 10.2288 4.51129
      vertex -15.7481 12.0839 3.8875
    endloop
  endfacet
  facet normal 0.324743 -0.173366 0.929777
    outer loop
      vertex -15.9869 9.23003 2
      vertex -15.5057 10.1314 2
      vertex -17.1906 9.925 2.55
    endloop
  endfacet
  facet normal 0.324769 -0.175796 0.929312
    outer loop
      vertex -16.5047 11.0281 2.51875
      vertex -15.5057 10.1314 2
      vertex -15.4146 10.2997 2
    endloop
  endfacet
  facet normal 0.32487 -0.175676 0.929299
    outer loop
      vertex -15.5057 10.1314 2
      vertex -16.5047 11.0281 2.51875
      vertex -17.1906 9.925 2.55
    endloop
  endfacet
  facet normal 0.84922 -0.528039 0
    outer loop
      vertex -17.1906 9.925 2.55
      vertex -16.5047 11.0281 3.91875
      vertex -17.1906 9.925 3.95
    endloop
  endfacet
  facet normal 0.84922 -0.528039 0
    outer loop
      vertex -16.5047 11.0281 3.91875
      vertex -17.1906 9.925 2.55
      vertex -16.5047 11.0281 2.51875
    endloop
  endfacet
  facet normal 0.300962 -0.214163 -0.929277
    outer loop
      vertex -17.1906 9.925 3.95
      vertex -15.8694 9.21058 4.54254
      vertex -15.8916 9.175 4.54355
    endloop
  endfacet
  facet normal 0.301254 -0.213644 -0.929302
    outer loop
      vertex -15.8694 9.21058 4.54254
      vertex -17.1906 9.925 3.95
      vertex -16.5047 11.0281 3.91875
    endloop
  endfacet
  facet normal 0.299119 -0.214555 -0.929782
    outer loop
      vertex -15.2575 10.1947 4.5123
      vertex -15.8694 9.21058 4.54254
      vertex -16.5047 11.0281 3.91875
    endloop
  endfacet
  facet normal 0.335383 -0.151764 0.929777
    outer loop
      vertex -16.4855 8.12974 2
      vertex -16.0403 9.11359 2
      vertex -17.8029 8.77943 2.58125
    endloop
  endfacet
  facet normal 0.335723 -0.153965 0.929293
    outer loop
      vertex -17.1906 9.925 2.55
      vertex -16.0403 9.11359 2
      vertex -15.9869 9.23003 2
    endloop
  endfacet
  facet normal 0.335661 -0.154058 0.9293
    outer loop
      vertex -16.0403 9.11359 2
      vertex -17.1906 9.925 2.55
      vertex -17.8029 8.77943 2.58125
    endloop
  endfacet
  facet normal 0.881928 -0.471385 0
    outer loop
      vertex -17.8029 8.77943 2.58125
      vertex -17.1906 9.925 3.95
      vertex -17.8029 8.77943 3.98125
    endloop
  endfacet
  facet normal 0.881928 -0.471385 0
    outer loop
      vertex -17.1906 9.925 3.95
      vertex -17.8029 8.77943 2.58125
      vertex -17.1906 9.925 2.55
    endloop
  endfacet
  facet normal 0.314735 -0.193204 -0.929308
    outer loop
      vertex -17.8029 8.77943 3.98125
      vertex -16.4379 8.15295 4.57379
      vertex -16.4576 8.116 4.5748
    endloop
  endfacet
  facet normal 0.314594 -0.193499 -0.929295
    outer loop
      vertex -16.4379 8.15295 4.57379
      vertex -17.8029 8.77943 3.98125
      vertex -17.1906 9.925 3.95
    endloop
  endfacet
  facet normal 0.312513 -0.194553 -0.929777
    outer loop
      vertex -15.8916 9.175 4.54355
      vertex -16.4379 8.15295 4.57379
      vertex -17.1906 9.925 3.95
    endloop
  endfacet
  facet normal 0.344597 -0.129579 0.929764
    outer loop
      vertex -18.339 7.59627 2.6125
      vertex -16.6535 7.68377 2
      vertex -16.5086 8.06911 2
    endloop
  endfacet
  facet normal 0.344597 -0.129482 0.929778
    outer loop
      vertex -16.6535 7.68377 2
      vertex -18.339 7.59627 2.6125
      vertex -16.9532 7.02224 2.01895
    endloop
  endfacet
  facet normal 0.345157 -0.131505 0.929286
    outer loop
      vertex -17.8029 8.77943 2.58125
      vertex -16.5086 8.06911 2
      vertex -16.4855 8.12974 2
    endloop
  endfacet
  facet normal 0.345011 -0.131783 0.929301
    outer loop
      vertex -16.5086 8.06911 2
      vertex -17.8029 8.77943 2.58125
      vertex -18.339 7.59627 2.6125
    endloop
  endfacet
  facet normal 0.910859 -0.412718 0
    outer loop
      vertex -18.339 7.59627 2.6125
      vertex -17.8029 8.77943 3.98125
      vertex -18.339 7.59627 4.0125
    endloop
  endfacet
  facet normal 0.910859 -0.412718 0
    outer loop
      vertex -17.8029 8.77943 3.98125
      vertex -18.339 7.59627 2.6125
      vertex -17.8029 8.77943 2.58125
    endloop
  endfacet
  facet normal 0.326566 -0.172515 -0.929297
    outer loop
      vertex -16.9532 7.02224 4.60605
      vertex -18.339 7.59627 4.0125
      vertex -17.8029 8.77943 3.98125
    endloop
  endfacet
  facet normal 0.326481 -0.172563 -0.929318
    outer loop
      vertex -16.9359 7.06041 4.60504
      vertex -16.9532 7.02224 4.60605
      vertex -17.8029 8.77943 3.98125
    endloop
  endfacet
  facet normal 0.324562 -0.173699 -0.929779
    outer loop
      vertex -16.4576 8.116 4.5748
      vertex -16.9359 7.06041 4.60504
      vertex -17.8029 8.77943 3.98125
    endloop
  endfacet
  facet normal 0.352311 -0.106704 0.92978
    outer loop
      vertex -18.7966 6.38057 2.64375
      vertex -17.3762 5.89841 2.0502
      vertex -16.9679 6.98302 2.01996
    endloop
  endfacet
  facet normal 0.353109 -0.108417 0.929279
    outer loop
      vertex -18.339 7.59627 2.6125
      vertex -16.9679 6.98302 2.01996
      vertex -16.9532 7.02224 2.01895
    endloop
  endfacet
  facet normal 0.352885 -0.108941 0.929303
    outer loop
      vertex -16.9679 6.98302 2.01996
      vertex -18.339 7.59627 2.6125
      vertex -18.7966 6.38057 2.64375
    endloop
  endfacet
  facet normal 0.935895 -0.352279 0
    outer loop
      vertex -18.7966 6.38057 2.64375
      vertex -18.339 7.59627 4.0125
      vertex -18.7966 6.38057 4.04375
    endloop
  endfacet
  facet normal 0.935895 -0.352279 0
    outer loop
      vertex -18.339 7.59627 4.0125
      vertex -18.7966 6.38057 2.64375
      vertex -18.339 7.59627 2.6125
    endloop
  endfacet
  facet normal 0.337144 -0.150792 -0.929299
    outer loop
      vertex -17.3762 5.89841 4.6373
      vertex -18.7966 6.38057 4.04375
      vertex -18.339 7.59627 4.0125
    endloop
  endfacet
  facet normal 0.336791 -0.151025 -0.929389
    outer loop
      vertex -17.3614 5.93763 4.63629
      vertex -17.3762 5.89841 4.6373
      vertex -18.339 7.59627 4.0125
    endloop
  endfacet
  facet normal 0.335233 -0.15209 -0.929778
    outer loop
      vertex -16.9532 7.02224 4.60605
      vertex -17.3614 5.93763 4.63629
      vertex -18.339 7.59627 4.0125
    endloop
  endfacet
  facet normal 0.358541 -0.0834063 0.92978
    outer loop
      vertex -17.7247 4.74933 2.08145
      vertex -17.3883 5.85832 2.05121
      vertex -19.1736 5.13756 2.675
    endloop
  endfacet
  facet normal 0.359444 -0.085076 0.92928
    outer loop
      vertex -18.7966 6.38057 2.64375
      vertex -17.3883 5.85832 2.05121
      vertex -17.3762 5.89841 2.0502
    endloop
  endfacet
  facet normal 0.35926 -0.0855988 0.929304
    outer loop
      vertex -17.3883 5.85832 2.05121
      vertex -18.7966 6.38057 2.64375
      vertex -19.1736 5.13756 2.675
    endloop
  endfacet
  facet normal 0.956954 -0.29024 0
    outer loop
      vertex -19.1736 5.13756 2.675
      vertex -18.7966 6.38057 4.04375
      vertex -19.1736 5.13756 4.075
    endloop
  endfacet
  facet normal 0.956954 -0.29024 0
    outer loop
      vertex -18.7966 6.38057 4.04375
      vertex -19.1736 5.13756 2.675
      vertex -18.7966 6.38057 2.64375
    endloop
  endfacet
  facet normal 0.346419 -0.127937 -0.929315
    outer loop
      vertex -19.1736 5.13756 4.075
      vertex -17.7126 4.78943 4.66754
      vertex -17.7247 4.74933 4.66855
    endloop
  endfacet
  facet normal 0.346302 -0.128395 -0.929295
    outer loop
      vertex -17.7126 4.78943 4.66754
      vertex -19.1736 5.13756 4.075
      vertex -18.7966 6.38057 4.04375
    endloop
  endfacet
  facet normal 0.344457 -0.129842 -0.92978
    outer loop
      vertex -17.3762 5.89841 4.6373
      vertex -17.7126 4.78943 4.66754
      vertex -18.7966 6.38057 4.04375
    endloop
  endfacet
  facet normal 0.363229 -0.059763 0.929781
    outer loop
      vertex -17.9974 3.57991 2.1127
      vertex -17.7343 4.70852 2.08246
      vertex -19.4686 3.87254 2.70625
    endloop
  endfacet
  facet normal 0.363926 -0.062609 0.929321
    outer loop
      vertex -19.1736 5.13756 2.675
      vertex -17.7343 4.70852 2.08246
      vertex -17.7247 4.74933 2.08145
    endloop
  endfacet
  facet normal 0.36411 -0.0619531 0.929293
    outer loop
      vertex -17.7343 4.70852 2.08246
      vertex -19.1736 5.13756 2.675
      vertex -19.4686 3.87254 2.70625
    endloop
  endfacet
  facet normal 0.97387 -0.227105 0
    outer loop
      vertex -19.4686 3.87254 2.70625
      vertex -19.1736 5.13756 4.075
      vertex -19.4686 3.87254 4.10625
    endloop
  endfacet
  facet normal 0.97387 -0.227105 0
    outer loop
      vertex -19.1736 5.13756 4.075
      vertex -19.4686 3.87254 2.70625
      vertex -19.1736 5.13756 2.675
    endloop
  endfacet
  facet normal 0.353955 -0.105421 -0.929302
    outer loop
      vertex -19.4686 3.87254 4.10625
      vertex -17.9879 3.62071 4.69879
      vertex -17.9974 3.57991 4.6998
    endloop
  endfacet
  facet normal 0.353941 -0.105495 -0.929299
    outer loop
      vertex -17.9879 3.62071 4.69879
      vertex -19.4686 3.87254 4.10625
      vertex -19.1736 5.13756 4.075
    endloop
  endfacet
  facet normal 0.352206 -0.107049 -0.92978
    outer loop
      vertex -19.1736 5.13756 4.075
      vertex -17.7247 4.74933 4.66855
      vertex -17.9879 3.62071 4.69879
    endloop
  endfacet
  facet normal 0.366355 -0.0359028 0.929782
    outer loop
      vertex -18.193 2.39516 2.14395
      vertex -18.0042 3.53856 2.11371
      vertex -19.6802 2.59094 2.7375
    endloop
  endfacet
  facet normal 0.367416 -0.0377229 0.929291
    outer loop
      vertex -19.4686 3.87254 2.70625
      vertex -18.0042 3.53856 2.11371
      vertex -17.9974 3.57991 2.1127
    endloop
  endfacet
  facet normal 0.367359 -0.0379934 0.929303
    outer loop
      vertex -18.0042 3.53856 2.11371
      vertex -19.4686 3.87254 2.70625
      vertex -19.6802 2.59094 2.7375
    endloop
  endfacet
  facet normal 0.986642 -0.162901 0
    outer loop
      vertex -19.6802 2.59094 2.7375
      vertex -19.4686 3.87254 4.10625
      vertex -19.6802 2.59094 4.1375
    endloop
  endfacet
  facet normal 0.986642 -0.162901 0
    outer loop
      vertex -19.4686 3.87254 4.10625
      vertex -19.6802 2.59094 2.7375
      vertex -19.4686 3.87254 2.70625
    endloop
  endfacet
  facet normal 0.360105 -0.0819379 -0.929307
    outer loop
      vertex -19.6802 2.59094 4.1375
      vertex -18.1862 2.4365 4.73004
      vertex -18.193 2.39516 4.73105
    endloop
  endfacet
  facet normal 0.360084 -0.0821117 -0.929299
    outer loop
      vertex -18.1862 2.4365 4.73004
      vertex -19.6802 2.59094 4.1375
      vertex -19.4686 3.87254 4.10625
    endloop
  endfacet
  facet normal 0.358453 -0.0837779 -0.929781
    outer loop
      vertex -19.4686 3.87254 4.10625
      vertex -17.9974 3.57991 4.6998
      vertex -18.1862 2.4365 4.73004
    endloop
  endfacet
  facet normal 0.367923 -0.0118611 0.92978
    outer loop
      vertex -18.3107 1.20015 2.1752
      vertex -18.1971 2.35346 2.14496
      vertex -19.8075 1.29825 2.76875
    endloop
  endfacet
  facet normal 0.239191 0 0.970973
    outer loop
      vertex -18.193 2.39516 2.14395
      vertex -18.1971 2.35346 2.14496
      vertex -18.193 2.39515 2.14395
    endloop
  endfacet
  facet normal 0.369074 -0.0137797 0.929298
    outer loop
      vertex -19.6802 2.59094 2.7375
      vertex -18.1971 2.35346 2.14496
      vertex -18.193 2.39516 2.14395
    endloop
  endfacet
  facet normal 0.36906 -0.0138785 0.929302
    outer loop
      vertex -18.1971 2.35346 2.14496
      vertex -19.6802 2.59094 2.7375
      vertex -19.8075 1.29825 2.76875
    endloop
  endfacet
  facet normal 0.995186 -0.0980028 0
    outer loop
      vertex -19.8075 1.29825 2.76875
      vertex -19.6802 2.59094 4.1375
      vertex -19.8075 1.29825 4.16875
    endloop
  endfacet
  facet normal 0.995186 -0.0980028 0
    outer loop
      vertex -19.6802 2.59094 4.1375
      vertex -19.8075 1.29825 2.76875
      vertex -19.6802 2.59094 2.7375
    endloop
  endfacet
  facet normal 0.364685 -0.0583645 -0.9293
    outer loop
      vertex -19.8075 1.29825 4.16875
      vertex -18.3066 1.24185 4.76129
      vertex -18.3107 1.20015 4.7623
    endloop
  endfacet
  facet normal 0.364684 -0.0583782 -0.929299
    outer loop
      vertex -18.3066 1.24185 4.76129
      vertex -19.8075 1.29825 4.16875
      vertex -19.6802 2.59094 4.1375
    endloop
  endfacet
  facet normal 0.363163 -0.0601508 -0.929782
    outer loop
      vertex -19.6802 2.59094 4.1375
      vertex -18.193 2.39515 4.73105
      vertex -18.3066 1.24185 4.76129
    endloop
  endfacet
  facet normal 0.370675 0 -0.928763
    outer loop
      vertex -18.193 2.39515 4.73105
      vertex -19.6802 2.59094 4.1375
      vertex -18.193 2.39516 4.73105
    endloop
  endfacet
  facet normal 0.367914 0.012236 0.929779
    outer loop
      vertex -18.35 0 2.20645
      vertex -18.3121 1.15827 2.17621
      vertex -19.85 0 2.8
    endloop
  endfacet
  facet normal 0.369173 0.0100706 0.929306
    outer loop
      vertex -19.8075 1.29825 2.76875
      vertex -18.3121 1.15827 2.17621
      vertex -18.3107 1.20015 2.1752
    endloop
  endfacet
  facet normal 0.369189 0.0102831 0.929297
    outer loop
      vertex -18.3121 1.15827 2.17621
      vertex -19.8075 1.29825 2.76875
      vertex -19.85 0 2.8
    endloop
  endfacet
  facet normal 0.999465 -0.0327188 0
    outer loop
      vertex -19.85 0 2.8
      vertex -19.8075 1.29825 4.16875
      vertex -19.85 0 4.2
    endloop
  endfacet
  facet normal 0.999465 -0.0327188 0
    outer loop
      vertex -19.8075 1.29825 4.16875
      vertex -19.85 0 2.8
      vertex -19.8075 1.29825 2.76875
    endloop
  endfacet
  facet normal 0.36772 -0.0347042 -0.929289
    outer loop
      vertex -19.85 0 4.2
      vertex -18.3486 0.0418793 4.79254
      vertex -18.35 0 4.79355
    endloop
  endfacet
  facet normal 0.367716 -0.0344068 -0.929301
    outer loop
      vertex -18.3486 0.0418793 4.79254
      vertex -19.85 0 4.2
      vertex -19.8075 1.29825 4.16875
    endloop
  endfacet
  facet normal 0.366324 -0.0362612 -0.92978
    outer loop
      vertex -18.3107 1.20015 4.7623
      vertex -18.3486 0.0418793 4.79254
      vertex -19.8075 1.29825 4.16875
    endloop
  endfacet
  facet normal 0.366324 0.0362612 0.92978
    outer loop
      vertex -18.3107 -1.20015 2.2377
      vertex -18.3486 -0.0418793 2.20746
      vertex -19.8075 -1.29825 2.83125
    endloop
  endfacet
  facet normal 0.36772 0.0347042 0.929289
    outer loop
      vertex -19.85 0 2.8
      vertex -18.3486 -0.0418793 2.20746
      vertex -18.35 0 2.20645
    endloop
  endfacet
  facet normal 0.367716 0.0344068 0.929301
    outer loop
      vertex -18.3486 -0.0418793 2.20746
      vertex -19.85 0 2.8
      vertex -19.8075 -1.29825 2.83125
    endloop
  endfacet
  facet normal 0.999465 0.0327188 -0
    outer loop
      vertex -19.8075 -1.29825 2.83125
      vertex -19.85 0 4.2
      vertex -19.8075 -1.29825 4.23125
    endloop
  endfacet
  facet normal 0.999465 0.0327188 0
    outer loop
      vertex -19.85 0 4.2
      vertex -19.8075 -1.29825 2.83125
      vertex -19.85 0 2.8
    endloop
  endfacet
  facet normal 0.369173 -0.0100706 -0.929306
    outer loop
      vertex -19.8075 -1.29825 4.23125
      vertex -18.3121 -1.15827 4.82379
      vertex -18.3107 -1.20015 4.8248
    endloop
  endfacet
  facet normal 0.369189 -0.0102831 -0.929297
    outer loop
      vertex -18.3121 -1.15827 4.82379
      vertex -19.8075 -1.29825 4.23125
      vertex -19.85 0 4.2
    endloop
  endfacet
  facet normal 0.367914 -0.012236 -0.929779
    outer loop
      vertex -18.35 0 4.79355
      vertex -18.3121 -1.15827 4.82379
      vertex -19.85 0 4.2
    endloop
  endfacet
  facet normal 0.363163 0.0601508 0.929782
    outer loop
      vertex -19.6802 -2.59094 2.8625
      vertex -18.193 -2.39515 2.26895
      vertex -18.3066 -1.24185 2.23871
    endloop
  endfacet
  facet normal 0.370675 0 0.928763
    outer loop
      vertex -18.193 -2.39515 2.26895
      vertex -19.6802 -2.59094 2.8625
      vertex -18.193 -2.39516 2.26895
    endloop
  endfacet
  facet normal 0.364685 0.0583645 0.9293
    outer loop
      vertex -19.8075 -1.29825 2.83125
      vertex -18.3066 -1.24185 2.23871
      vertex -18.3107 -1.20015 2.2377
    endloop
  endfacet
  facet normal 0.364684 0.0583782 0.929299
    outer loop
      vertex -18.3066 -1.24185 2.23871
      vertex -19.8075 -1.29825 2.83125
      vertex -19.6802 -2.59094 2.8625
    endloop
  endfacet
  facet normal 0.995186 0.0980028 -0
    outer loop
      vertex -19.6802 -2.59094 2.8625
      vertex -19.8075 -1.29825 4.23125
      vertex -19.6802 -2.59094 4.2625
    endloop
  endfacet
  facet normal 0.995186 0.0980028 0
    outer loop
      vertex -19.8075 -1.29825 4.23125
      vertex -19.6802 -2.59094 2.8625
      vertex -19.8075 -1.29825 2.83125
    endloop
  endfacet
  facet normal 0.239191 0 -0.970973
    outer loop
      vertex -18.193 -2.39516 4.85605
      vertex -18.1971 -2.35346 4.85504
      vertex -18.193 -2.39515 4.85605
    endloop
  endfacet
  facet normal 0.369074 0.0137797 -0.929298
    outer loop
      vertex -19.6802 -2.59094 4.2625
      vertex -18.1971 -2.35346 4.85504
      vertex -18.193 -2.39516 4.85605
    endloop
  endfacet
  facet normal 0.36906 0.0138785 -0.929302
    outer loop
      vertex -18.1971 -2.35346 4.85504
      vertex -19.6802 -2.59094 4.2625
      vertex -19.8075 -1.29825 4.23125
    endloop
  endfacet
  facet normal 0.367923 0.0118611 -0.92978
    outer loop
      vertex -18.3107 -1.20015 4.8248
      vertex -18.1971 -2.35346 4.85504
      vertex -19.8075 -1.29825 4.23125
    endloop
  endfacet
  facet normal 0.358453 0.0837779 0.929781
    outer loop
      vertex -19.4686 -3.87254 2.89375
      vertex -17.9974 -3.57991 2.3002
      vertex -18.1862 -2.4365 2.26996
    endloop
  endfacet
  facet normal 0.360105 0.0819379 0.929307
    outer loop
      vertex -19.6802 -2.59094 2.8625
      vertex -18.1862 -2.4365 2.26996
      vertex -18.193 -2.39516 2.26895
    endloop
  endfacet
  facet normal 0.360084 0.0821117 0.929299
    outer loop
      vertex -18.1862 -2.4365 2.26996
      vertex -19.6802 -2.59094 2.8625
      vertex -19.4686 -3.87254 2.89375
    endloop
  endfacet
  facet normal 0.986642 0.162901 -0
    outer loop
      vertex -19.4686 -3.87254 2.89375
      vertex -19.6802 -2.59094 4.2625
      vertex -19.4686 -3.87254 4.29375
    endloop
  endfacet
  facet normal 0.986642 0.162901 0
    outer loop
      vertex -19.6802 -2.59094 4.2625
      vertex -19.4686 -3.87254 2.89375
      vertex -19.6802 -2.59094 2.8625
    endloop
  endfacet
  facet normal 0.367416 0.0377229 -0.929291
    outer loop
      vertex -19.4686 -3.87254 4.29375
      vertex -18.0042 -3.53856 4.88629
      vertex -17.9974 -3.57991 4.8873
    endloop
  endfacet
  facet normal 0.367359 0.0379934 -0.929303
    outer loop
      vertex -18.0042 -3.53856 4.88629
      vertex -19.4686 -3.87254 4.29375
      vertex -19.6802 -2.59094 4.2625
    endloop
  endfacet
  facet normal 0.366355 0.0359028 -0.929782
    outer loop
      vertex -18.193 -2.39516 4.85605
      vertex -18.0042 -3.53856 4.88629
      vertex -19.6802 -2.59094 4.2625
    endloop
  endfacet
  facet normal 0.352206 0.107049 0.92978
    outer loop
      vertex -19.1736 -5.13756 2.925
      vertex -17.7247 -4.74933 2.33145
      vertex -17.9879 -3.62071 2.30121
    endloop
  endfacet
  facet normal 0.353955 0.105421 0.929302
    outer loop
      vertex -19.4686 -3.87254 2.89375
      vertex -17.9879 -3.62071 2.30121
      vertex -17.9974 -3.57991 2.3002
    endloop
  endfacet
  facet normal 0.353941 0.105495 0.929299
    outer loop
      vertex -17.9879 -3.62071 2.30121
      vertex -19.4686 -3.87254 2.89375
      vertex -19.1736 -5.13756 2.925
    endloop
  endfacet
  facet normal 0.97387 0.227105 -0
    outer loop
      vertex -19.1736 -5.13756 2.925
      vertex -19.4686 -3.87254 4.29375
      vertex -19.1736 -5.13756 4.325
    endloop
  endfacet
  facet normal 0.97387 0.227105 0
    outer loop
      vertex -19.4686 -3.87254 4.29375
      vertex -19.1736 -5.13756 2.925
      vertex -19.4686 -3.87254 2.89375
    endloop
  endfacet
  facet normal 0.363926 0.062609 -0.929321
    outer loop
      vertex -19.1736 -5.13756 4.325
      vertex -17.7343 -4.70852 4.91754
      vertex -17.7247 -4.74933 4.91855
    endloop
  endfacet
  facet normal 0.36411 0.0619531 -0.929293
    outer loop
      vertex -17.7343 -4.70852 4.91754
      vertex -19.1736 -5.13756 4.325
      vertex -19.4686 -3.87254 4.29375
    endloop
  endfacet
  facet normal 0.363229 0.059763 -0.929781
    outer loop
      vertex -17.9974 -3.57991 4.8873
      vertex -17.7343 -4.70852 4.91754
      vertex -19.4686 -3.87254 4.29375
    endloop
  endfacet
  facet normal 0.344457 0.129842 0.92978
    outer loop
      vertex -17.3762 -5.89841 2.3627
      vertex -17.7126 -4.78943 2.33246
      vertex -18.7966 -6.38057 2.95625
    endloop
  endfacet
  facet normal 0.346419 0.127937 0.929315
    outer loop
      vertex -19.1736 -5.13756 2.925
      vertex -17.7126 -4.78943 2.33246
      vertex -17.7247 -4.74933 2.33145
    endloop
  endfacet
  facet normal 0.346302 0.128395 0.929295
    outer loop
      vertex -17.7126 -4.78943 2.33246
      vertex -19.1736 -5.13756 2.925
      vertex -18.7966 -6.38057 2.95625
    endloop
  endfacet
  facet normal 0.956954 0.29024 -0
    outer loop
      vertex -18.7966 -6.38057 2.95625
      vertex -19.1736 -5.13756 4.325
      vertex -18.7966 -6.38057 4.35625
    endloop
  endfacet
  facet normal 0.956954 0.29024 0
    outer loop
      vertex -19.1736 -5.13756 4.325
      vertex -18.7966 -6.38057 2.95625
      vertex -19.1736 -5.13756 2.925
    endloop
  endfacet
  facet normal 0.359444 0.085076 -0.92928
    outer loop
      vertex -18.7966 -6.38057 4.35625
      vertex -17.3883 -5.85832 4.94879
      vertex -17.3762 -5.89841 4.9498
    endloop
  endfacet
  facet normal 0.35926 0.0855988 -0.929304
    outer loop
      vertex -17.3883 -5.85832 4.94879
      vertex -18.7966 -6.38057 4.35625
      vertex -19.1736 -5.13756 4.325
    endloop
  endfacet
  facet normal 0.358541 0.0834063 -0.92978
    outer loop
      vertex -17.7247 -4.74933 4.91855
      vertex -17.3883 -5.85832 4.94879
      vertex -19.1736 -5.13756 4.325
    endloop
  endfacet
  facet normal 0.335233 0.15209 0.929778
    outer loop
      vertex -16.9532 -7.02224 2.39395
      vertex -17.3614 -5.93763 2.36371
      vertex -18.339 -7.59627 2.9875
    endloop
  endfacet
  facet normal 0.337144 0.150792 0.929299
    outer loop
      vertex -17.3762 -5.89841 2.3627
      vertex -18.7966 -6.38057 2.95625
      vertex -18.339 -7.59627 2.9875
    endloop
  endfacet
  facet normal 0.336791 0.151025 0.929389
    outer loop
      vertex -17.3614 -5.93763 2.36371
      vertex -17.3762 -5.89841 2.3627
      vertex -18.339 -7.59627 2.9875
    endloop
  endfacet
  facet normal 0.935895 0.352279 -0
    outer loop
      vertex -18.339 -7.59627 2.9875
      vertex -18.7966 -6.38057 4.35625
      vertex -18.339 -7.59627 4.3875
    endloop
  endfacet
  facet normal 0.935895 0.352279 0
    outer loop
      vertex -18.7966 -6.38057 4.35625
      vertex -18.339 -7.59627 2.9875
      vertex -18.7966 -6.38057 2.95625
    endloop
  endfacet
  facet normal 0.353109 0.108417 -0.929279
    outer loop
      vertex -18.339 -7.59627 4.3875
      vertex -16.9679 -6.98302 4.98004
      vertex -16.9532 -7.02224 4.98105
    endloop
  endfacet
  facet normal 0.352885 0.108941 -0.929303
    outer loop
      vertex -16.9679 -6.98302 4.98004
      vertex -18.339 -7.59627 4.3875
      vertex -18.7966 -6.38057 4.35625
    endloop
  endfacet
  facet normal 0.352311 0.106704 -0.92978
    outer loop
      vertex -18.7966 -6.38057 4.35625
      vertex -17.3762 -5.89841 4.9498
      vertex -16.9679 -6.98302 4.98004
    endloop
  endfacet
  facet normal 0.324562 0.173699 0.929779
    outer loop
      vertex -16.4576 -8.116 2.4252
      vertex -16.9359 -7.06041 2.39496
      vertex -17.8029 -8.77943 3.01875
    endloop
  endfacet
  facet normal 0.326566 0.172515 0.929297
    outer loop
      vertex -16.9532 -7.02224 2.39395
      vertex -18.339 -7.59627 2.9875
      vertex -17.8029 -8.77943 3.01875
    endloop
  endfacet
  facet normal 0.326481 0.172563 0.929318
    outer loop
      vertex -16.9359 -7.06041 2.39496
      vertex -16.9532 -7.02224 2.39395
      vertex -17.8029 -8.77943 3.01875
    endloop
  endfacet
  facet normal 0.910859 0.412718 -0
    outer loop
      vertex -17.8029 -8.77943 3.01875
      vertex -18.339 -7.59627 4.3875
      vertex -17.8029 -8.77943 4.41875
    endloop
  endfacet
  facet normal 0.910859 0.412718 0
    outer loop
      vertex -18.339 -7.59627 4.3875
      vertex -17.8029 -8.77943 3.01875
      vertex -18.339 -7.59627 2.9875
    endloop
  endfacet
  facet normal 0.345019 0.131785 -0.929298
    outer loop
      vertex -17.8029 -8.77943 4.41875
      vertex -16.4749 -8.07783 5.01129
      vertex -16.4576 -8.116 5.0123
    endloop
  endfacet
  facet normal 0.345019 0.131786 -0.929298
    outer loop
      vertex -16.4749 -8.07783 5.01129
      vertex -17.8029 -8.77943 4.41875
      vertex -18.339 -7.59627 4.3875
    endloop
  endfacet
  facet normal 0.344589 0.129502 -0.929778
    outer loop
      vertex -18.339 -7.59627 4.3875
      vertex -16.9532 -7.02224 4.98105
      vertex -16.4749 -8.07783 5.01129
    endloop
  endfacet
  facet normal 0.312513 0.194553 0.929777
    outer loop
      vertex -15.8916 -9.175 2.45645
      vertex -16.4379 -8.15295 2.42621
      vertex -17.1906 -9.925 3.05
    endloop
  endfacet
  facet normal 0.314735 0.193204 0.929308
    outer loop
      vertex -17.8029 -8.77943 3.01875
      vertex -16.4379 -8.15295 2.42621
      vertex -16.4576 -8.116 2.4252
    endloop
  endfacet
  facet normal 0.314594 0.193499 0.929295
    outer loop
      vertex -16.4379 -8.15295 2.42621
      vertex -17.8029 -8.77943 3.01875
      vertex -17.1906 -9.925 3.05
    endloop
  endfacet
  facet normal 0.881928 0.471385 -0
    outer loop
      vertex -17.1906 -9.925 3.05
      vertex -17.8029 -8.77943 4.41875
      vertex -17.1906 -9.925 4.45
    endloop
  endfacet
  facet normal 0.881928 0.471385 0
    outer loop
      vertex -17.8029 -8.77943 4.41875
      vertex -17.1906 -9.925 3.05
      vertex -17.8029 -8.77943 3.01875
    endloop
  endfacet
  facet normal 0.335886 0.153678 -0.929281
    outer loop
      vertex -17.1906 -9.925 4.45
      vertex -15.9113 -9.13805 5.04254
      vertex -15.8916 -9.175 5.04355
    endloop
  endfacet
  facet normal 0.335661 0.154058 -0.9293
    outer loop
      vertex -15.9113 -9.13805 5.04254
      vertex -17.1906 -9.925 4.45
      vertex -17.8029 -8.77943 4.41875
    endloop
  endfacet
  facet normal 0.335383 0.151757 -0.929779
    outer loop
      vertex -16.4576 -8.116 5.0123
      vertex -15.9113 -9.13805 5.04254
      vertex -17.8029 -8.77943 4.41875
    endloop
  endfacet
  facet normal 0.299119 0.214555 0.929782
    outer loop
      vertex -15.2575 -10.1947 2.4877
      vertex -15.8694 -9.21058 2.45746
      vertex -16.5047 -11.0281 3.08125
    endloop
  endfacet
  facet normal 0.300962 0.214163 0.929277
    outer loop
      vertex -17.1906 -9.925 3.05
      vertex -15.8694 -9.21058 2.45746
      vertex -15.8916 -9.175 2.45645
    endloop
  endfacet
  facet normal 0.301254 0.213644 0.929302
    outer loop
      vertex -15.8694 -9.21058 2.45746
      vertex -17.1906 -9.925 3.05
      vertex -16.5047 -11.0281 3.08125
    endloop
  endfacet
  facet normal 0.84922 0.528039 -0
    outer loop
      vertex -16.5047 -11.0281 3.08125
      vertex -17.1906 -9.925 4.45
      vertex -16.5047 -11.0281 4.48125
    endloop
  endfacet
  facet normal 0.84922 0.528039 0
    outer loop
      vertex -17.1906 -9.925 4.45
      vertex -16.5047 -11.0281 3.08125
      vertex -17.1906 -9.925 3.05
    endloop
  endfacet
  facet normal 0.325039 0.175415 -0.92929
    outer loop
      vertex -16.5047 -11.0281 4.48125
      vertex -15.2796 -10.1591 5.07379
      vertex -15.2575 -10.1947 5.0748
    endloop
  endfacet
  facet normal 0.324864 0.175671 -0.929303
    outer loop
      vertex -15.2796 -10.1591 5.07379
      vertex -16.5047 -11.0281 4.48125
      vertex -17.1906 -9.925 4.45
    endloop
  endfacet
  facet normal 0.324738 0.17338 -0.929777
    outer loop
      vertex -15.8916 -9.175 5.04355
      vertex -15.2796 -10.1591 5.07379
      vertex -17.1906 -9.925 4.45
    endloop
  endfacet
  facet normal 0.284425 0.233685 0.929782
    outer loop
      vertex -14.558 -11.1708 2.51895
      vertex -15.2331 -10.2288 2.48871
      vertex -15.7481 -12.0839 3.1125
    endloop
  endfacet
  facet normal 0.28676 0.232714 0.929308
    outer loop
      vertex -16.5047 -11.0281 3.08125
      vertex -15.2331 -10.2288 2.48871
      vertex -15.2575 -10.1947 2.4877
    endloop
  endfacet
  facet normal 0.286632 0.23291 0.929298
    outer loop
      vertex -15.2331 -10.2288 2.48871
      vertex -16.5047 -11.0281 3.08125
      vertex -15.7481 -12.0839 3.1125
    endloop
  endfacet
  facet normal 0.812838 0.58249 -0
    outer loop
      vertex -15.7481 -12.0839 3.1125
      vertex -16.5047 -11.0281 4.48125
      vertex -15.7481 -12.0839 4.5125
    endloop
  endfacet
  facet normal 0.812838 0.58249 0
    outer loop
      vertex -16.5047 -11.0281 4.48125
      vertex -15.7481 -12.0839 3.1125
      vertex -16.5047 -11.0281 3.08125
    endloop
  endfacet
  facet normal 0.312843 0.196328 -0.929293
    outer loop
      vertex -15.7481 -12.0839 4.5125
      vertex -14.5824 -11.1367 5.10504
      vertex -14.558 -11.1708 5.10605
    endloop
  endfacet
  facet normal 0.312665 0.196554 -0.929304
    outer loop
      vertex -14.5824 -11.1367 5.10504
      vertex -15.7481 -12.0839 4.5125
      vertex -16.5047 -11.0281 4.48125
    endloop
  endfacet
  facet normal 0.31269 0.194247 -0.929781
    outer loop
      vertex -15.2575 -10.1947 5.0748
      vertex -14.5824 -11.1367 5.10504
      vertex -16.5047 -11.0281 4.48125
    endloop
  endfacet
  facet normal 0.268551 0.251792 0.929775
    outer loop
      vertex -13.7963 -12.099 2.5502
      vertex -14.5315 -11.2032 2.51996
      vertex -14.924 -13.088 3.14375
    endloop
  endfacet
  facet normal 0.271123 0.250721 0.929318
    outer loop
      vertex -15.7481 -12.0839 3.1125
      vertex -14.5315 -11.2032 2.51996
      vertex -14.558 -11.1708 2.51895
    endloop
  endfacet
  facet normal 0.270788 0.251167 0.929295
    outer loop
      vertex -14.5315 -11.2032 2.51996
      vertex -15.7481 -12.0839 3.1125
      vertex -14.924 -13.088 3.14375
    endloop
  endfacet
  facet normal 0.772989 0.634419 -0
    outer loop
      vertex -14.924 -13.088 3.14375
      vertex -15.7481 -12.0839 4.5125
      vertex -14.924 -13.088 4.54375
    endloop
  endfacet
  facet normal 0.772989 0.634419 0
    outer loop
      vertex -15.7481 -12.0839 4.5125
      vertex -14.924 -13.088 3.14375
      vertex -15.7481 -12.0839 3.1125
    endloop
  endfacet
  facet normal 0.299606 0.21608 -0.929272
    outer loop
      vertex -14.924 -13.088 4.54375
      vertex -13.8228 -12.0666 5.13629
      vertex -13.7963 -12.099 5.1373
    endloop
  endfacet
  facet normal 0.299144 0.216596 -0.929301
    outer loop
      vertex -13.8228 -12.0666 5.13629
      vertex -14.924 -13.088 4.54375
      vertex -15.7481 -12.0839 4.5125
    endloop
  endfacet
  facet normal 0.299321 0.214271 -0.929782
    outer loop
      vertex -14.558 -11.1708 5.10605
      vertex -13.8228 -12.0666 5.13629
      vertex -15.7481 -12.0839 4.5125
    endloop
  endfacet
  facet normal 0.251493 0.268798 0.929784
    outer loop
      vertex -12.9754 -12.9754 2.58145
      vertex -13.7676 -12.1296 2.55121
      vertex -14.0361 -14.0361 3.175
    endloop
  endfacet
  facet normal 0.25361 0.268535 0.929285
    outer loop
      vertex -14.924 -13.088 3.14375
      vertex -13.7676 -12.1296 2.55121
      vertex -13.7963 -12.099 2.5502
    endloop
  endfacet
  facet normal 0.253799 0.268314 0.929297
    outer loop
      vertex -13.7676 -12.1296 2.55121
      vertex -14.924 -13.088 3.14375
      vertex -14.0361 -14.0361 3.175
    endloop
  endfacet
  facet normal 0.7299 0.683554 -0
    outer loop
      vertex -14.0361 -14.0361 3.175
      vertex -14.924 -13.088 4.54375
      vertex -14.0361 -14.0361 4.575
    endloop
  endfacet
  facet normal 0.7299 0.683554 0
    outer loop
      vertex -14.924 -13.088 4.54375
      vertex -14.0361 -14.0361 3.175
      vertex -14.924 -13.088 3.14375
    endloop
  endfacet
  facet normal 0.284172 0.235854 -0.929311
    outer loop
      vertex -14.0361 -14.0361 4.575
      vertex -13.0041 -12.9448 5.16754
      vertex -12.9754 -12.9754 5.16855
    endloop
  endfacet
  facet normal 0.284358 0.235673 -0.9293
    outer loop
      vertex -13.0041 -12.9448 5.16754
      vertex -14.0361 -14.0361 4.575
      vertex -14.924 -13.088 4.54375
    endloop
  endfacet
  facet normal 0.284682 0.233399 -0.929775
    outer loop
      vertex -13.7963 -12.099 5.1373
      vertex -13.0041 -12.9448 5.16754
      vertex -14.924 -13.088 4.54375
    endloop
  endfacet
  facet normal 0.233399 0.284682 0.929775
    outer loop
      vertex -12.099 -13.7963 2.6127
      vertex -12.9448 -13.0041 2.58246
      vertex -13.088 -14.924 3.20625
    endloop
  endfacet
  facet normal 0.235854 0.284172 0.929311
    outer loop
      vertex -14.0361 -14.0361 3.175
      vertex -12.9448 -13.0041 2.58246
      vertex -12.9754 -12.9754 2.58145
    endloop
  endfacet
  facet normal 0.235673 0.284358 0.9293
    outer loop
      vertex -12.9448 -13.0041 2.58246
      vertex -14.0361 -14.0361 3.175
      vertex -13.088 -14.924 3.20625
    endloop
  endfacet
  facet normal 0.683554 0.7299 -0
    outer loop
      vertex -13.088 -14.924 3.20625
      vertex -14.0361 -14.0361 4.575
      vertex -13.088 -14.924 4.60625
    endloop
  endfacet
  facet normal 0.683554 0.7299 0
    outer loop
      vertex -14.0361 -14.0361 4.575
      vertex -13.088 -14.924 3.20625
      vertex -14.0361 -14.0361 3.175
    endloop
  endfacet
  facet normal 0.268535 0.25361 -0.929285
    outer loop
      vertex -13.088 -14.924 4.60625
      vertex -12.1296 -13.7676 5.19879
      vertex -12.099 -13.7963 5.1998
    endloop
  endfacet
  facet normal 0.268314 0.253799 -0.929297
    outer loop
      vertex -12.1296 -13.7676 5.19879
      vertex -13.088 -14.924 4.60625
      vertex -14.0361 -14.0361 4.575
    endloop
  endfacet
  facet normal 0.268798 0.251493 -0.929784
    outer loop
      vertex -12.9754 -12.9754 5.16855
      vertex -12.1296 -13.7676 5.19879
      vertex -14.0361 -14.0361 4.575
    endloop
  endfacet
  facet normal 0.214271 0.299321 0.929782
    outer loop
      vertex -11.1708 -14.558 2.64395
      vertex -12.0666 -13.8228 2.61371
      vertex -12.0839 -15.7481 3.2375
    endloop
  endfacet
  facet normal 0.21608 0.299606 0.929272
    outer loop
      vertex -13.088 -14.924 3.20625
      vertex -12.0666 -13.8228 2.61371
      vertex -12.099 -13.7963 2.6127
    endloop
  endfacet
  facet normal 0.216596 0.299144 0.929301
    outer loop
      vertex -12.0666 -13.8228 2.61371
      vertex -13.088 -14.924 3.20625
      vertex -12.0839 -15.7481 3.2375
    endloop
  endfacet
  facet normal 0.634419 0.772989 -0
    outer loop
      vertex -12.0839 -15.7481 3.2375
      vertex -13.088 -14.924 4.60625
      vertex -12.0839 -15.7481 4.6375
    endloop
  endfacet
  facet normal 0.634419 0.772989 0
    outer loop
      vertex -13.088 -14.924 4.60625
      vertex -12.0839 -15.7481 3.2375
      vertex -13.088 -14.924 3.20625
    endloop
  endfacet
  facet normal 0.250721 0.271123 -0.929318
    outer loop
      vertex -12.0839 -15.7481 4.6375
      vertex -11.2032 -14.5315 5.23004
      vertex -11.1708 -14.558 5.23105
    endloop
  endfacet
  facet normal 0.251167 0.270788 -0.929295
    outer loop
      vertex -11.2032 -14.5315 5.23004
      vertex -12.0839 -15.7481 4.6375
      vertex -13.088 -14.924 4.60625
    endloop
  endfacet
  facet normal 0.251792 0.268551 -0.929775
    outer loop
      vertex -12.099 -13.7963 5.1998
      vertex -11.2032 -14.5315 5.23004
      vertex -13.088 -14.924 4.60625
    endloop
  endfacet
  facet normal 0.194247 0.31269 0.929781
    outer loop
      vertex -11.0281 -16.5047 3.26875
      vertex -10.1947 -15.2575 2.6752
      vertex -11.1367 -14.5824 2.64496
    endloop
  endfacet
  facet normal 0.196328 0.312843 0.929293
    outer loop
      vertex -12.0839 -15.7481 3.2375
      vertex -11.1367 -14.5824 2.64496
      vertex -11.1708 -14.558 2.64395
    endloop
  endfacet
  facet normal 0.196554 0.312665 0.929304
    outer loop
      vertex -11.1367 -14.5824 2.64496
      vertex -12.0839 -15.7481 3.2375
      vertex -11.0281 -16.5047 3.26875
    endloop
  endfacet
  facet normal 0.58249 0.812838 -0
    outer loop
      vertex -11.0281 -16.5047 3.26875
      vertex -12.0839 -15.7481 4.6375
      vertex -11.0281 -16.5047 4.66875
    endloop
  endfacet
  facet normal 0.58249 0.812838 0
    outer loop
      vertex -12.0839 -15.7481 4.6375
      vertex -11.0281 -16.5047 3.26875
      vertex -12.0839 -15.7481 3.2375
    endloop
  endfacet
  facet normal 0.232714 0.28676 -0.929308
    outer loop
      vertex -11.0281 -16.5047 4.66875
      vertex -10.2288 -15.2331 5.26129
      vertex -10.1947 -15.2575 5.2623
    endloop
  endfacet
  facet normal 0.23291 0.286632 -0.929298
    outer loop
      vertex -10.2288 -15.2331 5.26129
      vertex -11.0281 -16.5047 4.66875
      vertex -12.0839 -15.7481 4.6375
    endloop
  endfacet
  facet normal 0.233685 0.284425 -0.929782
    outer loop
      vertex -11.1708 -14.558 5.23105
      vertex -10.2288 -15.2331 5.26129
      vertex -12.0839 -15.7481 4.6375
    endloop
  endfacet
  facet normal 0.17338 0.324738 0.929777
    outer loop
      vertex -9.925 -17.1906 3.3
      vertex -9.175 -15.8916 2.70645
      vertex -10.1591 -15.2796 2.67621
    endloop
  endfacet
  facet normal 0.175415 0.325039 0.92929
    outer loop
      vertex -11.0281 -16.5047 3.26875
      vertex -10.1591 -15.2796 2.67621
      vertex -10.1947 -15.2575 2.6752
    endloop
  endfacet
  facet normal 0.175671 0.324864 0.929303
    outer loop
      vertex -10.1591 -15.2796 2.67621
      vertex -11.0281 -16.5047 3.26875
      vertex -9.925 -17.1906 3.3
    endloop
  endfacet
  facet normal 0.528039 0.84922 -0
    outer loop
      vertex -9.925 -17.1906 3.3
      vertex -11.0281 -16.5047 4.66875
      vertex -9.925 -17.1906 4.7
    endloop
  endfacet
  facet normal 0.528039 0.84922 0
    outer loop
      vertex -11.0281 -16.5047 4.66875
      vertex -9.925 -17.1906 3.3
      vertex -11.0281 -16.5047 3.26875
    endloop
  endfacet
  facet normal 0.214163 0.300962 -0.929277
    outer loop
      vertex -9.925 -17.1906 4.7
      vertex -9.21058 -15.8694 5.29254
      vertex -9.175 -15.8916 5.29355
    endloop
  endfacet
  facet normal 0.213644 0.301254 -0.929302
    outer loop
      vertex -9.21058 -15.8694 5.29254
      vertex -9.925 -17.1906 4.7
      vertex -11.0281 -16.5047 4.66875
    endloop
  endfacet
  facet normal 0.214555 0.299119 -0.929782
    outer loop
      vertex -10.1947 -15.2575 5.2623
      vertex -9.21058 -15.8694 5.29254
      vertex -11.0281 -16.5047 4.66875
    endloop
  endfacet
  facet normal 0.151757 0.335383 0.929779
    outer loop
      vertex -8.77943 -17.8029 3.33125
      vertex -8.116 -16.4576 2.7377
      vertex -9.13805 -15.9113 2.70746
    endloop
  endfacet
  facet normal 0.153678 0.335886 0.929281
    outer loop
      vertex -9.925 -17.1906 3.3
      vertex -9.13805 -15.9113 2.70746
      vertex -9.175 -15.8916 2.70645
    endloop
  endfacet
  facet normal 0.154058 0.335661 0.9293
    outer loop
      vertex -9.13805 -15.9113 2.70746
      vertex -9.925 -17.1906 3.3
      vertex -8.77943 -17.8029 3.33125
    endloop
  endfacet
  facet normal 0.471385 0.881928 -0
    outer loop
      vertex -8.77943 -17.8029 3.33125
      vertex -9.925 -17.1906 4.7
      vertex -8.77943 -17.8029 4.73125
    endloop
  endfacet
  facet normal 0.471385 0.881928 0
    outer loop
      vertex -9.925 -17.1906 4.7
      vertex -8.77943 -17.8029 3.33125
      vertex -9.925 -17.1906 3.3
    endloop
  endfacet
  facet normal 0.193204 0.314735 -0.929308
    outer loop
      vertex -8.77943 -17.8029 4.73125
      vertex -8.15295 -16.4379 5.32379
      vertex -8.116 -16.4576 5.3248
    endloop
  endfacet
  facet normal 0.193499 0.314594 -0.929295
    outer loop
      vertex -8.15295 -16.4379 5.32379
      vertex -8.77943 -17.8029 4.73125
      vertex -9.925 -17.1906 4.7
    endloop
  endfacet
  facet normal 0.194553 0.312513 -0.929777
    outer loop
      vertex -9.175 -15.8916 5.29355
      vertex -8.15295 -16.4379 5.32379
      vertex -9.925 -17.1906 4.7
    endloop
  endfacet
  facet normal 0.129502 0.344589 0.929778
    outer loop
      vertex -7.59627 -18.339 3.3625
      vertex -7.02224 -16.9532 2.76895
      vertex -8.07783 -16.4749 2.73871
    endloop
  endfacet
  facet normal 0.131785 0.345019 0.929298
    outer loop
      vertex -8.77943 -17.8029 3.33125
      vertex -8.07783 -16.4749 2.73871
      vertex -8.116 -16.4576 2.7377
    endloop
  endfacet
  facet normal 0.131786 0.345019 0.929298
    outer loop
      vertex -8.07783 -16.4749 2.73871
      vertex -8.77943 -17.8029 3.33125
      vertex -7.59627 -18.339 3.3625
    endloop
  endfacet
  facet normal 0.412718 0.910859 -0
    outer loop
      vertex -7.59627 -18.339 3.3625
      vertex -8.77943 -17.8029 4.73125
      vertex -7.59627 -18.339 4.7625
    endloop
  endfacet
  facet normal 0.412718 0.910859 0
    outer loop
      vertex -8.77943 -17.8029 4.73125
      vertex -7.59627 -18.339 3.3625
      vertex -8.77943 -17.8029 3.33125
    endloop
  endfacet
  facet normal 0.172587 0.326535 -0.929295
    outer loop
      vertex -7.59627 -18.339 4.7625
      vertex -7.06041 -16.9359 5.35504
      vertex -7.02224 -16.9532 5.35605
    endloop
  endfacet
  facet normal 0.172514 0.326565 -0.929298
    outer loop
      vertex -7.06041 -16.9359 5.35504
      vertex -7.59627 -18.339 4.7625
      vertex -8.77943 -17.8029 4.73125
    endloop
  endfacet
  facet normal 0.173699 0.324562 -0.929779
    outer loop
      vertex -8.116 -16.4576 5.3248
      vertex -7.06041 -16.9359 5.35504
      vertex -8.77943 -17.8029 4.73125
    endloop
  endfacet
  facet normal 0.106704 0.352311 0.92978
    outer loop
      vertex -6.38057 -18.7966 3.39375
      vertex -5.89841 -17.3762 2.8002
      vertex -6.98302 -16.9679 2.76996
    endloop
  endfacet
  facet normal 0.108417 0.353109 0.929279
    outer loop
      vertex -7.59627 -18.339 3.3625
      vertex -6.98302 -16.9679 2.76996
      vertex -7.02224 -16.9532 2.76895
    endloop
  endfacet
  facet normal 0.108941 0.352885 0.929303
    outer loop
      vertex -6.98302 -16.9679 2.76996
      vertex -7.59627 -18.339 3.3625
      vertex -6.38057 -18.7966 3.39375
    endloop
  endfacet
  facet normal 0.352279 0.935895 -0
    outer loop
      vertex -6.38057 -18.7966 3.39375
      vertex -7.59627 -18.339 4.7625
      vertex -6.38057 -18.7966 4.79375
    endloop
  endfacet
  facet normal 0.352279 0.935895 0
    outer loop
      vertex -7.59627 -18.339 4.7625
      vertex -6.38057 -18.7966 3.39375
      vertex -7.59627 -18.339 3.3625
    endloop
  endfacet
  facet normal 0.151113 0.337031 -0.929288
    outer loop
      vertex -6.38057 -18.7966 4.79375
      vertex -5.93763 -17.3614 5.38629
      vertex -5.89841 -17.3762 5.3873
    endloop
  endfacet
  facet normal 0.150789 0.337136 -0.929302
    outer loop
      vertex -5.93763 -17.3614 5.38629
      vertex -6.38057 -18.7966 4.79375
      vertex -7.59627 -18.339 4.7625
    endloop
  endfacet
  facet normal 0.15209 0.335233 -0.929778
    outer loop
      vertex -7.02224 -16.9532 5.35605
      vertex -5.93763 -17.3614 5.38629
      vertex -7.59627 -18.339 4.7625
    endloop
  endfacet
  facet normal 0.0834063 0.358541 0.92978
    outer loop
      vertex -5.13756 -19.1736 3.425
      vertex -4.74933 -17.7247 2.83145
      vertex -5.85832 -17.3883 2.80121
    endloop
  endfacet
  facet normal 0.085076 0.359444 0.92928
    outer loop
      vertex -6.38057 -18.7966 3.39375
      vertex -5.85832 -17.3883 2.80121
      vertex -5.89841 -17.3762 2.8002
    endloop
  endfacet
  facet normal 0.0855988 0.35926 0.929304
    outer loop
      vertex -5.85832 -17.3883 2.80121
      vertex -6.38057 -18.7966 3.39375
      vertex -5.13756 -19.1736 3.425
    endloop
  endfacet
  facet normal 0.29024 0.956954 -0
    outer loop
      vertex -5.13756 -19.1736 3.425
      vertex -6.38057 -18.7966 4.79375
      vertex -5.13756 -19.1736 4.825
    endloop
  endfacet
  facet normal 0.29024 0.956954 0
    outer loop
      vertex -6.38057 -18.7966 4.79375
      vertex -5.13756 -19.1736 3.425
      vertex -6.38057 -18.7966 3.39375
    endloop
  endfacet
  facet normal 0.127937 0.346419 -0.929315
    outer loop
      vertex -5.13756 -19.1736 4.825
      vertex -4.78943 -17.7126 5.41754
      vertex -4.74933 -17.7247 5.41855
    endloop
  endfacet
  facet normal 0.128395 0.346302 -0.929295
    outer loop
      vertex -4.78943 -17.7126 5.41754
      vertex -5.13756 -19.1736 4.825
      vertex -6.38057 -18.7966 4.79375
    endloop
  endfacet
  facet normal 0.129842 0.344457 -0.92978
    outer loop
      vertex -5.89841 -17.3762 5.3873
      vertex -4.78943 -17.7126 5.41754
      vertex -6.38057 -18.7966 4.79375
    endloop
  endfacet
  facet normal 0.059763 0.363229 0.929781
    outer loop
      vertex -3.87254 -19.4686 3.45625
      vertex -3.57991 -17.9974 2.8627
      vertex -4.70852 -17.7343 2.83246
    endloop
  endfacet
  facet normal 0.062609 0.363926 0.929321
    outer loop
      vertex -5.13756 -19.1736 3.425
      vertex -4.70852 -17.7343 2.83246
      vertex -4.74933 -17.7247 2.83145
    endloop
  endfacet
  facet normal 0.0619531 0.36411 0.929293
    outer loop
      vertex -4.70852 -17.7343 2.83246
      vertex -5.13756 -19.1736 3.425
      vertex -3.87254 -19.4686 3.45625
    endloop
  endfacet
  facet normal 0.227105 0.97387 -0
    outer loop
      vertex -3.87254 -19.4686 3.45625
      vertex -5.13756 -19.1736 4.825
      vertex -3.87254 -19.4686 4.85625
    endloop
  endfacet
  facet normal 0.227105 0.97387 0
    outer loop
      vertex -5.13756 -19.1736 4.825
      vertex -3.87254 -19.4686 3.45625
      vertex -5.13756 -19.1736 3.425
    endloop
  endfacet
  facet normal 0.105421 0.353955 -0.929302
    outer loop
      vertex -3.87254 -19.4686 4.85625
      vertex -3.62071 -17.9879 5.44879
      vertex -3.57991 -17.9974 5.4498
    endloop
  endfacet
  facet normal 0.105495 0.353941 -0.929299
    outer loop
      vertex -3.62071 -17.9879 5.44879
      vertex -3.87254 -19.4686 4.85625
      vertex -5.13756 -19.1736 4.825
    endloop
  endfacet
  facet normal 0.107049 0.352206 -0.92978
    outer loop
      vertex -5.13756 -19.1736 4.825
      vertex -4.74933 -17.7247 5.41855
      vertex -3.62071 -17.9879 5.44879
    endloop
  endfacet
  facet normal 0.0359028 0.366355 0.929782
    outer loop
      vertex -2.59094 -19.6802 3.4875
      vertex -2.39516 -18.193 2.89395
      vertex -3.53856 -18.0042 2.86371
    endloop
  endfacet
  facet normal 0.0377229 0.367416 0.929291
    outer loop
      vertex -3.53856 -18.0042 2.86371
      vertex -3.57991 -17.9974 2.8627
      vertex -3.87254 -19.4686 3.45625
    endloop
  endfacet
  facet normal 0.0379934 0.367359 0.929303
    outer loop
      vertex -3.53856 -18.0042 2.86371
      vertex -3.87254 -19.4686 3.45625
      vertex -2.59094 -19.6802 3.4875
    endloop
  endfacet
  facet normal 0.162901 0.986642 -0
    outer loop
      vertex -2.59094 -19.6802 3.4875
      vertex -3.87254 -19.4686 4.85625
      vertex -2.59094 -19.6802 4.8875
    endloop
  endfacet
  facet normal 0.162901 0.986642 0
    outer loop
      vertex -3.87254 -19.4686 4.85625
      vertex -2.59094 -19.6802 3.4875
      vertex -3.87254 -19.4686 3.45625
    endloop
  endfacet
  facet normal 0.0819379 0.360105 -0.929307
    outer loop
      vertex -2.59094 -19.6802 4.8875
      vertex -2.4365 -18.1862 5.48004
      vertex -2.39516 -18.193 5.48105
    endloop
  endfacet
  facet normal 0.0821117 0.360084 -0.929299
    outer loop
      vertex -2.4365 -18.1862 5.48004
      vertex -2.59094 -19.6802 4.8875
      vertex -3.87254 -19.4686 4.85625
    endloop
  endfacet
  facet normal 0.0837779 0.358453 -0.929781
    outer loop
      vertex -3.87254 -19.4686 4.85625
      vertex -3.57991 -17.9974 5.4498
      vertex -2.4365 -18.1862 5.48004
    endloop
  endfacet
  facet normal 0.0118611 0.367923 0.92978
    outer loop
      vertex -1.29825 -19.8075 3.51875
      vertex -1.20015 -18.3107 2.9252
      vertex -2.35346 -18.1971 2.89496
    endloop
  endfacet
  facet normal -0 0.239191 0.970973
    outer loop
      vertex -2.39516 -18.193 2.89395
      vertex -2.35346 -18.1971 2.89496
      vertex -2.39515 -18.193 2.89395
    endloop
  endfacet
  facet normal 0.0137797 0.369074 0.929298
    outer loop
      vertex -2.35346 -18.1971 2.89496
      vertex -2.39516 -18.193 2.89395
      vertex -2.59094 -19.6802 3.4875
    endloop
  endfacet
  facet normal 0.0138785 0.36906 0.929302
    outer loop
      vertex -2.35346 -18.1971 2.89496
      vertex -2.59094 -19.6802 3.4875
      vertex -1.29825 -19.8075 3.51875
    endloop
  endfacet
  facet normal 0.0980028 0.995186 -0
    outer loop
      vertex -1.29825 -19.8075 3.51875
      vertex -2.59094 -19.6802 4.8875
      vertex -1.29825 -19.8075 4.91875
    endloop
  endfacet
  facet normal 0.0980028 0.995186 0
    outer loop
      vertex -2.59094 -19.6802 4.8875
      vertex -1.29825 -19.8075 3.51875
      vertex -2.59094 -19.6802 3.4875
    endloop
  endfacet
  facet normal 0.0583645 0.364685 -0.9293
    outer loop
      vertex -1.29825 -19.8075 4.91875
      vertex -1.24185 -18.3066 5.51129
      vertex -1.20015 -18.3107 5.5123
    endloop
  endfacet
  facet normal 0.0583782 0.364684 -0.929299
    outer loop
      vertex -1.24185 -18.3066 5.51129
      vertex -1.29825 -19.8075 4.91875
      vertex -2.59094 -19.6802 4.8875
    endloop
  endfacet
  facet normal 0.0601508 0.363163 -0.929782
    outer loop
      vertex -2.59094 -19.6802 4.8875
      vertex -2.39515 -18.193 5.48105
      vertex -1.24185 -18.3066 5.51129
    endloop
  endfacet
  facet normal 0 0.370675 -0.928763
    outer loop
      vertex -2.39515 -18.193 5.48105
      vertex -2.59094 -19.6802 4.8875
      vertex -2.39516 -18.193 5.48105
    endloop
  endfacet
  facet normal -0.012236 0.367914 0.929779
    outer loop
      vertex 0 -19.85 3.55
      vertex 0 -18.35 2.95645
      vertex -1.15827 -18.3121 2.92621
    endloop
  endfacet
  facet normal -0.0100706 0.369173 0.929306
    outer loop
      vertex -1.29825 -19.8075 3.51875
      vertex -1.15827 -18.3121 2.92621
      vertex -1.20015 -18.3107 2.9252
    endloop
  endfacet
  facet normal -0.0102831 0.369189 0.929297
    outer loop
      vertex -1.15827 -18.3121 2.92621
      vertex -1.29825 -19.8075 3.51875
      vertex 0 -19.85 3.55
    endloop
  endfacet
  facet normal 0.0327188 0.999465 -0
    outer loop
      vertex 0 -19.85 3.55
      vertex -1.29825 -19.8075 4.91875
      vertex 0 -19.85 4.95
    endloop
  endfacet
  facet normal 0.0327188 0.999465 0
    outer loop
      vertex -1.29825 -19.8075 4.91875
      vertex 0 -19.85 3.55
      vertex -1.29825 -19.8075 3.51875
    endloop
  endfacet
  facet normal 0.0347042 0.36772 -0.929289
    outer loop
      vertex 0 -19.85 4.95
      vertex -0.0418793 -18.3486 5.54254
      vertex 0 -18.35 5.54355
    endloop
  endfacet
  facet normal 0.0344068 0.367716 -0.929301
    outer loop
      vertex -0.0418793 -18.3486 5.54254
      vertex 0 -19.85 4.95
      vertex -1.29825 -19.8075 4.91875
    endloop
  endfacet
  facet normal 0.0362612 0.366324 -0.92978
    outer loop
      vertex -1.20015 -18.3107 5.5123
      vertex -0.0418793 -18.3486 5.54254
      vertex -1.29825 -19.8075 4.91875
    endloop
  endfacet
  facet normal -0.0362612 0.366324 0.92978
    outer loop
      vertex 1.29825 -19.8075 3.58125
      vertex 1.20015 -18.3107 2.9877
      vertex 0.0418793 -18.3486 2.95746
    endloop
  endfacet
  facet normal -0.0347042 0.36772 0.929289
    outer loop
      vertex 0 -19.85 3.55
      vertex 0.0418793 -18.3486 2.95746
      vertex 0 -18.35 2.95645
    endloop
  endfacet
  facet normal -0.0344068 0.367716 0.929301
    outer loop
      vertex 0.0418793 -18.3486 2.95746
      vertex 0 -19.85 3.55
      vertex 1.29825 -19.8075 3.58125
    endloop
  endfacet
  facet normal -0.0327188 0.999465 0
    outer loop
      vertex 1.29825 -19.8075 3.58125
      vertex 0 -19.85 4.95
      vertex 1.29825 -19.8075 4.98125
    endloop
  endfacet
  facet normal -0.0327188 0.999465 0
    outer loop
      vertex 0 -19.85 4.95
      vertex 1.29825 -19.8075 3.58125
      vertex 0 -19.85 3.55
    endloop
  endfacet
  facet normal 0.0100706 0.369173 -0.929306
    outer loop
      vertex 1.29825 -19.8075 4.98125
      vertex 1.15827 -18.3121 5.57379
      vertex 1.20015 -18.3107 5.5748
    endloop
  endfacet
  facet normal 0.0102831 0.369189 -0.929297
    outer loop
      vertex 1.15827 -18.3121 5.57379
      vertex 1.29825 -19.8075 4.98125
      vertex 0 -19.85 4.95
    endloop
  endfacet
  facet normal 0.012236 0.367914 -0.929779
    outer loop
      vertex 0 -18.35 5.54355
      vertex 1.15827 -18.3121 5.57379
      vertex 0 -19.85 4.95
    endloop
  endfacet
  facet normal -0 0.370675 0.928763
    outer loop
      vertex 2.39515 -18.193 3.01895
      vertex 2.59094 -19.6802 3.6125
      vertex 2.39516 -18.193 3.01895
    endloop
  endfacet
  facet normal -0.0601508 0.363163 0.929782
    outer loop
      vertex 2.59094 -19.6802 3.6125
      vertex 2.39515 -18.193 3.01895
      vertex 1.24185 -18.3066 2.98871
    endloop
  endfacet
  facet normal -0.0583782 0.364684 0.929299
    outer loop
      vertex 1.24185 -18.3066 2.98871
      vertex 1.29825 -19.8075 3.58125
      vertex 2.59094 -19.6802 3.6125
    endloop
  endfacet
  facet normal -0.0583645 0.364685 0.9293
    outer loop
      vertex 1.29825 -19.8075 3.58125
      vertex 1.24185 -18.3066 2.98871
      vertex 1.20015 -18.3107 2.9877
    endloop
  endfacet
  facet normal -0.0980028 0.995186 0
    outer loop
      vertex 2.59094 -19.6802 3.6125
      vertex 1.29825 -19.8075 4.98125
      vertex 2.59094 -19.6802 5.0125
    endloop
  endfacet
  facet normal -0.0980028 0.995186 0
    outer loop
      vertex 1.29825 -19.8075 4.98125
      vertex 2.59094 -19.6802 3.6125
      vertex 1.29825 -19.8075 3.58125
    endloop
  endfacet
  facet normal -0.0137797 0.369074 -0.929298
    outer loop
      vertex 2.35346 -18.1971 5.60504
      vertex 2.39516 -18.193 5.60605
      vertex 2.59094 -19.6802 5.0125
    endloop
  endfacet
  facet normal 0 0.239191 -0.970973
    outer loop
      vertex 2.39516 -18.193 5.60605
      vertex 2.35346 -18.1971 5.60504
      vertex 2.39515 -18.193 5.60605
    endloop
  endfacet
  facet normal -0.0138785 0.36906 -0.929302
    outer loop
      vertex 2.35346 -18.1971 5.60504
      vertex 2.59094 -19.6802 5.0125
      vertex 1.29825 -19.8075 4.98125
    endloop
  endfacet
  facet normal -0.0118611 0.367923 -0.92978
    outer loop
      vertex 2.35346 -18.1971 5.60504
      vertex 1.29825 -19.8075 4.98125
      vertex 1.20015 -18.3107 5.5748
    endloop
  endfacet
  facet normal -0.0837779 0.358453 0.929781
    outer loop
      vertex 3.87254 -19.4686 3.64375
      vertex 3.57991 -17.9974 3.0502
      vertex 2.4365 -18.1862 3.01996
    endloop
  endfacet
  facet normal -0.0821117 0.360084 0.929299
    outer loop
      vertex 2.4365 -18.1862 3.01996
      vertex 2.59094 -19.6802 3.6125
      vertex 3.87254 -19.4686 3.64375
    endloop
  endfacet
  facet normal -0.0819379 0.360105 0.929307
    outer loop
      vertex 2.59094 -19.6802 3.6125
      vertex 2.4365 -18.1862 3.01996
      vertex 2.39516 -18.193 3.01895
    endloop
  endfacet
  facet normal -0.162901 0.986642 0
    outer loop
      vertex 3.87254 -19.4686 3.64375
      vertex 2.59094 -19.6802 5.0125
      vertex 3.87254 -19.4686 5.04375
    endloop
  endfacet
  facet normal -0.162901 0.986642 0
    outer loop
      vertex 2.59094 -19.6802 5.0125
      vertex 3.87254 -19.4686 3.64375
      vertex 2.59094 -19.6802 3.6125
    endloop
  endfacet
  facet normal -0.0377229 0.367416 -0.929291
    outer loop
      vertex 3.53856 -18.0042 5.63629
      vertex 3.57991 -17.9974 5.6373
      vertex 3.87254 -19.4686 5.04375
    endloop
  endfacet
  facet normal -0.0379934 0.367359 -0.929303
    outer loop
      vertex 3.53856 -18.0042 5.63629
      vertex 3.87254 -19.4686 5.04375
      vertex 2.59094 -19.6802 5.0125
    endloop
  endfacet
  facet normal -0.0359028 0.366355 -0.929782
    outer loop
      vertex 3.53856 -18.0042 5.63629
      vertex 2.59094 -19.6802 5.0125
      vertex 2.39516 -18.193 5.60605
    endloop
  endfacet
  facet normal -0.107049 0.352206 0.92978
    outer loop
      vertex 5.13756 -19.1736 3.675
      vertex 4.74933 -17.7247 3.08145
      vertex 3.62071 -17.9879 3.05121
    endloop
  endfacet
  facet normal -0.105495 0.353941 0.929299
    outer loop
      vertex 3.62071 -17.9879 3.05121
      vertex 3.87254 -19.4686 3.64375
      vertex 5.13756 -19.1736 3.675
    endloop
  endfacet
  facet normal -0.105421 0.353955 0.929302
    outer loop
      vertex 3.87254 -19.4686 3.64375
      vertex 3.62071 -17.9879 3.05121
      vertex 3.57991 -17.9974 3.0502
    endloop
  endfacet
  facet normal -0.227105 0.97387 0
    outer loop
      vertex 5.13756 -19.1736 3.675
      vertex 3.87254 -19.4686 5.04375
      vertex 5.13756 -19.1736 5.075
    endloop
  endfacet
  facet normal -0.227105 0.97387 0
    outer loop
      vertex 3.87254 -19.4686 5.04375
      vertex 5.13756 -19.1736 3.675
      vertex 3.87254 -19.4686 3.64375
    endloop
  endfacet
  facet normal -0.062609 0.363926 -0.929321
    outer loop
      vertex 5.13756 -19.1736 5.075
      vertex 4.70852 -17.7343 5.66754
      vertex 4.74933 -17.7247 5.66855
    endloop
  endfacet
  facet normal -0.0619531 0.36411 -0.929293
    outer loop
      vertex 4.70852 -17.7343 5.66754
      vertex 5.13756 -19.1736 5.075
      vertex 3.87254 -19.4686 5.04375
    endloop
  endfacet
  facet normal -0.059763 0.363229 -0.929781
    outer loop
      vertex 4.70852 -17.7343 5.66754
      vertex 3.87254 -19.4686 5.04375
      vertex 3.57991 -17.9974 5.6373
    endloop
  endfacet
  facet normal -0.129842 0.344457 0.92978
    outer loop
      vertex 6.38057 -18.7966 3.70625
      vertex 5.89841 -17.3762 3.1127
      vertex 4.78943 -17.7126 3.08246
    endloop
  endfacet
  facet normal -0.128395 0.346302 0.929295
    outer loop
      vertex 4.78943 -17.7126 3.08246
      vertex 5.13756 -19.1736 3.675
      vertex 6.38057 -18.7966 3.70625
    endloop
  endfacet
  facet normal -0.127937 0.346419 0.929315
    outer loop
      vertex 5.13756 -19.1736 3.675
      vertex 4.78943 -17.7126 3.08246
      vertex 4.74933 -17.7247 3.08145
    endloop
  endfacet
  facet normal -0.29024 0.956954 0
    outer loop
      vertex 6.38057 -18.7966 3.70625
      vertex 5.13756 -19.1736 5.075
      vertex 6.38057 -18.7966 5.10625
    endloop
  endfacet
  facet normal -0.29024 0.956954 0
    outer loop
      vertex 5.13756 -19.1736 5.075
      vertex 6.38057 -18.7966 3.70625
      vertex 5.13756 -19.1736 3.675
    endloop
  endfacet
  facet normal -0.085076 0.359444 -0.92928
    outer loop
      vertex 6.38057 -18.7966 5.10625
      vertex 5.85832 -17.3883 5.69879
      vertex 5.89841 -17.3762 5.6998
    endloop
  endfacet
  facet normal -0.0855988 0.35926 -0.929304
    outer loop
      vertex 5.85832 -17.3883 5.69879
      vertex 6.38057 -18.7966 5.10625
      vertex 5.13756 -19.1736 5.075
    endloop
  endfacet
  facet normal -0.0834063 0.358541 -0.92978
    outer loop
      vertex 5.85832 -17.3883 5.69879
      vertex 5.13756 -19.1736 5.075
      vertex 4.74933 -17.7247 5.66855
    endloop
  endfacet
  facet normal -0.15209 0.335233 0.929778
    outer loop
      vertex 7.59627 -18.339 3.7375
      vertex 7.02224 -16.9532 3.14395
      vertex 5.93763 -17.3614 3.11371
    endloop
  endfacet
  facet normal -0.150789 0.337136 0.929302
    outer loop
      vertex 5.93763 -17.3614 3.11371
      vertex 6.38057 -18.7966 3.70625
      vertex 7.59627 -18.339 3.7375
    endloop
  endfacet
  facet normal -0.151113 0.337031 0.929288
    outer loop
      vertex 5.89841 -17.3762 3.1127
      vertex 6.38057 -18.7966 3.70625
      vertex 5.93763 -17.3614 3.11371
    endloop
  endfacet
  facet normal -0.352279 0.935895 0
    outer loop
      vertex 7.59627 -18.339 3.7375
      vertex 6.38057 -18.7966 5.10625
      vertex 7.59627 -18.339 5.1375
    endloop
  endfacet
  facet normal -0.352279 0.935895 0
    outer loop
      vertex 6.38057 -18.7966 5.10625
      vertex 7.59627 -18.339 3.7375
      vertex 6.38057 -18.7966 3.70625
    endloop
  endfacet
  facet normal -0.108417 0.353109 -0.929279
    outer loop
      vertex 7.59627 -18.339 5.1375
      vertex 6.98302 -16.9679 5.73004
      vertex 7.02224 -16.9532 5.73105
    endloop
  endfacet
  facet normal -0.108941 0.352885 -0.929303
    outer loop
      vertex 6.98302 -16.9679 5.73004
      vertex 7.59627 -18.339 5.1375
      vertex 6.38057 -18.7966 5.10625
    endloop
  endfacet
  facet normal -0.106704 0.352311 -0.92978
    outer loop
      vertex 6.38057 -18.7966 5.10625
      vertex 5.89841 -17.3762 5.6998
      vertex 6.98302 -16.9679 5.73004
    endloop
  endfacet
  facet normal -0.173699 0.324562 0.929779
    outer loop
      vertex 8.77943 -17.8029 3.76875
      vertex 8.116 -16.4576 3.1752
      vertex 7.06041 -16.9359 3.14496
    endloop
  endfacet
  facet normal -0.172514 0.326565 0.929298
    outer loop
      vertex 7.06041 -16.9359 3.14496
      vertex 7.59627 -18.339 3.7375
      vertex 8.77943 -17.8029 3.76875
    endloop
  endfacet
  facet normal -0.172587 0.326535 0.929295
    outer loop
      vertex 7.02224 -16.9532 3.14395
      vertex 7.59627 -18.339 3.7375
      vertex 7.06041 -16.9359 3.14496
    endloop
  endfacet
  facet normal -0.412718 0.910859 0
    outer loop
      vertex 8.77943 -17.8029 3.76875
      vertex 7.59627 -18.339 5.1375
      vertex 8.77943 -17.8029 5.16875
    endloop
  endfacet
  facet normal -0.412718 0.910859 0
    outer loop
      vertex 7.59627 -18.339 5.1375
      vertex 8.77943 -17.8029 3.76875
      vertex 7.59627 -18.339 3.7375
    endloop
  endfacet
  facet normal -0.131785 0.345019 -0.929298
    outer loop
      vertex 8.77943 -17.8029 5.16875
      vertex 8.07783 -16.4749 5.76129
      vertex 8.116 -16.4576 5.7623
    endloop
  endfacet
  facet normal -0.131786 0.345019 -0.929298
    outer loop
      vertex 8.07783 -16.4749 5.76129
      vertex 8.77943 -17.8029 5.16875
      vertex 7.59627 -18.339 5.1375
    endloop
  endfacet
  facet normal -0.129502 0.344589 -0.929778
    outer loop
      vertex 7.59627 -18.339 5.1375
      vertex 7.02224 -16.9532 5.73105
      vertex 8.07783 -16.4749 5.76129
    endloop
  endfacet
  facet normal -0.194553 0.312513 0.929777
    outer loop
      vertex 9.925 -17.1906 3.8
      vertex 9.175 -15.8916 3.20645
      vertex 8.15295 -16.4379 3.17621
    endloop
  endfacet
  facet normal -0.193499 0.314594 0.929295
    outer loop
      vertex 8.15295 -16.4379 3.17621
      vertex 8.77943 -17.8029 3.76875
      vertex 9.925 -17.1906 3.8
    endloop
  endfacet
  facet normal -0.193204 0.314735 0.929308
    outer loop
      vertex 8.77943 -17.8029 3.76875
      vertex 8.15295 -16.4379 3.17621
      vertex 8.116 -16.4576 3.1752
    endloop
  endfacet
  facet normal -0.471385 0.881928 0
    outer loop
      vertex 9.925 -17.1906 3.8
      vertex 8.77943 -17.8029 5.16875
      vertex 9.925 -17.1906 5.2
    endloop
  endfacet
  facet normal -0.471385 0.881928 0
    outer loop
      vertex 8.77943 -17.8029 5.16875
      vertex 9.925 -17.1906 3.8
      vertex 8.77943 -17.8029 3.76875
    endloop
  endfacet
  facet normal -0.153678 0.335886 -0.929281
    outer loop
      vertex 9.925 -17.1906 5.2
      vertex 9.13805 -15.9113 5.79254
      vertex 9.175 -15.8916 5.79355
    endloop
  endfacet
  facet normal -0.154058 0.335661 -0.9293
    outer loop
      vertex 9.13805 -15.9113 5.79254
      vertex 9.925 -17.1906 5.2
      vertex 8.77943 -17.8029 5.16875
    endloop
  endfacet
  facet normal -0.151757 0.335383 -0.929779
    outer loop
      vertex 8.116 -16.4576 5.7623
      vertex 9.13805 -15.9113 5.79254
      vertex 8.77943 -17.8029 5.16875
    endloop
  endfacet
  facet normal -0.214555 0.299119 0.929782
    outer loop
      vertex 11.0281 -16.5047 3.83125
      vertex 10.1947 -15.2575 3.2377
      vertex 9.21058 -15.8694 3.20746
    endloop
  endfacet
  facet normal -0.213644 0.301254 0.929302
    outer loop
      vertex 9.21058 -15.8694 3.20746
      vertex 9.925 -17.1906 3.8
      vertex 11.0281 -16.5047 3.83125
    endloop
  endfacet
  facet normal -0.214163 0.300962 0.929277
    outer loop
      vertex 9.925 -17.1906 3.8
      vertex 9.21058 -15.8694 3.20746
      vertex 9.175 -15.8916 3.20645
    endloop
  endfacet
  facet normal -0.528039 0.84922 0
    outer loop
      vertex 11.0281 -16.5047 3.83125
      vertex 9.925 -17.1906 5.2
      vertex 11.0281 -16.5047 5.23125
    endloop
  endfacet
  facet normal -0.528039 0.84922 0
    outer loop
      vertex 9.925 -17.1906 5.2
      vertex 11.0281 -16.5047 3.83125
      vertex 9.925 -17.1906 3.8
    endloop
  endfacet
  facet normal -0.175415 0.325039 -0.92929
    outer loop
      vertex 11.0281 -16.5047 5.23125
      vertex 10.1591 -15.2796 5.82379
      vertex 10.1947 -15.2575 5.8248
    endloop
  endfacet
  facet normal -0.175671 0.324864 -0.929303
    outer loop
      vertex 10.1591 -15.2796 5.82379
      vertex 11.0281 -16.5047 5.23125
      vertex 9.925 -17.1906 5.2
    endloop
  endfacet
  facet normal -0.17338 0.324738 -0.929777
    outer loop
      vertex 9.175 -15.8916 5.79355
      vertex 10.1591 -15.2796 5.82379
      vertex 9.925 -17.1906 5.2
    endloop
  endfacet
  facet normal -0.233685 0.284425 0.929782
    outer loop
      vertex 12.0839 -15.7481 3.8625
      vertex 11.1708 -14.558 3.26895
      vertex 10.2288 -15.2331 3.23871
    endloop
  endfacet
  facet normal -0.23291 0.286632 0.929298
    outer loop
      vertex 10.2288 -15.2331 3.23871
      vertex 11.0281 -16.5047 3.83125
      vertex 12.0839 -15.7481 3.8625
    endloop
  endfacet
  facet normal -0.232714 0.28676 0.929308
    outer loop
      vertex 11.0281 -16.5047 3.83125
      vertex 10.2288 -15.2331 3.23871
      vertex 10.1947 -15.2575 3.2377
    endloop
  endfacet
  facet normal -0.58249 0.812838 0
    outer loop
      vertex 12.0839 -15.7481 3.8625
      vertex 11.0281 -16.5047 5.23125
      vertex 12.0839 -15.7481 5.2625
    endloop
  endfacet
  facet normal -0.58249 0.812838 0
    outer loop
      vertex 11.0281 -16.5047 5.23125
      vertex 12.0839 -15.7481 3.8625
      vertex 11.0281 -16.5047 3.83125
    endloop
  endfacet
  facet normal -0.196328 0.312843 -0.929293
    outer loop
      vertex 12.0839 -15.7481 5.2625
      vertex 11.1367 -14.5824 5.85504
      vertex 11.1708 -14.558 5.85605
    endloop
  endfacet
  facet normal -0.196554 0.312665 -0.929304
    outer loop
      vertex 11.1367 -14.5824 5.85504
      vertex 12.0839 -15.7481 5.2625
      vertex 11.0281 -16.5047 5.23125
    endloop
  endfacet
  facet normal -0.194247 0.31269 -0.929781
    outer loop
      vertex 10.1947 -15.2575 5.8248
      vertex 11.1367 -14.5824 5.85504
      vertex 11.0281 -16.5047 5.23125
    endloop
  endfacet
  facet normal -0.251792 0.268551 0.929775
    outer loop
      vertex 13.088 -14.924 3.89375
      vertex 12.099 -13.7963 3.3002
      vertex 11.2032 -14.5315 3.26996
    endloop
  endfacet
  facet normal -0.251167 0.270788 0.929295
    outer loop
      vertex 11.2032 -14.5315 3.26996
      vertex 12.0839 -15.7481 3.8625
      vertex 13.088 -14.924 3.89375
    endloop
  endfacet
  facet normal -0.250721 0.271123 0.929318
    outer loop
      vertex 12.0839 -15.7481 3.8625
      vertex 11.2032 -14.5315 3.26996
      vertex 11.1708 -14.558 3.26895
    endloop
  endfacet
  facet normal -0.634419 0.772989 0
    outer loop
      vertex 13.088 -14.924 3.89375
      vertex 12.0839 -15.7481 5.2625
      vertex 13.088 -14.924 5.29375
    endloop
  endfacet
  facet normal -0.634419 0.772989 0
    outer loop
      vertex 12.0839 -15.7481 5.2625
      vertex 13.088 -14.924 3.89375
      vertex 12.0839 -15.7481 3.8625
    endloop
  endfacet
  facet normal -0.216596 0.299144 -0.929301
    outer loop
      vertex 12.0666 -13.8228 5.88629
      vertex 13.088 -14.924 5.29375
      vertex 12.0839 -15.7481 5.2625
    endloop
  endfacet
  facet normal -0.21608 0.299606 -0.929272
    outer loop
      vertex 13.088 -14.924 5.29375
      vertex 12.0666 -13.8228 5.88629
      vertex 12.099 -13.7963 5.8873
    endloop
  endfacet
  facet normal -0.214271 0.299321 -0.929782
    outer loop
      vertex 12.0666 -13.8228 5.88629
      vertex 12.0839 -15.7481 5.2625
      vertex 11.1708 -14.558 5.85605
    endloop
  endfacet
  facet normal -0.268798 0.251493 0.929784
    outer loop
      vertex 14.0361 -14.0361 3.925
      vertex 12.9754 -12.9754 3.33145
      vertex 12.1296 -13.7676 3.30121
    endloop
  endfacet
  facet normal -0.268314 0.253799 0.929297
    outer loop
      vertex 12.1296 -13.7676 3.30121
      vertex 13.088 -14.924 3.89375
      vertex 14.0361 -14.0361 3.925
    endloop
  endfacet
  facet normal -0.268535 0.25361 0.929285
    outer loop
      vertex 13.088 -14.924 3.89375
      vertex 12.1296 -13.7676 3.30121
      vertex 12.099 -13.7963 3.3002
    endloop
  endfacet
  facet normal -0.683554 0.7299 0
    outer loop
      vertex 14.0361 -14.0361 3.925
      vertex 13.088 -14.924 5.29375
      vertex 14.0361 -14.0361 5.325
    endloop
  endfacet
  facet normal -0.683554 0.7299 0
    outer loop
      vertex 13.088 -14.924 5.29375
      vertex 14.0361 -14.0361 3.925
      vertex 13.088 -14.924 3.89375
    endloop
  endfacet
  facet normal -0.235673 0.284358 -0.9293
    outer loop
      vertex 12.9448 -13.0041 5.91754
      vertex 14.0361 -14.0361 5.325
      vertex 13.088 -14.924 5.29375
    endloop
  endfacet
  facet normal -0.235854 0.284172 -0.929311
    outer loop
      vertex 14.0361 -14.0361 5.325
      vertex 12.9448 -13.0041 5.91754
      vertex 12.9754 -12.9754 5.91855
    endloop
  endfacet
  facet normal -0.233399 0.284682 -0.929775
    outer loop
      vertex 12.099 -13.7963 5.8873
      vertex 12.9448 -13.0041 5.91754
      vertex 13.088 -14.924 5.29375
    endloop
  endfacet
  facet normal -0.284682 0.233399 0.929775
    outer loop
      vertex 14.924 -13.088 3.95625
      vertex 13.7963 -12.099 3.3627
      vertex 13.0041 -12.9448 3.33246
    endloop
  endfacet
  facet normal -0.284358 0.235673 0.9293
    outer loop
      vertex 13.0041 -12.9448 3.33246
      vertex 14.0361 -14.0361 3.925
      vertex 14.924 -13.088 3.95625
    endloop
  endfacet
  facet normal -0.284172 0.235854 0.929311
    outer loop
      vertex 14.0361 -14.0361 3.925
      vertex 13.0041 -12.9448 3.33246
      vertex 12.9754 -12.9754 3.33145
    endloop
  endfacet
  facet normal -0.7299 0.683554 0
    outer loop
      vertex 14.0361 -14.0361 5.325
      vertex 14.924 -13.088 3.95625
      vertex 14.0361 -14.0361 3.925
    endloop
  endfacet
  facet normal -0.7299 0.683554 0
    outer loop
      vertex 14.924 -13.088 3.95625
      vertex 14.0361 -14.0361 5.325
      vertex 14.924 -13.088 5.35625
    endloop
  endfacet
  facet normal -0.253799 0.268314 -0.929297
    outer loop
      vertex 13.7676 -12.1296 5.94879
      vertex 14.924 -13.088 5.35625
      vertex 14.0361 -14.0361 5.325
    endloop
  endfacet
  facet normal -0.25361 0.268535 -0.929285
    outer loop
      vertex 14.924 -13.088 5.35625
      vertex 13.7676 -12.1296 5.94879
      vertex 13.7963 -12.099 5.9498
    endloop
  endfacet
  facet normal -0.251493 0.268798 -0.929784
    outer loop
      vertex 13.7676 -12.1296 5.94879
      vertex 14.0361 -14.0361 5.325
      vertex 12.9754 -12.9754 5.91855
    endloop
  endfacet
  facet normal -0.299321 0.214271 0.929782
    outer loop
      vertex 15.7481 -12.0839 3.9875
      vertex 14.558 -11.1708 3.39395
      vertex 13.8228 -12.0666 3.36371
    endloop
  endfacet
  facet normal -0.299144 0.216596 0.929301
    outer loop
      vertex 13.8228 -12.0666 3.36371
      vertex 14.924 -13.088 3.95625
      vertex 15.7481 -12.0839 3.9875
    endloop
  endfacet
  facet normal -0.299606 0.21608 0.929272
    outer loop
      vertex 14.924 -13.088 3.95625
      vertex 13.8228 -12.0666 3.36371
      vertex 13.7963 -12.099 3.3627
    endloop
  endfacet
  facet normal -0.772989 0.634419 0
    outer loop
      vertex 14.924 -13.088 5.35625
      vertex 15.7481 -12.0839 3.9875
      vertex 14.924 -13.088 3.95625
    endloop
  endfacet
  facet normal -0.772989 0.634419 0
    outer loop
      vertex 15.7481 -12.0839 3.9875
      vertex 14.924 -13.088 5.35625
      vertex 15.7481 -12.0839 5.3875
    endloop
  endfacet
  facet normal -0.270788 0.251167 -0.929295
    outer loop
      vertex 14.5315 -11.2032 5.98004
      vertex 15.7481 -12.0839 5.3875
      vertex 14.924 -13.088 5.35625
    endloop
  endfacet
  facet normal -0.271123 0.250721 -0.929318
    outer loop
      vertex 15.7481 -12.0839 5.3875
      vertex 14.5315 -11.2032 5.98004
      vertex 14.558 -11.1708 5.98105
    endloop
  endfacet
  facet normal -0.268551 0.251792 -0.929775
    outer loop
      vertex 14.5315 -11.2032 5.98004
      vertex 14.924 -13.088 5.35625
      vertex 13.7963 -12.099 5.9498
    endloop
  endfacet
  facet normal -0.31269 0.194247 0.929781
    outer loop
      vertex 16.5047 -11.0281 4.01875
      vertex 15.2575 -10.1947 3.4252
      vertex 14.5824 -11.1367 3.39496
    endloop
  endfacet
  facet normal -0.312665 0.196554 0.929304
    outer loop
      vertex 14.5824 -11.1367 3.39496
      vertex 15.7481 -12.0839 3.9875
      vertex 16.5047 -11.0281 4.01875
    endloop
  endfacet
  facet normal -0.312843 0.196328 0.929293
    outer loop
      vertex 15.7481 -12.0839 3.9875
      vertex 14.5824 -11.1367 3.39496
      vertex 14.558 -11.1708 3.39395
    endloop
  endfacet
  facet normal -0.812838 0.58249 0
    outer loop
      vertex 15.7481 -12.0839 5.3875
      vertex 16.5047 -11.0281 4.01875
      vertex 15.7481 -12.0839 3.9875
    endloop
  endfacet
  facet normal -0.812838 0.58249 0
    outer loop
      vertex 16.5047 -11.0281 4.01875
      vertex 15.7481 -12.0839 5.3875
      vertex 16.5047 -11.0281 5.41875
    endloop
  endfacet
  facet normal -0.286632 0.23291 -0.929298
    outer loop
      vertex 15.2331 -10.2288 6.01129
      vertex 16.5047 -11.0281 5.41875
      vertex 15.7481 -12.0839 5.3875
    endloop
  endfacet
  facet normal -0.28676 0.232714 -0.929308
    outer loop
      vertex 16.5047 -11.0281 5.41875
      vertex 15.2331 -10.2288 6.01129
      vertex 15.2575 -10.1947 6.0123
    endloop
  endfacet
  facet normal -0.284425 0.233685 -0.929782
    outer loop
      vertex 14.558 -11.1708 5.98105
      vertex 15.2331 -10.2288 6.01129
      vertex 15.7481 -12.0839 5.3875
    endloop
  endfacet
  facet normal -0.324738 0.17338 0.929777
    outer loop
      vertex 17.1906 -9.925 4.05
      vertex 15.8916 -9.175 3.45645
      vertex 15.2796 -10.1591 3.42621
    endloop
  endfacet
  facet normal -0.324864 0.175671 0.929303
    outer loop
      vertex 15.2796 -10.1591 3.42621
      vertex 16.5047 -11.0281 4.01875
      vertex 17.1906 -9.925 4.05
    endloop
  endfacet
  facet normal -0.325039 0.175415 0.92929
    outer loop
      vertex 16.5047 -11.0281 4.01875
      vertex 15.2796 -10.1591 3.42621
      vertex 15.2575 -10.1947 3.4252
    endloop
  endfacet
  facet normal -0.84922 0.528039 0
    outer loop
      vertex 16.5047 -11.0281 5.41875
      vertex 17.1906 -9.925 4.05
      vertex 16.5047 -11.0281 4.01875
    endloop
  endfacet
  facet normal -0.84922 0.528039 0
    outer loop
      vertex 17.1906 -9.925 4.05
      vertex 16.5047 -11.0281 5.41875
      vertex 17.1906 -9.925 5.45
    endloop
  endfacet
  facet normal -0.301254 0.213644 -0.929302
    outer loop
      vertex 15.8694 -9.21058 6.04254
      vertex 17.1906 -9.925 5.45
      vertex 16.5047 -11.0281 5.41875
    endloop
  endfacet
  facet normal -0.300962 0.214163 -0.929277
    outer loop
      vertex 17.1906 -9.925 5.45
      vertex 15.8694 -9.21058 6.04254
      vertex 15.8916 -9.175 6.04355
    endloop
  endfacet
  facet normal -0.299119 0.214555 -0.929782
    outer loop
      vertex 15.8694 -9.21058 6.04254
      vertex 16.5047 -11.0281 5.41875
      vertex 15.2575 -10.1947 6.0123
    endloop
  endfacet
  facet normal -0.335383 0.151757 0.929779
    outer loop
      vertex 17.8029 -8.77943 4.08125
      vertex 16.4576 -8.116 3.4877
      vertex 15.9113 -9.13805 3.45746
    endloop
  endfacet
  facet normal -0.335661 0.154058 0.9293
    outer loop
      vertex 15.9113 -9.13805 3.45746
      vertex 17.1906 -9.925 4.05
      vertex 17.8029 -8.77943 4.08125
    endloop
  endfacet
  facet normal -0.335886 0.153678 0.929281
    outer loop
      vertex 17.1906 -9.925 4.05
      vertex 15.9113 -9.13805 3.45746
      vertex 15.8916 -9.175 3.45645
    endloop
  endfacet
  facet normal -0.881928 0.471385 0
    outer loop
      vertex 17.1906 -9.925 5.45
      vertex 17.8029 -8.77943 4.08125
      vertex 17.1906 -9.925 4.05
    endloop
  endfacet
  facet normal -0.881928 0.471385 0
    outer loop
      vertex 17.8029 -8.77943 4.08125
      vertex 17.1906 -9.925 5.45
      vertex 17.8029 -8.77943 5.48125
    endloop
  endfacet
  facet normal -0.314594 0.193499 -0.929295
    outer loop
      vertex 16.4379 -8.15295 6.07379
      vertex 17.8029 -8.77943 5.48125
      vertex 17.1906 -9.925 5.45
    endloop
  endfacet
  facet normal -0.314735 0.193204 -0.929308
    outer loop
      vertex 17.8029 -8.77943 5.48125
      vertex 16.4379 -8.15295 6.07379
      vertex 16.4576 -8.116 6.0748
    endloop
  endfacet
  facet normal -0.312513 0.194553 -0.929777
    outer loop
      vertex 16.4379 -8.15295 6.07379
      vertex 17.1906 -9.925 5.45
      vertex 15.8916 -9.175 6.04355
    endloop
  endfacet
  facet normal -0.344589 0.129502 0.929778
    outer loop
      vertex 18.339 -7.59627 4.1125
      vertex 16.9532 -7.02224 3.51895
      vertex 16.4749 -8.07783 3.48871
    endloop
  endfacet
  facet normal -0.345019 0.131786 0.929298
    outer loop
      vertex 16.4749 -8.07783 3.48871
      vertex 17.8029 -8.77943 4.08125
      vertex 18.339 -7.59627 4.1125
    endloop
  endfacet
  facet normal -0.345019 0.131785 0.929298
    outer loop
      vertex 17.8029 -8.77943 4.08125
      vertex 16.4749 -8.07783 3.48871
      vertex 16.4576 -8.116 3.4877
    endloop
  endfacet
  facet normal -0.910859 0.412718 0
    outer loop
      vertex 17.8029 -8.77943 5.48125
      vertex 18.339 -7.59627 4.1125
      vertex 17.8029 -8.77943 4.08125
    endloop
  endfacet
  facet normal -0.910859 0.412718 0
    outer loop
      vertex 18.339 -7.59627 4.1125
      vertex 17.8029 -8.77943 5.48125
      vertex 18.339 -7.59627 5.5125
    endloop
  endfacet
  facet normal -0.326535 0.172587 -0.929295
    outer loop
      vertex 18.339 -7.59627 5.5125
      vertex 16.9359 -7.06041 6.10504
      vertex 16.9532 -7.02224 6.10605
    endloop
  endfacet
  facet normal -0.326565 0.172514 -0.929298
    outer loop
      vertex 16.9359 -7.06041 6.10504
      vertex 18.339 -7.59627 5.5125
      vertex 17.8029 -8.77943 5.48125
    endloop
  endfacet
  facet normal -0.324562 0.173699 -0.929779
    outer loop
      vertex 16.9359 -7.06041 6.10504
      vertex 17.8029 -8.77943 5.48125
      vertex 16.4576 -8.116 6.0748
    endloop
  endfacet
  facet normal -0.352311 0.106704 0.92978
    outer loop
      vertex 18.7966 -6.38057 4.14375
      vertex 17.3762 -5.89841 3.5502
      vertex 16.9679 -6.98302 3.51996
    endloop
  endfacet
  facet normal -0.352885 0.108941 0.929303
    outer loop
      vertex 16.9679 -6.98302 3.51996
      vertex 18.339 -7.59627 4.1125
      vertex 18.7966 -6.38057 4.14375
    endloop
  endfacet
  facet normal -0.353109 0.108417 0.929279
    outer loop
      vertex 18.339 -7.59627 4.1125
      vertex 16.9679 -6.98302 3.51996
      vertex 16.9532 -7.02224 3.51895
    endloop
  endfacet
  facet normal -0.935895 0.352279 0
    outer loop
      vertex 18.339 -7.59627 5.5125
      vertex 18.7966 -6.38057 4.14375
      vertex 18.339 -7.59627 4.1125
    endloop
  endfacet
  facet normal -0.935895 0.352279 0
    outer loop
      vertex 18.7966 -6.38057 4.14375
      vertex 18.339 -7.59627 5.5125
      vertex 18.7966 -6.38057 5.54375
    endloop
  endfacet
  facet normal -0.337031 0.151113 -0.929288
    outer loop
      vertex 18.7966 -6.38057 5.54375
      vertex 17.3614 -5.93763 6.13629
      vertex 17.3762 -5.89841 6.1373
    endloop
  endfacet
  facet normal -0.337136 0.150789 -0.929302
    outer loop
      vertex 17.3614 -5.93763 6.13629
      vertex 18.7966 -6.38057 5.54375
      vertex 18.339 -7.59627 5.5125
    endloop
  endfacet
  facet normal -0.335233 0.15209 -0.929778
    outer loop
      vertex 17.3614 -5.93763 6.13629
      vertex 18.339 -7.59627 5.5125
      vertex 16.9532 -7.02224 6.10605
    endloop
  endfacet
  facet normal -0.358541 0.0834063 0.92978
    outer loop
      vertex 19.1736 -5.13756 4.175
      vertex 17.7247 -4.74933 3.58145
      vertex 17.3883 -5.85832 3.55121
    endloop
  endfacet
  facet normal -0.35926 0.0855988 0.929304
    outer loop
      vertex 17.3883 -5.85832 3.55121
      vertex 18.7966 -6.38057 4.14375
      vertex 19.1736 -5.13756 4.175
    endloop
  endfacet
  facet normal -0.359444 0.085076 0.92928
    outer loop
      vertex 18.7966 -6.38057 4.14375
      vertex 17.3883 -5.85832 3.55121
      vertex 17.3762 -5.89841 3.5502
    endloop
  endfacet
  facet normal -0.956954 0.29024 0
    outer loop
      vertex 18.7966 -6.38057 5.54375
      vertex 19.1736 -5.13756 4.175
      vertex 18.7966 -6.38057 4.14375
    endloop
  endfacet
  facet normal -0.956954 0.29024 0
    outer loop
      vertex 19.1736 -5.13756 4.175
      vertex 18.7966 -6.38057 5.54375
      vertex 19.1736 -5.13756 5.575
    endloop
  endfacet
  facet normal -0.346302 0.128395 -0.929295
    outer loop
      vertex 17.7126 -4.78943 6.16754
      vertex 19.1736 -5.13756 5.575
      vertex 18.7966 -6.38057 5.54375
    endloop
  endfacet
  facet normal -0.346419 0.127937 -0.929315
    outer loop
      vertex 19.1736 -5.13756 5.575
      vertex 17.7126 -4.78943 6.16754
      vertex 17.7247 -4.74933 6.16855
    endloop
  endfacet
  facet normal -0.344457 0.129842 -0.92978
    outer loop
      vertex 17.7126 -4.78943 6.16754
      vertex 18.7966 -6.38057 5.54375
      vertex 17.3762 -5.89841 6.1373
    endloop
  endfacet
  facet normal -0.363229 0.059763 0.929781
    outer loop
      vertex 19.4686 -3.87254 4.20625
      vertex 17.9974 -3.57991 3.6127
      vertex 17.7343 -4.70852 3.58246
    endloop
  endfacet
  facet normal -0.36411 0.0619531 0.929293
    outer loop
      vertex 17.7343 -4.70852 3.58246
      vertex 19.1736 -5.13756 4.175
      vertex 19.4686 -3.87254 4.20625
    endloop
  endfacet
  facet normal -0.363926 0.062609 0.929321
    outer loop
      vertex 17.7247 -4.74933 3.58145
      vertex 19.1736 -5.13756 4.175
      vertex 17.7343 -4.70852 3.58246
    endloop
  endfacet
  facet normal -0.97387 0.227105 0
    outer loop
      vertex 19.1736 -5.13756 5.575
      vertex 19.4686 -3.87254 4.20625
      vertex 19.1736 -5.13756 4.175
    endloop
  endfacet
  facet normal -0.97387 0.227105 0
    outer loop
      vertex 19.4686 -3.87254 4.20625
      vertex 19.1736 -5.13756 5.575
      vertex 19.4686 -3.87254 5.60625
    endloop
  endfacet
  facet normal -0.353941 0.105495 -0.929299
    outer loop
      vertex 17.9879 -3.62071 6.19879
      vertex 19.4686 -3.87254 5.60625
      vertex 19.1736 -5.13756 5.575
    endloop
  endfacet
  facet normal -0.353955 0.105421 -0.929302
    outer loop
      vertex 19.4686 -3.87254 5.60625
      vertex 17.9879 -3.62071 6.19879
      vertex 17.9974 -3.57991 6.1998
    endloop
  endfacet
  facet normal -0.352206 0.107049 -0.92978
    outer loop
      vertex 19.1736 -5.13756 5.575
      vertex 17.7247 -4.74933 6.16855
      vertex 17.9879 -3.62071 6.19879
    endloop
  endfacet
  facet normal -0.366355 0.0359028 0.929782
    outer loop
      vertex 19.6802 -2.59094 4.2375
      vertex 18.193 -2.39516 3.64395
      vertex 18.0042 -3.53856 3.61371
    endloop
  endfacet
  facet normal -0.367359 0.0379934 0.929303
    outer loop
      vertex 18.0042 -3.53856 3.61371
      vertex 19.4686 -3.87254 4.20625
      vertex 19.6802 -2.59094 4.2375
    endloop
  endfacet
  facet normal -0.367416 0.0377229 0.929291
    outer loop
      vertex 18.0042 -3.53856 3.61371
      vertex 17.9974 -3.57991 3.6127
      vertex 19.4686 -3.87254 4.20625
    endloop
  endfacet
  facet normal -0.986642 0.162901 0
    outer loop
      vertex 19.4686 -3.87254 5.60625
      vertex 19.6802 -2.59094 4.2375
      vertex 19.4686 -3.87254 4.20625
    endloop
  endfacet
  facet normal -0.986642 0.162901 0
    outer loop
      vertex 19.6802 -2.59094 4.2375
      vertex 19.4686 -3.87254 5.60625
      vertex 19.6802 -2.59094 5.6375
    endloop
  endfacet
  facet normal -0.360084 0.0821117 -0.929299
    outer loop
      vertex 18.1862 -2.4365 6.23004
      vertex 19.6802 -2.59094 5.6375
      vertex 19.4686 -3.87254 5.60625
    endloop
  endfacet
  facet normal -0.360105 0.0819379 -0.929307
    outer loop
      vertex 19.6802 -2.59094 5.6375
      vertex 18.1862 -2.4365 6.23004
      vertex 18.193 -2.39516 6.23105
    endloop
  endfacet
  facet normal -0.358453 0.0837779 -0.929781
    outer loop
      vertex 19.4686 -3.87254 5.60625
      vertex 17.9974 -3.57991 6.1998
      vertex 18.1862 -2.4365 6.23004
    endloop
  endfacet
  facet normal -0.367923 0.0118611 0.92978
    outer loop
      vertex 19.8075 -1.29825 4.26875
      vertex 18.3107 -1.20015 3.6752
      vertex 18.1971 -2.35346 3.64496
    endloop
  endfacet
  facet normal -0.36906 0.0138785 0.929302
    outer loop
      vertex 18.1971 -2.35346 3.64496
      vertex 19.6802 -2.59094 4.2375
      vertex 19.8075 -1.29825 4.26875
    endloop
  endfacet
  facet normal -0.239191 0 0.970973
    outer loop
      vertex 18.193 -2.39516 3.64395
      vertex 18.1971 -2.35346 3.64496
      vertex 18.193 -2.39515 3.64395
    endloop
  endfacet
  facet normal -0.369074 0.0137797 0.929298
    outer loop
      vertex 18.1971 -2.35346 3.64496
      vertex 18.193 -2.39516 3.64395
      vertex 19.6802 -2.59094 4.2375
    endloop
  endfacet
  facet normal -0.995186 0.0980028 0
    outer loop
      vertex 19.6802 -2.59094 5.6375
      vertex 19.8075 -1.29825 4.26875
      vertex 19.6802 -2.59094 4.2375
    endloop
  endfacet
  facet normal -0.995186 0.0980028 0
    outer loop
      vertex 19.8075 -1.29825 4.26875
      vertex 19.6802 -2.59094 5.6375
      vertex 19.8075 -1.29825 5.66875
    endloop
  endfacet
  facet normal -0.364684 0.0583782 -0.929299
    outer loop
      vertex 18.3066 -1.24185 6.26129
      vertex 19.8075 -1.29825 5.66875
      vertex 19.6802 -2.59094 5.6375
    endloop
  endfacet
  facet normal -0.364685 0.0583645 -0.9293
    outer loop
      vertex 19.8075 -1.29825 5.66875
      vertex 18.3066 -1.24185 6.26129
      vertex 18.3107 -1.20015 6.2623
    endloop
  endfacet
  facet normal -0.370675 -0 -0.928763
    outer loop
      vertex 18.193 -2.39515 6.23105
      vertex 19.6802 -2.59094 5.6375
      vertex 18.193 -2.39516 6.23105
    endloop
  endfacet
  facet normal -0.363163 0.0601508 -0.929782
    outer loop
      vertex 19.6802 -2.59094 5.6375
      vertex 18.193 -2.39515 6.23105
      vertex 18.3066 -1.24185 6.26129
    endloop
  endfacet
  facet normal -0.367914 -0.012236 0.929779
    outer loop
      vertex 19.85 0 4.3
      vertex 18.35 0 3.70645
      vertex 18.3121 -1.15827 3.67621
    endloop
  endfacet
  facet normal -0.369189 -0.0102831 0.929297
    outer loop
      vertex 18.3121 -1.15827 3.67621
      vertex 19.8075 -1.29825 4.26875
      vertex 19.85 0 4.3
    endloop
  endfacet
  facet normal -0.369173 -0.0100706 0.929306
    outer loop
      vertex 19.8075 -1.29825 4.26875
      vertex 18.3121 -1.15827 3.67621
      vertex 18.3107 -1.20015 3.6752
    endloop
  endfacet
  facet normal -0.999465 0.0327188 0
    outer loop
      vertex 19.8075 -1.29825 5.66875
      vertex 19.85 0 4.3
      vertex 19.8075 -1.29825 4.26875
    endloop
  endfacet
  facet normal -0.999465 0.0327188 0
    outer loop
      vertex 19.85 0 4.3
      vertex 19.8075 -1.29825 5.66875
      vertex 19.85 0 5.7
    endloop
  endfacet
  facet normal -0.367716 0.0344068 -0.929301
    outer loop
      vertex 18.3486 -0.0418793 6.29254
      vertex 19.85 0 5.7
      vertex 19.8075 -1.29825 5.66875
    endloop
  endfacet
  facet normal -0.36772 0.0347042 -0.929289
    outer loop
      vertex 19.85 0 5.7
      vertex 18.3486 -0.0418793 6.29254
      vertex 18.35 0 6.29355
    endloop
  endfacet
  facet normal -0.366324 0.0362612 -0.92978
    outer loop
      vertex 18.3107 -1.20015 6.2623
      vertex 18.3486 -0.0418793 6.29254
      vertex 19.8075 -1.29825 5.66875
    endloop
  endfacet
  facet normal -0.366324 -0.0362612 0.92978
    outer loop
      vertex 18.3107 1.20015 3.7377
      vertex 18.3486 0.0418793 3.70746
      vertex 19.8075 1.29825 4.33125
    endloop
  endfacet
  facet normal -0.367716 -0.0344068 0.929301
    outer loop
      vertex 18.3486 0.0418793 3.70746
      vertex 19.85 0 4.3
      vertex 19.8075 1.29825 4.33125
    endloop
  endfacet
  facet normal -0.36772 -0.0347042 0.929289
    outer loop
      vertex 19.85 0 4.3
      vertex 18.3486 0.0418793 3.70746
      vertex 18.35 0 3.70645
    endloop
  endfacet
  facet normal -0.999465 -0.0327188 -0
    outer loop
      vertex 19.85 0 5.7
      vertex 19.8075 1.29825 4.33125
      vertex 19.85 0 4.3
    endloop
  endfacet
  facet normal -0.999465 -0.0327188 0
    outer loop
      vertex 19.8075 1.29825 4.33125
      vertex 19.85 0 5.7
      vertex 19.8075 1.29825 5.73125
    endloop
  endfacet
  facet normal -0.369189 0.0102831 -0.929297
    outer loop
      vertex 18.3121 1.15827 6.32379
      vertex 19.8075 1.29825 5.73125
      vertex 19.85 0 5.7
    endloop
  endfacet
  facet normal -0.369173 0.0100706 -0.929306
    outer loop
      vertex 19.8075 1.29825 5.73125
      vertex 18.3121 1.15827 6.32379
      vertex 18.3107 1.20015 6.3248
    endloop
  endfacet
  facet normal -0.367914 0.012236 -0.929779
    outer loop
      vertex 19.85 0 5.7
      vertex 18.35 0 6.29355
      vertex 18.3121 1.15827 6.32379
    endloop
  endfacet
  facet normal -0.370675 0 0.928763
    outer loop
      vertex 18.193 2.39515 3.76895
      vertex 19.6802 2.59094 4.3625
      vertex 18.193 2.39516 3.76895
    endloop
  endfacet
  facet normal -0.363163 -0.0601508 0.929782
    outer loop
      vertex 19.6802 2.59094 4.3625
      vertex 18.193 2.39515 3.76895
      vertex 18.3066 1.24185 3.73871
    endloop
  endfacet
  facet normal -0.364684 -0.0583782 0.929299
    outer loop
      vertex 18.3066 1.24185 3.73871
      vertex 19.8075 1.29825 4.33125
      vertex 19.6802 2.59094 4.3625
    endloop
  endfacet
  facet normal -0.364685 -0.0583645 0.9293
    outer loop
      vertex 19.8075 1.29825 4.33125
      vertex 18.3066 1.24185 3.73871
      vertex 18.3107 1.20015 3.7377
    endloop
  endfacet
  facet normal -0.995186 -0.0980028 -0
    outer loop
      vertex 19.8075 1.29825 5.73125
      vertex 19.6802 2.59094 4.3625
      vertex 19.8075 1.29825 4.33125
    endloop
  endfacet
  facet normal -0.995186 -0.0980028 0
    outer loop
      vertex 19.6802 2.59094 4.3625
      vertex 19.8075 1.29825 5.73125
      vertex 19.6802 2.59094 5.7625
    endloop
  endfacet
  facet normal -0.36906 -0.0138785 -0.929302
    outer loop
      vertex 18.1971 2.35346 6.35504
      vertex 19.6802 2.59094 5.7625
      vertex 19.8075 1.29825 5.73125
    endloop
  endfacet
  facet normal -0.239191 -0 -0.970973
    outer loop
      vertex 18.193 2.39516 6.35605
      vertex 18.1971 2.35346 6.35504
      vertex 18.193 2.39515 6.35605
    endloop
  endfacet
  facet normal -0.369074 -0.0137797 -0.929298
    outer loop
      vertex 18.1971 2.35346 6.35504
      vertex 18.193 2.39516 6.35605
      vertex 19.6802 2.59094 5.7625
    endloop
  endfacet
  facet normal -0.367923 -0.0118611 -0.92978
    outer loop
      vertex 19.8075 1.29825 5.73125
      vertex 18.3107 1.20015 6.3248
      vertex 18.1971 2.35346 6.35504
    endloop
  endfacet
  facet normal -0.358453 -0.0837779 0.929781
    outer loop
      vertex 19.4686 3.87254 4.39375
      vertex 17.9974 3.57991 3.8002
      vertex 18.1862 2.4365 3.76996
    endloop
  endfacet
  facet normal -0.360084 -0.0821117 0.929299
    outer loop
      vertex 18.1862 2.4365 3.76996
      vertex 19.6802 2.59094 4.3625
      vertex 19.4686 3.87254 4.39375
    endloop
  endfacet
  facet normal -0.360105 -0.0819379 0.929307
    outer loop
      vertex 19.6802 2.59094 4.3625
      vertex 18.1862 2.4365 3.76996
      vertex 18.193 2.39516 3.76895
    endloop
  endfacet
  facet normal -0.986642 -0.162901 -0
    outer loop
      vertex 19.6802 2.59094 5.7625
      vertex 19.4686 3.87254 4.39375
      vertex 19.6802 2.59094 4.3625
    endloop
  endfacet
  facet normal -0.986642 -0.162901 0
    outer loop
      vertex 19.4686 3.87254 4.39375
      vertex 19.6802 2.59094 5.7625
      vertex 19.4686 3.87254 5.79375
    endloop
  endfacet
  facet normal -0.367359 -0.0379934 -0.929303
    outer loop
      vertex 18.0042 3.53856 6.38629
      vertex 19.4686 3.87254 5.79375
      vertex 19.6802 2.59094 5.7625
    endloop
  endfacet
  facet normal -0.367416 -0.0377229 -0.929291
    outer loop
      vertex 18.0042 3.53856 6.38629
      vertex 17.9974 3.57991 6.3873
      vertex 19.4686 3.87254 5.79375
    endloop
  endfacet
  facet normal -0.366355 -0.0359028 -0.929782
    outer loop
      vertex 19.6802 2.59094 5.7625
      vertex 18.193 2.39516 6.35605
      vertex 18.0042 3.53856 6.38629
    endloop
  endfacet
  facet normal -0.352206 -0.107049 0.92978
    outer loop
      vertex 19.1736 5.13756 4.425
      vertex 17.7247 4.74933 3.83145
      vertex 17.9879 3.62071 3.80121
    endloop
  endfacet
  facet normal -0.353941 -0.105495 0.929299
    outer loop
      vertex 17.9879 3.62071 3.80121
      vertex 19.4686 3.87254 4.39375
      vertex 19.1736 5.13756 4.425
    endloop
  endfacet
  facet normal -0.353955 -0.105421 0.929302
    outer loop
      vertex 19.4686 3.87254 4.39375
      vertex 17.9879 3.62071 3.80121
      vertex 17.9974 3.57991 3.8002
    endloop
  endfacet
  facet normal -0.97387 -0.227105 -0
    outer loop
      vertex 19.4686 3.87254 5.79375
      vertex 19.1736 5.13756 4.425
      vertex 19.4686 3.87254 4.39375
    endloop
  endfacet
  facet normal -0.97387 -0.227105 0
    outer loop
      vertex 19.1736 5.13756 4.425
      vertex 19.4686 3.87254 5.79375
      vertex 19.1736 5.13756 5.825
    endloop
  endfacet
  facet normal -0.36411 -0.0619531 -0.929293
    outer loop
      vertex 17.7343 4.70852 6.41754
      vertex 19.1736 5.13756 5.825
      vertex 19.4686 3.87254 5.79375
    endloop
  endfacet
  facet normal -0.363926 -0.062609 -0.929321
    outer loop
      vertex 17.7247 4.74933 6.41855
      vertex 19.1736 5.13756 5.825
      vertex 17.7343 4.70852 6.41754
    endloop
  endfacet
  facet normal -0.363229 -0.059763 -0.929781
    outer loop
      vertex 19.4686 3.87254 5.79375
      vertex 17.9974 3.57991 6.3873
      vertex 17.7343 4.70852 6.41754
    endloop
  endfacet
  facet normal -0.344457 -0.129842 0.92978
    outer loop
      vertex 17.7126 4.78943 3.83246
      vertex 18.7966 6.38057 4.45625
      vertex 17.3762 5.89841 3.8627
    endloop
  endfacet
  facet normal -0.346302 -0.128395 0.929295
    outer loop
      vertex 17.7126 4.78943 3.83246
      vertex 19.1736 5.13756 4.425
      vertex 18.7966 6.38057 4.45625
    endloop
  endfacet
  facet normal -0.346419 -0.127937 0.929315
    outer loop
      vertex 19.1736 5.13756 4.425
      vertex 17.7126 4.78943 3.83246
      vertex 17.7247 4.74933 3.83145
    endloop
  endfacet
  facet normal -0.956954 -0.29024 -0
    outer loop
      vertex 19.1736 5.13756 5.825
      vertex 18.7966 6.38057 4.45625
      vertex 19.1736 5.13756 4.425
    endloop
  endfacet
  facet normal -0.956954 -0.29024 0
    outer loop
      vertex 18.7966 6.38057 4.45625
      vertex 19.1736 5.13756 5.825
      vertex 18.7966 6.38057 5.85625
    endloop
  endfacet
  facet normal -0.35926 -0.0855988 -0.929304
    outer loop
      vertex 17.3883 5.85832 6.44879
      vertex 18.7966 6.38057 5.85625
      vertex 19.1736 5.13756 5.825
    endloop
  endfacet
  facet normal -0.359444 -0.085076 -0.92928
    outer loop
      vertex 18.7966 6.38057 5.85625
      vertex 17.3883 5.85832 6.44879
      vertex 17.3762 5.89841 6.4498
    endloop
  endfacet
  facet normal -0.358541 -0.0834063 -0.92978
    outer loop
      vertex 19.1736 5.13756 5.825
      vertex 17.7247 4.74933 6.41855
      vertex 17.3883 5.85832 6.44879
    endloop
  endfacet
  facet normal -0.335233 -0.15209 0.929778
    outer loop
      vertex 17.3614 5.93763 3.86371
      vertex 18.339 7.59627 4.4875
      vertex 16.9532 7.02224 3.89395
    endloop
  endfacet
  facet normal -0.337031 -0.151113 0.929288
    outer loop
      vertex 18.7966 6.38057 4.45625
      vertex 17.3614 5.93763 3.86371
      vertex 17.3762 5.89841 3.8627
    endloop
  endfacet
  facet normal -0.337136 -0.150789 0.929302
    outer loop
      vertex 17.3614 5.93763 3.86371
      vertex 18.7966 6.38057 4.45625
      vertex 18.339 7.59627 4.4875
    endloop
  endfacet
  facet normal -0.935895 -0.352279 -0
    outer loop
      vertex 18.7966 6.38057 5.85625
      vertex 18.339 7.59627 4.4875
      vertex 18.7966 6.38057 4.45625
    endloop
  endfacet
  facet normal -0.935895 -0.352279 0
    outer loop
      vertex 18.339 7.59627 4.4875
      vertex 18.7966 6.38057 5.85625
      vertex 18.339 7.59627 5.8875
    endloop
  endfacet
  facet normal -0.352885 -0.108941 -0.929303
    outer loop
      vertex 16.9679 6.98302 6.48004
      vertex 18.339 7.59627 5.8875
      vertex 18.7966 6.38057 5.85625
    endloop
  endfacet
  facet normal -0.353109 -0.108417 -0.929279
    outer loop
      vertex 18.339 7.59627 5.8875
      vertex 16.9679 6.98302 6.48004
      vertex 16.9532 7.02224 6.48105
    endloop
  endfacet
  facet normal -0.352311 -0.106704 -0.92978
    outer loop
      vertex 18.7966 6.38057 5.85625
      vertex 17.3762 5.89841 6.4498
      vertex 16.9679 6.98302 6.48004
    endloop
  endfacet
  facet normal -0.324562 -0.173699 0.929779
    outer loop
      vertex 16.9359 7.06041 3.89496
      vertex 17.8029 8.77943 4.51875
      vertex 16.4576 8.116 3.9252
    endloop
  endfacet
  facet normal -0.326535 -0.172587 0.929295
    outer loop
      vertex 18.339 7.59627 4.4875
      vertex 16.9359 7.06041 3.89496
      vertex 16.9532 7.02224 3.89395
    endloop
  endfacet
  facet normal -0.326565 -0.172514 0.929298
    outer loop
      vertex 16.9359 7.06041 3.89496
      vertex 18.339 7.59627 4.4875
      vertex 17.8029 8.77943 4.51875
    endloop
  endfacet
  facet normal -0.910859 -0.412718 -0
    outer loop
      vertex 18.339 7.59627 5.8875
      vertex 17.8029 8.77943 4.51875
      vertex 18.339 7.59627 4.4875
    endloop
  endfacet
  facet normal -0.910859 -0.412718 0
    outer loop
      vertex 17.8029 8.77943 4.51875
      vertex 18.339 7.59627 5.8875
      vertex 17.8029 8.77943 5.91875
    endloop
  endfacet
  facet normal -0.345019 -0.131786 -0.929298
    outer loop
      vertex 16.4749 8.07783 6.51129
      vertex 17.8029 8.77943 5.91875
      vertex 18.339 7.59627 5.8875
    endloop
  endfacet
  facet normal -0.345019 -0.131785 -0.929298
    outer loop
      vertex 17.8029 8.77943 5.91875
      vertex 16.4749 8.07783 6.51129
      vertex 16.4576 8.116 6.5123
    endloop
  endfacet
  facet normal -0.344589 -0.129502 -0.929778
    outer loop
      vertex 18.339 7.59627 5.8875
      vertex 16.9532 7.02224 6.48105
      vertex 16.4749 8.07783 6.51129
    endloop
  endfacet
  facet normal -0.312513 -0.194553 0.929777
    outer loop
      vertex 16.4379 8.15295 3.92621
      vertex 17.1906 9.925 4.55
      vertex 15.8916 9.175 3.95645
    endloop
  endfacet
  facet normal -0.314594 -0.193499 0.929295
    outer loop
      vertex 16.4379 8.15295 3.92621
      vertex 17.8029 8.77943 4.51875
      vertex 17.1906 9.925 4.55
    endloop
  endfacet
  facet normal -0.314735 -0.193204 0.929308
    outer loop
      vertex 17.8029 8.77943 4.51875
      vertex 16.4379 8.15295 3.92621
      vertex 16.4576 8.116 3.9252
    endloop
  endfacet
  facet normal -0.881928 -0.471385 -0
    outer loop
      vertex 17.8029 8.77943 5.91875
      vertex 17.1906 9.925 4.55
      vertex 17.8029 8.77943 4.51875
    endloop
  endfacet
  facet normal -0.881928 -0.471385 0
    outer loop
      vertex 17.1906 9.925 4.55
      vertex 17.8029 8.77943 5.91875
      vertex 17.1906 9.925 5.95
    endloop
  endfacet
  facet normal -0.335661 -0.154058 -0.9293
    outer loop
      vertex 15.9113 9.13805 6.54254
      vertex 17.1906 9.925 5.95
      vertex 17.8029 8.77943 5.91875
    endloop
  endfacet
  facet normal -0.335886 -0.153678 -0.929281
    outer loop
      vertex 17.1906 9.925 5.95
      vertex 15.9113 9.13805 6.54254
      vertex 15.8916 9.175 6.54355
    endloop
  endfacet
  facet normal -0.335383 -0.151757 -0.929779
    outer loop
      vertex 17.8029 8.77943 5.91875
      vertex 16.4576 8.116 6.5123
      vertex 15.9113 9.13805 6.54254
    endloop
  endfacet
  facet normal -0.299119 -0.214555 0.929782
    outer loop
      vertex 15.8694 9.21058 3.95746
      vertex 16.5047 11.0281 4.58125
      vertex 15.2575 10.1947 3.9877
    endloop
  endfacet
  facet normal -0.301254 -0.213644 0.929302
    outer loop
      vertex 15.8694 9.21058 3.95746
      vertex 17.1906 9.925 4.55
      vertex 16.5047 11.0281 4.58125
    endloop
  endfacet
  facet normal -0.300962 -0.214163 0.929277
    outer loop
      vertex 17.1906 9.925 4.55
      vertex 15.8694 9.21058 3.95746
      vertex 15.8916 9.175 3.95645
    endloop
  endfacet
  facet normal -0.84922 -0.528039 -0
    outer loop
      vertex 17.1906 9.925 5.95
      vertex 16.5047 11.0281 4.58125
      vertex 17.1906 9.925 4.55
    endloop
  endfacet
  facet normal -0.84922 -0.528039 0
    outer loop
      vertex 16.5047 11.0281 4.58125
      vertex 17.1906 9.925 5.95
      vertex 16.5047 11.0281 5.98125
    endloop
  endfacet
  facet normal -0.324864 -0.175671 -0.929303
    outer loop
      vertex 15.2796 10.1591 6.57379
      vertex 16.5047 11.0281 5.98125
      vertex 17.1906 9.925 5.95
    endloop
  endfacet
  facet normal -0.325039 -0.175415 -0.92929
    outer loop
      vertex 16.5047 11.0281 5.98125
      vertex 15.2796 10.1591 6.57379
      vertex 15.2575 10.1947 6.5748
    endloop
  endfacet
  facet normal -0.324738 -0.17338 -0.929777
    outer loop
      vertex 17.1906 9.925 5.95
      vertex 15.8916 9.175 6.54355
      vertex 15.2796 10.1591 6.57379
    endloop
  endfacet
  facet normal -0.284425 -0.233685 0.929782
    outer loop
      vertex 14.558 11.1708 4.01895
      vertex 15.2331 10.2288 3.98871
      vertex 15.7481 12.0839 4.6125
    endloop
  endfacet
  facet normal -0.286632 -0.23291 0.929298
    outer loop
      vertex 15.2331 10.2288 3.98871
      vertex 16.5047 11.0281 4.58125
      vertex 15.7481 12.0839 4.6125
    endloop
  endfacet
  facet normal -0.28676 -0.232714 0.929308
    outer loop
      vertex 16.5047 11.0281 4.58125
      vertex 15.2331 10.2288 3.98871
      vertex 15.2575 10.1947 3.9877
    endloop
  endfacet
  facet normal -0.812838 -0.58249 -0
    outer loop
      vertex 16.5047 11.0281 5.98125
      vertex 15.7481 12.0839 4.6125
      vertex 16.5047 11.0281 4.58125
    endloop
  endfacet
  facet normal -0.812838 -0.58249 0
    outer loop
      vertex 15.7481 12.0839 4.6125
      vertex 16.5047 11.0281 5.98125
      vertex 15.7481 12.0839 6.0125
    endloop
  endfacet
  facet normal -0.312665 -0.196554 -0.929304
    outer loop
      vertex 14.5824 11.1367 6.60504
      vertex 15.7481 12.0839 6.0125
      vertex 16.5047 11.0281 5.98125
    endloop
  endfacet
  facet normal -0.312843 -0.196328 -0.929293
    outer loop
      vertex 15.7481 12.0839 6.0125
      vertex 14.5824 11.1367 6.60504
      vertex 14.558 11.1708 6.60605
    endloop
  endfacet
  facet normal -0.31269 -0.194247 -0.929781
    outer loop
      vertex 16.5047 11.0281 5.98125
      vertex 15.2575 10.1947 6.5748
      vertex 14.5824 11.1367 6.60504
    endloop
  endfacet
  facet normal -0.268551 -0.251792 0.929775
    outer loop
      vertex 14.5315 11.2032 4.01996
      vertex 14.924 13.088 4.64375
      vertex 13.7963 12.099 4.0502
    endloop
  endfacet
  facet normal -0.270788 -0.251167 0.929295
    outer loop
      vertex 14.5315 11.2032 4.01996
      vertex 15.7481 12.0839 4.6125
      vertex 14.924 13.088 4.64375
    endloop
  endfacet
  facet normal -0.271123 -0.250721 0.929318
    outer loop
      vertex 15.7481 12.0839 4.6125
      vertex 14.5315 11.2032 4.01996
      vertex 14.558 11.1708 4.01895
    endloop
  endfacet
  facet normal -0.772989 -0.634419 -0
    outer loop
      vertex 15.7481 12.0839 6.0125
      vertex 14.924 13.088 4.64375
      vertex 15.7481 12.0839 4.6125
    endloop
  endfacet
  facet normal -0.772989 -0.634419 0
    outer loop
      vertex 14.924 13.088 4.64375
      vertex 15.7481 12.0839 6.0125
      vertex 14.924 13.088 6.04375
    endloop
  endfacet
  facet normal -0.299144 -0.216596 -0.929301
    outer loop
      vertex 13.8228 12.0666 6.63629
      vertex 14.924 13.088 6.04375
      vertex 15.7481 12.0839 6.0125
    endloop
  endfacet
  facet normal -0.299606 -0.21608 -0.929272
    outer loop
      vertex 14.924 13.088 6.04375
      vertex 13.8228 12.0666 6.63629
      vertex 13.7963 12.099 6.6373
    endloop
  endfacet
  facet normal -0.299321 -0.214271 -0.929782
    outer loop
      vertex 15.7481 12.0839 6.0125
      vertex 14.558 11.1708 6.60605
      vertex 13.8228 12.0666 6.63629
    endloop
  endfacet
  facet normal -0.251493 -0.268798 0.929784
    outer loop
      vertex 13.7676 12.1296 4.05121
      vertex 14.0361 14.0361 4.675
      vertex 12.9754 12.9754 4.08145
    endloop
  endfacet
  facet normal -0.253799 -0.268314 0.929297
    outer loop
      vertex 13.7676 12.1296 4.05121
      vertex 14.924 13.088 4.64375
      vertex 14.0361 14.0361 4.675
    endloop
  endfacet
  facet normal -0.25361 -0.268535 0.929285
    outer loop
      vertex 14.924 13.088 4.64375
      vertex 13.7676 12.1296 4.05121
      vertex 13.7963 12.099 4.0502
    endloop
  endfacet
  facet normal -0.7299 -0.683554 -0
    outer loop
      vertex 14.924 13.088 6.04375
      vertex 14.0361 14.0361 4.675
      vertex 14.924 13.088 4.64375
    endloop
  endfacet
  facet normal -0.7299 -0.683554 0
    outer loop
      vertex 14.0361 14.0361 4.675
      vertex 14.924 13.088 6.04375
      vertex 14.0361 14.0361 6.075
    endloop
  endfacet
  facet normal -0.284358 -0.235673 -0.9293
    outer loop
      vertex 13.0041 12.9448 6.66754
      vertex 14.0361 14.0361 6.075
      vertex 14.924 13.088 6.04375
    endloop
  endfacet
  facet normal -0.284172 -0.235854 -0.929311
    outer loop
      vertex 14.0361 14.0361 6.075
      vertex 13.0041 12.9448 6.66754
      vertex 12.9754 12.9754 6.66855
    endloop
  endfacet
  facet normal -0.284682 -0.233399 -0.929775
    outer loop
      vertex 14.924 13.088 6.04375
      vertex 13.7963 12.099 6.6373
      vertex 13.0041 12.9448 6.66754
    endloop
  endfacet
  facet normal -0.233399 -0.284682 0.929775
    outer loop
      vertex 12.099 13.7963 4.1127
      vertex 12.9448 13.0041 4.08246
      vertex 13.088 14.924 4.70625
    endloop
  endfacet
  facet normal -0.235673 -0.284358 0.9293
    outer loop
      vertex 12.9448 13.0041 4.08246
      vertex 14.0361 14.0361 4.675
      vertex 13.088 14.924 4.70625
    endloop
  endfacet
  facet normal -0.235854 -0.284172 0.929311
    outer loop
      vertex 14.0361 14.0361 4.675
      vertex 12.9448 13.0041 4.08246
      vertex 12.9754 12.9754 4.08145
    endloop
  endfacet
  facet normal -0.683554 -0.7299 0
    outer loop
      vertex 13.088 14.924 4.70625
      vertex 14.0361 14.0361 6.075
      vertex 13.088 14.924 6.10625
    endloop
  endfacet
  facet normal -0.683554 -0.7299 -0
    outer loop
      vertex 14.0361 14.0361 6.075
      vertex 13.088 14.924 4.70625
      vertex 14.0361 14.0361 4.675
    endloop
  endfacet
  facet normal -0.268314 -0.253799 -0.929297
    outer loop
      vertex 12.1296 13.7676 6.69879
      vertex 13.088 14.924 6.10625
      vertex 14.0361 14.0361 6.075
    endloop
  endfacet
  facet normal -0.268535 -0.25361 -0.929285
    outer loop
      vertex 13.088 14.924 6.10625
      vertex 12.1296 13.7676 6.69879
      vertex 12.099 13.7963 6.6998
    endloop
  endfacet
  facet normal -0.268798 -0.251493 -0.929784
    outer loop
      vertex 14.0361 14.0361 6.075
      vertex 12.9754 12.9754 6.66855
      vertex 12.1296 13.7676 6.69879
    endloop
  endfacet
  facet normal -0.214271 -0.299321 0.929782
    outer loop
      vertex 12.0666 13.8228 4.11371
      vertex 12.0839 15.7481 4.7375
      vertex 11.1708 14.558 4.14395
    endloop
  endfacet
  facet normal -0.216596 -0.299144 0.929301
    outer loop
      vertex 12.0666 13.8228 4.11371
      vertex 13.088 14.924 4.70625
      vertex 12.0839 15.7481 4.7375
    endloop
  endfacet
  facet normal -0.21608 -0.299606 0.929272
    outer loop
      vertex 13.088 14.924 4.70625
      vertex 12.0666 13.8228 4.11371
      vertex 12.099 13.7963 4.1127
    endloop
  endfacet
  facet normal -0.634419 -0.772989 0
    outer loop
      vertex 12.0839 15.7481 4.7375
      vertex 13.088 14.924 6.10625
      vertex 12.0839 15.7481 6.1375
    endloop
  endfacet
  facet normal -0.634419 -0.772989 -0
    outer loop
      vertex 13.088 14.924 6.10625
      vertex 12.0839 15.7481 4.7375
      vertex 13.088 14.924 4.70625
    endloop
  endfacet
  facet normal -0.251167 -0.270788 -0.929295
    outer loop
      vertex 11.2032 14.5315 6.73004
      vertex 12.0839 15.7481 6.1375
      vertex 13.088 14.924 6.10625
    endloop
  endfacet
  facet normal -0.250721 -0.271123 -0.929318
    outer loop
      vertex 12.0839 15.7481 6.1375
      vertex 11.2032 14.5315 6.73004
      vertex 11.1708 14.558 6.73105
    endloop
  endfacet
  facet normal -0.251792 -0.268551 -0.929775
    outer loop
      vertex 13.088 14.924 6.10625
      vertex 12.099 13.7963 6.6998
      vertex 11.2032 14.5315 6.73004
    endloop
  endfacet
  facet normal -0.194247 -0.31269 0.929781
    outer loop
      vertex 10.1947 15.2575 4.1752
      vertex 11.1367 14.5824 4.14496
      vertex 11.0281 16.5047 4.76875
    endloop
  endfacet
  facet normal -0.196328 -0.312843 0.929293
    outer loop
      vertex 12.0839 15.7481 4.7375
      vertex 11.1367 14.5824 4.14496
      vertex 11.1708 14.558 4.14395
    endloop
  endfacet
  facet normal -0.196554 -0.312665 0.929304
    outer loop
      vertex 11.1367 14.5824 4.14496
      vertex 12.0839 15.7481 4.7375
      vertex 11.0281 16.5047 4.76875
    endloop
  endfacet
  facet normal -0.58249 -0.812838 0
    outer loop
      vertex 11.0281 16.5047 4.76875
      vertex 12.0839 15.7481 6.1375
      vertex 11.0281 16.5047 6.16875
    endloop
  endfacet
  facet normal -0.58249 -0.812838 -0
    outer loop
      vertex 12.0839 15.7481 6.1375
      vertex 11.0281 16.5047 4.76875
      vertex 12.0839 15.7481 4.7375
    endloop
  endfacet
  facet normal -0.23291 -0.286632 -0.929298
    outer loop
      vertex 10.2288 15.2331 6.76129
      vertex 11.0281 16.5047 6.16875
      vertex 12.0839 15.7481 6.1375
    endloop
  endfacet
  facet normal -0.232714 -0.28676 -0.929308
    outer loop
      vertex 11.0281 16.5047 6.16875
      vertex 10.2288 15.2331 6.76129
      vertex 10.1947 15.2575 6.7623
    endloop
  endfacet
  facet normal -0.233685 -0.284425 -0.929782
    outer loop
      vertex 12.0839 15.7481 6.1375
      vertex 11.1708 14.558 6.73105
      vertex 10.2288 15.2331 6.76129
    endloop
  endfacet
  facet normal -0.17338 -0.324738 0.929777
    outer loop
      vertex 9.175 15.8916 4.20645
      vertex 10.1591 15.2796 4.17621
      vertex 9.925 17.1906 4.8
    endloop
  endfacet
  facet normal -0.175415 -0.325039 0.92929
    outer loop
      vertex 11.0281 16.5047 4.76875
      vertex 10.1591 15.2796 4.17621
      vertex 10.1947 15.2575 4.1752
    endloop
  endfacet
  facet normal -0.175671 -0.324864 0.929303
    outer loop
      vertex 10.1591 15.2796 4.17621
      vertex 11.0281 16.5047 4.76875
      vertex 9.925 17.1906 4.8
    endloop
  endfacet
  facet normal -0.528039 -0.84922 0
    outer loop
      vertex 9.925 17.1906 4.8
      vertex 11.0281 16.5047 6.16875
      vertex 9.925 17.1906 6.2
    endloop
  endfacet
  facet normal -0.528039 -0.84922 -0
    outer loop
      vertex 11.0281 16.5047 6.16875
      vertex 9.925 17.1906 4.8
      vertex 11.0281 16.5047 4.76875
    endloop
  endfacet
  facet normal -0.213644 -0.301254 -0.929302
    outer loop
      vertex 9.21058 15.8694 6.79254
      vertex 9.925 17.1906 6.2
      vertex 11.0281 16.5047 6.16875
    endloop
  endfacet
  facet normal -0.214163 -0.300962 -0.929277
    outer loop
      vertex 9.925 17.1906 6.2
      vertex 9.21058 15.8694 6.79254
      vertex 9.175 15.8916 6.79355
    endloop
  endfacet
  facet normal -0.214555 -0.299119 -0.929782
    outer loop
      vertex 11.0281 16.5047 6.16875
      vertex 10.1947 15.2575 6.7623
      vertex 9.21058 15.8694 6.79254
    endloop
  endfacet
  facet normal -0.151757 -0.335383 0.929779
    outer loop
      vertex 8.116 16.4576 4.2377
      vertex 9.13805 15.9113 4.20746
      vertex 8.77943 17.8029 4.83125
    endloop
  endfacet
  facet normal -0.153678 -0.335886 0.929281
    outer loop
      vertex 9.925 17.1906 4.8
      vertex 9.13805 15.9113 4.20746
      vertex 9.175 15.8916 4.20645
    endloop
  endfacet
  facet normal -0.154058 -0.335661 0.9293
    outer loop
      vertex 9.13805 15.9113 4.20746
      vertex 9.925 17.1906 4.8
      vertex 8.77943 17.8029 4.83125
    endloop
  endfacet
  facet normal -0.471385 -0.881928 0
    outer loop
      vertex 8.77943 17.8029 4.83125
      vertex 9.925 17.1906 6.2
      vertex 8.77943 17.8029 6.23125
    endloop
  endfacet
  facet normal -0.471385 -0.881928 -0
    outer loop
      vertex 9.925 17.1906 6.2
      vertex 8.77943 17.8029 4.83125
      vertex 9.925 17.1906 4.8
    endloop
  endfacet
  facet normal -0.193499 -0.314594 -0.929295
    outer loop
      vertex 8.15295 16.4379 6.82379
      vertex 8.77943 17.8029 6.23125
      vertex 9.925 17.1906 6.2
    endloop
  endfacet
  facet normal -0.193204 -0.314735 -0.929308
    outer loop
      vertex 8.77943 17.8029 6.23125
      vertex 8.15295 16.4379 6.82379
      vertex 8.116 16.4576 6.8248
    endloop
  endfacet
  facet normal -0.194553 -0.312513 -0.929777
    outer loop
      vertex 9.925 17.1906 6.2
      vertex 9.175 15.8916 6.79355
      vertex 8.15295 16.4379 6.82379
    endloop
  endfacet
  facet normal -0.129502 -0.344589 0.929778
    outer loop
      vertex 7.59627 18.339 4.8625
      vertex 7.02224 16.9532 4.26895
      vertex 8.07783 16.4749 4.23871
    endloop
  endfacet
  facet normal -0.131785 -0.345019 0.929298
    outer loop
      vertex 8.77943 17.8029 4.83125
      vertex 8.07783 16.4749 4.23871
      vertex 8.116 16.4576 4.2377
    endloop
  endfacet
  facet normal -0.131786 -0.345019 0.929298
    outer loop
      vertex 8.07783 16.4749 4.23871
      vertex 8.77943 17.8029 4.83125
      vertex 7.59627 18.339 4.8625
    endloop
  endfacet
  facet normal -0.412718 -0.910859 0
    outer loop
      vertex 7.59627 18.339 4.8625
      vertex 8.77943 17.8029 6.23125
      vertex 7.59627 18.339 6.2625
    endloop
  endfacet
  facet normal -0.412718 -0.910859 -0
    outer loop
      vertex 8.77943 17.8029 6.23125
      vertex 7.59627 18.339 4.8625
      vertex 8.77943 17.8029 4.83125
    endloop
  endfacet
  facet normal -0.172514 -0.326565 -0.929298
    outer loop
      vertex 7.06041 16.9359 6.85504
      vertex 7.59627 18.339 6.2625
      vertex 8.77943 17.8029 6.23125
    endloop
  endfacet
  facet normal -0.172587 -0.326535 -0.929295
    outer loop
      vertex 7.02224 16.9532 6.85605
      vertex 7.59627 18.339 6.2625
      vertex 7.06041 16.9359 6.85504
    endloop
  endfacet
  facet normal -0.173699 -0.324562 -0.929779
    outer loop
      vertex 8.77943 17.8029 6.23125
      vertex 8.116 16.4576 6.8248
      vertex 7.06041 16.9359 6.85504
    endloop
  endfacet
  facet normal -0.106704 -0.352311 0.92978
    outer loop
      vertex 6.38057 18.7966 4.89375
      vertex 5.89841 17.3762 4.3002
      vertex 6.98302 16.9679 4.26996
    endloop
  endfacet
  facet normal -0.108417 -0.353109 0.929279
    outer loop
      vertex 7.59627 18.339 4.8625
      vertex 6.98302 16.9679 4.26996
      vertex 7.02224 16.9532 4.26895
    endloop
  endfacet
  facet normal -0.108941 -0.352885 0.929303
    outer loop
      vertex 6.98302 16.9679 4.26996
      vertex 7.59627 18.339 4.8625
      vertex 6.38057 18.7966 4.89375
    endloop
  endfacet
  facet normal -0.352279 -0.935895 0
    outer loop
      vertex 6.38057 18.7966 4.89375
      vertex 7.59627 18.339 6.2625
      vertex 6.38057 18.7966 6.29375
    endloop
  endfacet
  facet normal -0.352279 -0.935895 -0
    outer loop
      vertex 7.59627 18.339 6.2625
      vertex 6.38057 18.7966 4.89375
      vertex 7.59627 18.339 4.8625
    endloop
  endfacet
  facet normal -0.150789 -0.337136 -0.929302
    outer loop
      vertex 5.93763 17.3614 6.88629
      vertex 6.38057 18.7966 6.29375
      vertex 7.59627 18.339 6.2625
    endloop
  endfacet
  facet normal -0.151113 -0.337031 -0.929288
    outer loop
      vertex 5.89841 17.3762 6.8873
      vertex 6.38057 18.7966 6.29375
      vertex 5.93763 17.3614 6.88629
    endloop
  endfacet
  facet normal -0.15209 -0.335233 -0.929778
    outer loop
      vertex 7.59627 18.339 6.2625
      vertex 7.02224 16.9532 6.85605
      vertex 5.93763 17.3614 6.88629
    endloop
  endfacet
  facet normal -0.0834063 -0.358541 0.92978
    outer loop
      vertex 5.85832 17.3883 4.30121
      vertex 5.13756 19.1736 4.925
      vertex 4.74933 17.7247 4.33145
    endloop
  endfacet
  facet normal -0.085076 -0.359444 0.92928
    outer loop
      vertex 6.38057 18.7966 4.89375
      vertex 5.85832 17.3883 4.30121
      vertex 5.89841 17.3762 4.3002
    endloop
  endfacet
  facet normal -0.0855988 -0.35926 0.929304
    outer loop
      vertex 5.85832 17.3883 4.30121
      vertex 6.38057 18.7966 4.89375
      vertex 5.13756 19.1736 4.925
    endloop
  endfacet
  facet normal -0.29024 -0.956954 0
    outer loop
      vertex 5.13756 19.1736 4.925
      vertex 6.38057 18.7966 6.29375
      vertex 5.13756 19.1736 6.325
    endloop
  endfacet
  facet normal -0.29024 -0.956954 -0
    outer loop
      vertex 6.38057 18.7966 6.29375
      vertex 5.13756 19.1736 4.925
      vertex 6.38057 18.7966 4.89375
    endloop
  endfacet
  facet normal -0.128395 -0.346302 -0.929295
    outer loop
      vertex 4.78943 17.7126 6.91754
      vertex 5.13756 19.1736 6.325
      vertex 6.38057 18.7966 6.29375
    endloop
  endfacet
  facet normal -0.127937 -0.346419 -0.929315
    outer loop
      vertex 5.13756 19.1736 6.325
      vertex 4.78943 17.7126 6.91754
      vertex 4.74933 17.7247 6.91855
    endloop
  endfacet
  facet normal -0.129842 -0.344457 -0.92978
    outer loop
      vertex 6.38057 18.7966 6.29375
      vertex 5.89841 17.3762 6.8873
      vertex 4.78943 17.7126 6.91754
    endloop
  endfacet
  facet normal -0.059763 -0.363229 0.929781
    outer loop
      vertex 4.70852 17.7343 4.33246
      vertex 3.87254 19.4686 4.95625
      vertex 3.57991 17.9974 4.3627
    endloop
  endfacet
  facet normal -0.062609 -0.363926 0.929321
    outer loop
      vertex 5.13756 19.1736 4.925
      vertex 4.70852 17.7343 4.33246
      vertex 4.74933 17.7247 4.33145
    endloop
  endfacet
  facet normal -0.0619531 -0.36411 0.929293
    outer loop
      vertex 4.70852 17.7343 4.33246
      vertex 5.13756 19.1736 4.925
      vertex 3.87254 19.4686 4.95625
    endloop
  endfacet
  facet normal -0.227105 -0.97387 0
    outer loop
      vertex 3.87254 19.4686 4.95625
      vertex 5.13756 19.1736 6.325
      vertex 3.87254 19.4686 6.35625
    endloop
  endfacet
  facet normal -0.227105 -0.97387 -0
    outer loop
      vertex 5.13756 19.1736 6.325
      vertex 3.87254 19.4686 4.95625
      vertex 5.13756 19.1736 4.925
    endloop
  endfacet
  facet normal -0.105495 -0.353941 -0.929299
    outer loop
      vertex 3.62071 17.9879 6.94879
      vertex 3.87254 19.4686 6.35625
      vertex 5.13756 19.1736 6.325
    endloop
  endfacet
  facet normal -0.105421 -0.353955 -0.929302
    outer loop
      vertex 3.87254 19.4686 6.35625
      vertex 3.62071 17.9879 6.94879
      vertex 3.57991 17.9974 6.9498
    endloop
  endfacet
  facet normal -0.107049 -0.352206 -0.92978
    outer loop
      vertex 5.13756 19.1736 6.325
      vertex 4.74933 17.7247 6.91855
      vertex 3.62071 17.9879 6.94879
    endloop
  endfacet
  facet normal -0.0359028 -0.366355 0.929782
    outer loop
      vertex 3.53856 18.0042 4.36371
      vertex 2.59094 19.6802 4.9875
      vertex 2.39516 18.193 4.39395
    endloop
  endfacet
  facet normal -0.0377229 -0.367416 0.929291
    outer loop
      vertex 3.53856 18.0042 4.36371
      vertex 3.57991 17.9974 4.3627
      vertex 3.87254 19.4686 4.95625
    endloop
  endfacet
  facet normal -0.0379934 -0.367359 0.929303
    outer loop
      vertex 3.53856 18.0042 4.36371
      vertex 3.87254 19.4686 4.95625
      vertex 2.59094 19.6802 4.9875
    endloop
  endfacet
  facet normal -0.162901 -0.986642 0
    outer loop
      vertex 2.59094 19.6802 4.9875
      vertex 3.87254 19.4686 6.35625
      vertex 2.59094 19.6802 6.3875
    endloop
  endfacet
  facet normal -0.162901 -0.986642 -0
    outer loop
      vertex 3.87254 19.4686 6.35625
      vertex 2.59094 19.6802 4.9875
      vertex 3.87254 19.4686 4.95625
    endloop
  endfacet
  facet normal -0.0821117 -0.360084 -0.929299
    outer loop
      vertex 2.4365 18.1862 6.98004
      vertex 2.59094 19.6802 6.3875
      vertex 3.87254 19.4686 6.35625
    endloop
  endfacet
  facet normal -0.0819379 -0.360105 -0.929307
    outer loop
      vertex 2.59094 19.6802 6.3875
      vertex 2.4365 18.1862 6.98004
      vertex 2.39516 18.193 6.98105
    endloop
  endfacet
  facet normal -0.0837779 -0.358453 -0.929781
    outer loop
      vertex 3.87254 19.4686 6.35625
      vertex 3.57991 17.9974 6.9498
      vertex 2.4365 18.1862 6.98004
    endloop
  endfacet
  facet normal -0.0118611 -0.367923 0.92978
    outer loop
      vertex 2.35346 18.1971 4.39496
      vertex 1.29825 19.8075 5.01875
      vertex 1.20015 18.3107 4.4252
    endloop
  endfacet
  facet normal -0.0137797 -0.369074 0.929298
    outer loop
      vertex 2.35346 18.1971 4.39496
      vertex 2.39516 18.193 4.39395
      vertex 2.59094 19.6802 4.9875
    endloop
  endfacet
  facet normal 0 -0.239191 0.970973
    outer loop
      vertex 2.39516 18.193 4.39395
      vertex 2.35346 18.1971 4.39496
      vertex 2.39515 18.193 4.39395
    endloop
  endfacet
  facet normal -0.0138785 -0.36906 0.929302
    outer loop
      vertex 2.35346 18.1971 4.39496
      vertex 2.59094 19.6802 4.9875
      vertex 1.29825 19.8075 5.01875
    endloop
  endfacet
  facet normal -0.0980028 -0.995186 0
    outer loop
      vertex 1.29825 19.8075 5.01875
      vertex 2.59094 19.6802 6.3875
      vertex 1.29825 19.8075 6.41875
    endloop
  endfacet
  facet normal -0.0980028 -0.995186 -0
    outer loop
      vertex 2.59094 19.6802 6.3875
      vertex 1.29825 19.8075 5.01875
      vertex 2.59094 19.6802 4.9875
    endloop
  endfacet
  facet normal -0.0583782 -0.364684 -0.929299
    outer loop
      vertex 1.24185 18.3066 7.01129
      vertex 1.29825 19.8075 6.41875
      vertex 2.59094 19.6802 6.3875
    endloop
  endfacet
  facet normal -0.0583645 -0.364685 -0.9293
    outer loop
      vertex 1.29825 19.8075 6.41875
      vertex 1.24185 18.3066 7.01129
      vertex 1.20015 18.3107 7.0123
    endloop
  endfacet
  facet normal 0 -0.370675 -0.928763
    outer loop
      vertex 2.39515 18.193 6.98105
      vertex 2.59094 19.6802 6.3875
      vertex 2.39516 18.193 6.98105
    endloop
  endfacet
  facet normal -0.0601508 -0.363163 -0.929782
    outer loop
      vertex 2.59094 19.6802 6.3875
      vertex 2.39515 18.193 6.98105
      vertex 1.24185 18.3066 7.01129
    endloop
  endfacet
  facet normal 0.012236 -0.367914 0.929779
    outer loop
      vertex 1.15827 18.3121 4.42621
      vertex 0 19.85 5.05
      vertex 0 18.35 4.45645
    endloop
  endfacet
  facet normal 0.0100706 -0.369173 0.929306
    outer loop
      vertex 1.29825 19.8075 5.01875
      vertex 1.15827 18.3121 4.42621
      vertex 1.20015 18.3107 4.4252
    endloop
  endfacet
  facet normal 0.0102831 -0.369189 0.929297
    outer loop
      vertex 1.15827 18.3121 4.42621
      vertex 1.29825 19.8075 5.01875
      vertex 0 19.85 5.05
    endloop
  endfacet
  facet normal -0.0327188 -0.999465 0
    outer loop
      vertex 0 19.85 5.05
      vertex 1.29825 19.8075 6.41875
      vertex 0 19.85 6.45
    endloop
  endfacet
  facet normal -0.0327188 -0.999465 -0
    outer loop
      vertex 1.29825 19.8075 6.41875
      vertex 0 19.85 5.05
      vertex 1.29825 19.8075 5.01875
    endloop
  endfacet
  facet normal -0.0347042 -0.36772 -0.929289
    outer loop
      vertex 0 19.85 6.45
      vertex 0.0418793 18.3486 7.04254
      vertex 0 18.35 7.04355
    endloop
  endfacet
  facet normal -0.0344068 -0.367716 -0.929301
    outer loop
      vertex 0.0418793 18.3486 7.04254
      vertex 0 19.85 6.45
      vertex 1.29825 19.8075 6.41875
    endloop
  endfacet
  facet normal -0.0362612 -0.366324 -0.92978
    outer loop
      vertex 1.29825 19.8075 6.41875
      vertex 1.20015 18.3107 7.0123
      vertex 0.0418793 18.3486 7.04254
    endloop
  endfacet
  facet normal 0.0362612 -0.366324 0.92978
    outer loop
      vertex -1.20015 18.3107 4.4877
      vertex -0.0418793 18.3486 4.45746
      vertex -1.29825 19.8075 5.08125
    endloop
  endfacet
  facet normal 0.0347042 -0.36772 0.929289
    outer loop
      vertex 0 19.85 5.05
      vertex -0.0418793 18.3486 4.45746
      vertex 0 18.35 4.45645
    endloop
  endfacet
  facet normal 0.0344068 -0.367716 0.929301
    outer loop
      vertex -0.0418793 18.3486 4.45746
      vertex 0 19.85 5.05
      vertex -1.29825 19.8075 5.08125
    endloop
  endfacet
  facet normal 0.0327188 -0.999465 0
    outer loop
      vertex -1.29825 19.8075 5.08125
      vertex 0 19.85 6.45
      vertex -1.29825 19.8075 6.48125
    endloop
  endfacet
  facet normal 0.0327188 -0.999465 0
    outer loop
      vertex 0 19.85 6.45
      vertex -1.29825 19.8075 5.08125
      vertex 0 19.85 5.05
    endloop
  endfacet
  facet normal -0.0100706 -0.369173 -0.929306
    outer loop
      vertex -1.29825 19.8075 6.48125
      vertex -1.15827 18.3121 7.07379
      vertex -1.20015 18.3107 7.0748
    endloop
  endfacet
  facet normal -0.0102831 -0.369189 -0.929297
    outer loop
      vertex -1.15827 18.3121 7.07379
      vertex -1.29825 19.8075 6.48125
      vertex 0 19.85 6.45
    endloop
  endfacet
  facet normal -0.012236 -0.367914 -0.929779
    outer loop
      vertex 0 19.85 6.45
      vertex 0 18.35 7.04355
      vertex -1.15827 18.3121 7.07379
    endloop
  endfacet
  facet normal 0.0601508 -0.363163 0.929782
    outer loop
      vertex -2.59094 19.6802 5.1125
      vertex -2.39515 18.193 4.51895
      vertex -1.24185 18.3066 4.48871
    endloop
  endfacet
  facet normal 0 -0.370675 0.928763
    outer loop
      vertex -2.39515 18.193 4.51895
      vertex -2.59094 19.6802 5.1125
      vertex -2.39516 18.193 4.51895
    endloop
  endfacet
  facet normal 0.0583645 -0.364685 0.9293
    outer loop
      vertex -1.29825 19.8075 5.08125
      vertex -1.24185 18.3066 4.48871
      vertex -1.20015 18.3107 4.4877
    endloop
  endfacet
  facet normal 0.0583782 -0.364684 0.929299
    outer loop
      vertex -1.24185 18.3066 4.48871
      vertex -1.29825 19.8075 5.08125
      vertex -2.59094 19.6802 5.1125
    endloop
  endfacet
  facet normal 0.0980028 -0.995186 0
    outer loop
      vertex -2.59094 19.6802 5.1125
      vertex -1.29825 19.8075 6.48125
      vertex -2.59094 19.6802 6.5125
    endloop
  endfacet
  facet normal 0.0980028 -0.995186 0
    outer loop
      vertex -1.29825 19.8075 6.48125
      vertex -2.59094 19.6802 5.1125
      vertex -1.29825 19.8075 5.08125
    endloop
  endfacet
  facet normal 0 -0.239191 -0.970973
    outer loop
      vertex -2.39516 18.193 7.10605
      vertex -2.35346 18.1971 7.10504
      vertex -2.39515 18.193 7.10605
    endloop
  endfacet
  facet normal 0.0137797 -0.369074 -0.929298
    outer loop
      vertex -2.35346 18.1971 7.10504
      vertex -2.39516 18.193 7.10605
      vertex -2.59094 19.6802 6.5125
    endloop
  endfacet
  facet normal 0.0138785 -0.36906 -0.929302
    outer loop
      vertex -2.35346 18.1971 7.10504
      vertex -2.59094 19.6802 6.5125
      vertex -1.29825 19.8075 6.48125
    endloop
  endfacet
  facet normal 0.0118611 -0.367923 -0.92978
    outer loop
      vertex -1.29825 19.8075 6.48125
      vertex -1.20015 18.3107 7.0748
      vertex -2.35346 18.1971 7.10504
    endloop
  endfacet
  facet normal 0.0837779 -0.358453 0.929781
    outer loop
      vertex -3.87254 19.4686 5.14375
      vertex -3.57991 17.9974 4.5502
      vertex -2.4365 18.1862 4.51996
    endloop
  endfacet
  facet normal 0.0819379 -0.360105 0.929307
    outer loop
      vertex -2.59094 19.6802 5.1125
      vertex -2.4365 18.1862 4.51996
      vertex -2.39516 18.193 4.51895
    endloop
  endfacet
  facet normal 0.0821117 -0.360084 0.929299
    outer loop
      vertex -2.4365 18.1862 4.51996
      vertex -2.59094 19.6802 5.1125
      vertex -3.87254 19.4686 5.14375
    endloop
  endfacet
  facet normal 0.162901 -0.986642 0
    outer loop
      vertex -3.87254 19.4686 5.14375
      vertex -2.59094 19.6802 6.5125
      vertex -3.87254 19.4686 6.54375
    endloop
  endfacet
  facet normal 0.162901 -0.986642 0
    outer loop
      vertex -2.59094 19.6802 6.5125
      vertex -3.87254 19.4686 5.14375
      vertex -2.59094 19.6802 5.1125
    endloop
  endfacet
  facet normal 0.0377229 -0.367416 -0.929291
    outer loop
      vertex -3.53856 18.0042 7.13629
      vertex -3.57991 17.9974 7.1373
      vertex -3.87254 19.4686 6.54375
    endloop
  endfacet
  facet normal 0.0379934 -0.367359 -0.929303
    outer loop
      vertex -3.53856 18.0042 7.13629
      vertex -3.87254 19.4686 6.54375
      vertex -2.59094 19.6802 6.5125
    endloop
  endfacet
  facet normal 0.0359028 -0.366355 -0.929782
    outer loop
      vertex -2.59094 19.6802 6.5125
      vertex -2.39516 18.193 7.10605
      vertex -3.53856 18.0042 7.13629
    endloop
  endfacet
  facet normal 0.107049 -0.352206 0.92978
    outer loop
      vertex -5.13756 19.1736 5.175
      vertex -4.74933 17.7247 4.58145
      vertex -3.62071 17.9879 4.55121
    endloop
  endfacet
  facet normal 0.105421 -0.353955 0.929302
    outer loop
      vertex -3.87254 19.4686 5.14375
      vertex -3.62071 17.9879 4.55121
      vertex -3.57991 17.9974 4.5502
    endloop
  endfacet
  facet normal 0.105495 -0.353941 0.929299
    outer loop
      vertex -3.62071 17.9879 4.55121
      vertex -3.87254 19.4686 5.14375
      vertex -5.13756 19.1736 5.175
    endloop
  endfacet
  facet normal 0.227105 -0.97387 0
    outer loop
      vertex -5.13756 19.1736 5.175
      vertex -3.87254 19.4686 6.54375
      vertex -5.13756 19.1736 6.575
    endloop
  endfacet
  facet normal 0.227105 -0.97387 0
    outer loop
      vertex -3.87254 19.4686 6.54375
      vertex -5.13756 19.1736 5.175
      vertex -3.87254 19.4686 5.14375
    endloop
  endfacet
  facet normal 0.062609 -0.363926 -0.929321
    outer loop
      vertex -5.13756 19.1736 6.575
      vertex -4.70852 17.7343 7.16754
      vertex -4.74933 17.7247 7.16855
    endloop
  endfacet
  facet normal 0.0619531 -0.36411 -0.929293
    outer loop
      vertex -4.70852 17.7343 7.16754
      vertex -5.13756 19.1736 6.575
      vertex -3.87254 19.4686 6.54375
    endloop
  endfacet
  facet normal 0.059763 -0.363229 -0.929781
    outer loop
      vertex -3.87254 19.4686 6.54375
      vertex -3.57991 17.9974 7.1373
      vertex -4.70852 17.7343 7.16754
    endloop
  endfacet
  facet normal 0.129842 -0.344457 0.92978
    outer loop
      vertex -5.89841 17.3762 4.6127
      vertex -4.78943 17.7126 4.58246
      vertex -6.38057 18.7966 5.20625
    endloop
  endfacet
  facet normal 0.127937 -0.346419 0.929315
    outer loop
      vertex -5.13756 19.1736 5.175
      vertex -4.78943 17.7126 4.58246
      vertex -4.74933 17.7247 4.58145
    endloop
  endfacet
  facet normal 0.128395 -0.346302 0.929295
    outer loop
      vertex -4.78943 17.7126 4.58246
      vertex -5.13756 19.1736 5.175
      vertex -6.38057 18.7966 5.20625
    endloop
  endfacet
  facet normal 0.29024 -0.956954 0
    outer loop
      vertex -6.38057 18.7966 5.20625
      vertex -5.13756 19.1736 6.575
      vertex -6.38057 18.7966 6.60625
    endloop
  endfacet
  facet normal 0.29024 -0.956954 0
    outer loop
      vertex -5.13756 19.1736 6.575
      vertex -6.38057 18.7966 5.20625
      vertex -5.13756 19.1736 5.175
    endloop
  endfacet
  facet normal 0.085076 -0.359444 -0.92928
    outer loop
      vertex -6.38057 18.7966 6.60625
      vertex -5.85832 17.3883 7.19879
      vertex -5.89841 17.3762 7.1998
    endloop
  endfacet
  facet normal 0.0855988 -0.35926 -0.929304
    outer loop
      vertex -5.85832 17.3883 7.19879
      vertex -6.38057 18.7966 6.60625
      vertex -5.13756 19.1736 6.575
    endloop
  endfacet
  facet normal 0.0834063 -0.358541 -0.92978
    outer loop
      vertex -5.13756 19.1736 6.575
      vertex -4.74933 17.7247 7.16855
      vertex -5.85832 17.3883 7.19879
    endloop
  endfacet
  facet normal 0.15209 -0.335233 0.929778
    outer loop
      vertex -7.02224 16.9532 4.64395
      vertex -5.93763 17.3614 4.61371
      vertex -7.59627 18.339 5.2375
    endloop
  endfacet
  facet normal 0.151113 -0.337031 0.929288
    outer loop
      vertex -6.38057 18.7966 5.20625
      vertex -5.93763 17.3614 4.61371
      vertex -5.89841 17.3762 4.6127
    endloop
  endfacet
  facet normal 0.150789 -0.337136 0.929302
    outer loop
      vertex -5.93763 17.3614 4.61371
      vertex -6.38057 18.7966 5.20625
      vertex -7.59627 18.339 5.2375
    endloop
  endfacet
  facet normal 0.352279 -0.935895 0
    outer loop
      vertex -7.59627 18.339 5.2375
      vertex -6.38057 18.7966 6.60625
      vertex -7.59627 18.339 6.6375
    endloop
  endfacet
  facet normal 0.352279 -0.935895 0
    outer loop
      vertex -6.38057 18.7966 6.60625
      vertex -7.59627 18.339 5.2375
      vertex -6.38057 18.7966 5.20625
    endloop
  endfacet
  facet normal 0.108417 -0.353109 -0.929279
    outer loop
      vertex -7.59627 18.339 6.6375
      vertex -6.98302 16.9679 7.23004
      vertex -7.02224 16.9532 7.23105
    endloop
  endfacet
  facet normal 0.108941 -0.352885 -0.929303
    outer loop
      vertex -6.98302 16.9679 7.23004
      vertex -7.59627 18.339 6.6375
      vertex -6.38057 18.7966 6.60625
    endloop
  endfacet
  facet normal 0.106704 -0.352311 -0.92978
    outer loop
      vertex -6.38057 18.7966 6.60625
      vertex -5.89841 17.3762 7.1998
      vertex -6.98302 16.9679 7.23004
    endloop
  endfacet
  facet normal 0.173699 -0.324562 0.929779
    outer loop
      vertex -8.116 16.4576 4.6752
      vertex -7.06041 16.9359 4.64496
      vertex -8.77943 17.8029 5.26875
    endloop
  endfacet
  facet normal 0.172587 -0.326535 0.929295
    outer loop
      vertex -7.59627 18.339 5.2375
      vertex -7.06041 16.9359 4.64496
      vertex -7.02224 16.9532 4.64395
    endloop
  endfacet
  facet normal 0.172514 -0.326565 0.929298
    outer loop
      vertex -7.06041 16.9359 4.64496
      vertex -7.59627 18.339 5.2375
      vertex -8.77943 17.8029 5.26875
    endloop
  endfacet
  facet normal 0.412718 -0.910859 0
    outer loop
      vertex -8.77943 17.8029 5.26875
      vertex -7.59627 18.339 6.6375
      vertex -8.77943 17.8029 6.66875
    endloop
  endfacet
  facet normal 0.412718 -0.910859 0
    outer loop
      vertex -7.59627 18.339 6.6375
      vertex -8.77943 17.8029 5.26875
      vertex -7.59627 18.339 5.2375
    endloop
  endfacet
  facet normal 0.131785 -0.345019 -0.929298
    outer loop
      vertex -8.77943 17.8029 6.66875
      vertex -8.07783 16.4749 7.26129
      vertex -8.116 16.4576 7.2623
    endloop
  endfacet
  facet normal 0.131786 -0.345019 -0.929298
    outer loop
      vertex -8.07783 16.4749 7.26129
      vertex -8.77943 17.8029 6.66875
      vertex -7.59627 18.339 6.6375
    endloop
  endfacet
  facet normal 0.129502 -0.344589 -0.929778
    outer loop
      vertex -7.59627 18.339 6.6375
      vertex -7.02224 16.9532 7.23105
      vertex -8.07783 16.4749 7.26129
    endloop
  endfacet
  facet normal 0.194553 -0.312513 0.929777
    outer loop
      vertex -9.175 15.8916 4.70645
      vertex -8.15295 16.4379 4.67621
      vertex -9.925 17.1906 5.3
    endloop
  endfacet
  facet normal 0.193204 -0.314735 0.929308
    outer loop
      vertex -8.77943 17.8029 5.26875
      vertex -8.15295 16.4379 4.67621
      vertex -8.116 16.4576 4.6752
    endloop
  endfacet
  facet normal 0.193499 -0.314594 0.929295
    outer loop
      vertex -8.15295 16.4379 4.67621
      vertex -8.77943 17.8029 5.26875
      vertex -9.925 17.1906 5.3
    endloop
  endfacet
  facet normal 0.471385 -0.881928 0
    outer loop
      vertex -9.925 17.1906 5.3
      vertex -8.77943 17.8029 6.66875
      vertex -9.925 17.1906 6.7
    endloop
  endfacet
  facet normal 0.471385 -0.881928 0
    outer loop
      vertex -8.77943 17.8029 6.66875
      vertex -9.925 17.1906 5.3
      vertex -8.77943 17.8029 5.26875
    endloop
  endfacet
  facet normal 0.153678 -0.335886 -0.929281
    outer loop
      vertex -9.925 17.1906 6.7
      vertex -9.13805 15.9113 7.29254
      vertex -9.175 15.8916 7.29355
    endloop
  endfacet
  facet normal 0.154058 -0.335661 -0.9293
    outer loop
      vertex -9.13805 15.9113 7.29254
      vertex -9.925 17.1906 6.7
      vertex -8.77943 17.8029 6.66875
    endloop
  endfacet
  facet normal 0.151757 -0.335383 -0.929779
    outer loop
      vertex -8.77943 17.8029 6.66875
      vertex -8.116 16.4576 7.2623
      vertex -9.13805 15.9113 7.29254
    endloop
  endfacet
  facet normal 0.214555 -0.299119 0.929782
    outer loop
      vertex -10.1947 15.2575 4.7377
      vertex -9.21058 15.8694 4.70746
      vertex -11.0281 16.5047 5.33125
    endloop
  endfacet
  facet normal 0.214163 -0.300962 0.929277
    outer loop
      vertex -9.925 17.1906 5.3
      vertex -9.21058 15.8694 4.70746
      vertex -9.175 15.8916 4.70645
    endloop
  endfacet
  facet normal 0.213644 -0.301254 0.929302
    outer loop
      vertex -9.21058 15.8694 4.70746
      vertex -9.925 17.1906 5.3
      vertex -11.0281 16.5047 5.33125
    endloop
  endfacet
  facet normal 0.528039 -0.84922 0
    outer loop
      vertex -11.0281 16.5047 5.33125
      vertex -9.925 17.1906 6.7
      vertex -11.0281 16.5047 6.73125
    endloop
  endfacet
  facet normal 0.528039 -0.84922 0
    outer loop
      vertex -9.925 17.1906 6.7
      vertex -11.0281 16.5047 5.33125
      vertex -9.925 17.1906 5.3
    endloop
  endfacet
  facet normal 0.175415 -0.325039 -0.92929
    outer loop
      vertex -11.0281 16.5047 6.73125
      vertex -10.1591 15.2796 7.32379
      vertex -10.1947 15.2575 7.3248
    endloop
  endfacet
  facet normal 0.175671 -0.324864 -0.929303
    outer loop
      vertex -10.1591 15.2796 7.32379
      vertex -11.0281 16.5047 6.73125
      vertex -9.925 17.1906 6.7
    endloop
  endfacet
  facet normal 0.17338 -0.324738 -0.929777
    outer loop
      vertex -9.925 17.1906 6.7
      vertex -9.175 15.8916 7.29355
      vertex -10.1591 15.2796 7.32379
    endloop
  endfacet
  facet normal 0.233685 -0.284425 0.929782
    outer loop
      vertex -11.1708 14.558 4.76895
      vertex -10.2288 15.2331 4.73871
      vertex -12.0839 15.7481 5.3625
    endloop
  endfacet
  facet normal 0.232714 -0.28676 0.929308
    outer loop
      vertex -11.0281 16.5047 5.33125
      vertex -10.2288 15.2331 4.73871
      vertex -10.1947 15.2575 4.7377
    endloop
  endfacet
  facet normal 0.23291 -0.286632 0.929298
    outer loop
      vertex -10.2288 15.2331 4.73871
      vertex -11.0281 16.5047 5.33125
      vertex -12.0839 15.7481 5.3625
    endloop
  endfacet
  facet normal 0.58249 -0.812838 0
    outer loop
      vertex -12.0839 15.7481 5.3625
      vertex -11.0281 16.5047 6.73125
      vertex -12.0839 15.7481 6.7625
    endloop
  endfacet
  facet normal 0.58249 -0.812838 0
    outer loop
      vertex -11.0281 16.5047 6.73125
      vertex -12.0839 15.7481 5.3625
      vertex -11.0281 16.5047 5.33125
    endloop
  endfacet
  facet normal 0.196328 -0.312843 -0.929293
    outer loop
      vertex -12.0839 15.7481 6.7625
      vertex -11.1367 14.5824 7.35504
      vertex -11.1708 14.558 7.35605
    endloop
  endfacet
  facet normal 0.196554 -0.312665 -0.929304
    outer loop
      vertex -11.1367 14.5824 7.35504
      vertex -12.0839 15.7481 6.7625
      vertex -11.0281 16.5047 6.73125
    endloop
  endfacet
  facet normal 0.194247 -0.31269 -0.929781
    outer loop
      vertex -11.0281 16.5047 6.73125
      vertex -10.1947 15.2575 7.3248
      vertex -11.1367 14.5824 7.35504
    endloop
  endfacet
  facet normal 0.251792 -0.268551 0.929775
    outer loop
      vertex -12.099 13.7963 4.8002
      vertex -11.2032 14.5315 4.76996
      vertex -13.088 14.924 5.39375
    endloop
  endfacet
  facet normal 0.250721 -0.271123 0.929318
    outer loop
      vertex -12.0839 15.7481 5.3625
      vertex -11.2032 14.5315 4.76996
      vertex -11.1708 14.558 4.76895
    endloop
  endfacet
  facet normal 0.251167 -0.270788 0.929295
    outer loop
      vertex -11.2032 14.5315 4.76996
      vertex -12.0839 15.7481 5.3625
      vertex -13.088 14.924 5.39375
    endloop
  endfacet
  facet normal 0.634419 -0.772989 0
    outer loop
      vertex -13.088 14.924 5.39375
      vertex -12.0839 15.7481 6.7625
      vertex -13.088 14.924 6.79375
    endloop
  endfacet
  facet normal 0.634419 -0.772989 0
    outer loop
      vertex -12.0839 15.7481 6.7625
      vertex -13.088 14.924 5.39375
      vertex -12.0839 15.7481 5.3625
    endloop
  endfacet
  facet normal 0.21608 -0.299606 -0.929272
    outer loop
      vertex -13.088 14.924 6.79375
      vertex -12.0666 13.8228 7.38629
      vertex -12.099 13.7963 7.3873
    endloop
  endfacet
  facet normal 0.216596 -0.299144 -0.929301
    outer loop
      vertex -12.0666 13.8228 7.38629
      vertex -13.088 14.924 6.79375
      vertex -12.0839 15.7481 6.7625
    endloop
  endfacet
  facet normal 0.214271 -0.299321 -0.929782
    outer loop
      vertex -11.1708 14.558 7.35605
      vertex -12.0666 13.8228 7.38629
      vertex -12.0839 15.7481 6.7625
    endloop
  endfacet
  facet normal 0.268798 -0.251493 0.929784
    outer loop
      vertex -12.9754 12.9754 4.83145
      vertex -12.1296 13.7676 4.80121
      vertex -14.0361 14.0361 5.425
    endloop
  endfacet
  facet normal 0.268535 -0.25361 0.929285
    outer loop
      vertex -13.088 14.924 5.39375
      vertex -12.1296 13.7676 4.80121
      vertex -12.099 13.7963 4.8002
    endloop
  endfacet
  facet normal 0.268314 -0.253799 0.929297
    outer loop
      vertex -12.1296 13.7676 4.80121
      vertex -13.088 14.924 5.39375
      vertex -14.0361 14.0361 5.425
    endloop
  endfacet
  facet normal 0.683554 -0.7299 0
    outer loop
      vertex -14.0361 14.0361 5.425
      vertex -13.088 14.924 6.79375
      vertex -14.0361 14.0361 6.825
    endloop
  endfacet
  facet normal 0.683554 -0.7299 0
    outer loop
      vertex -13.088 14.924 6.79375
      vertex -14.0361 14.0361 5.425
      vertex -13.088 14.924 5.39375
    endloop
  endfacet
  facet normal 0.235854 -0.284172 -0.929311
    outer loop
      vertex -14.0361 14.0361 6.825
      vertex -12.9448 13.0041 7.41754
      vertex -12.9754 12.9754 7.41855
    endloop
  endfacet
  facet normal 0.235673 -0.284358 -0.9293
    outer loop
      vertex -12.9448 13.0041 7.41754
      vertex -14.0361 14.0361 6.825
      vertex -13.088 14.924 6.79375
    endloop
  endfacet
  facet normal 0.233399 -0.284682 -0.929775
    outer loop
      vertex -12.099 13.7963 7.3873
      vertex -12.9448 13.0041 7.41754
      vertex -13.088 14.924 6.79375
    endloop
  endfacet
  facet normal 0.284682 -0.233399 0.929775
    outer loop
      vertex -13.7963 12.099 4.8627
      vertex -13.0041 12.9448 4.83246
      vertex -14.924 13.088 5.45625
    endloop
  endfacet
  facet normal 0.284172 -0.235854 0.929311
    outer loop
      vertex -14.0361 14.0361 5.425
      vertex -13.0041 12.9448 4.83246
      vertex -12.9754 12.9754 4.83145
    endloop
  endfacet
  facet normal 0.284358 -0.235673 0.9293
    outer loop
      vertex -13.0041 12.9448 4.83246
      vertex -14.0361 14.0361 5.425
      vertex -14.924 13.088 5.45625
    endloop
  endfacet
  facet normal 0.7299 -0.683554 0
    outer loop
      vertex -14.924 13.088 5.45625
      vertex -14.0361 14.0361 6.825
      vertex -14.924 13.088 6.85625
    endloop
  endfacet
  facet normal 0.7299 -0.683554 0
    outer loop
      vertex -14.0361 14.0361 6.825
      vertex -14.924 13.088 5.45625
      vertex -14.0361 14.0361 5.425
    endloop
  endfacet
  facet normal 0.25361 -0.268535 -0.929285
    outer loop
      vertex -14.924 13.088 6.85625
      vertex -13.7676 12.1296 7.44879
      vertex -13.7963 12.099 7.4498
    endloop
  endfacet
  facet normal 0.253799 -0.268314 -0.929297
    outer loop
      vertex -13.7676 12.1296 7.44879
      vertex -14.924 13.088 6.85625
      vertex -14.0361 14.0361 6.825
    endloop
  endfacet
  facet normal 0.251493 -0.268798 -0.929784
    outer loop
      vertex -12.9754 12.9754 7.41855
      vertex -13.7676 12.1296 7.44879
      vertex -14.0361 14.0361 6.825
    endloop
  endfacet
  facet normal 0.299321 -0.214271 0.929782
    outer loop
      vertex -14.558 11.1708 4.89395
      vertex -13.8228 12.0666 4.86371
      vertex -15.7481 12.0839 5.4875
    endloop
  endfacet
  facet normal 0.299606 -0.21608 0.929272
    outer loop
      vertex -14.924 13.088 5.45625
      vertex -13.8228 12.0666 4.86371
      vertex -13.7963 12.099 4.8627
    endloop
  endfacet
  facet normal 0.299144 -0.216596 0.929301
    outer loop
      vertex -13.8228 12.0666 4.86371
      vertex -14.924 13.088 5.45625
      vertex -15.7481 12.0839 5.4875
    endloop
  endfacet
  facet normal 0.772989 -0.634419 0
    outer loop
      vertex -15.7481 12.0839 5.4875
      vertex -14.924 13.088 6.85625
      vertex -15.7481 12.0839 6.8875
    endloop
  endfacet
  facet normal 0.772989 -0.634419 0
    outer loop
      vertex -14.924 13.088 6.85625
      vertex -15.7481 12.0839 5.4875
      vertex -14.924 13.088 5.45625
    endloop
  endfacet
  facet normal 0.271123 -0.250721 -0.929318
    outer loop
      vertex -15.7481 12.0839 6.8875
      vertex -14.5315 11.2032 7.48004
      vertex -14.558 11.1708 7.48105
    endloop
  endfacet
  facet normal 0.270788 -0.251167 -0.929295
    outer loop
      vertex -14.5315 11.2032 7.48004
      vertex -15.7481 12.0839 6.8875
      vertex -14.924 13.088 6.85625
    endloop
  endfacet
  facet normal 0.268551 -0.251792 -0.929775
    outer loop
      vertex -13.7963 12.099 7.4498
      vertex -14.5315 11.2032 7.48004
      vertex -14.924 13.088 6.85625
    endloop
  endfacet
  facet normal 0.31269 -0.194247 0.929781
    outer loop
      vertex -15.2575 10.1947 4.9252
      vertex -14.5824 11.1367 4.89496
      vertex -16.5047 11.0281 5.51875
    endloop
  endfacet
  facet normal 0.312843 -0.196328 0.929293
    outer loop
      vertex -15.7481 12.0839 5.4875
      vertex -14.5824 11.1367 4.89496
      vertex -14.558 11.1708 4.89395
    endloop
  endfacet
  facet normal 0.312665 -0.196554 0.929304
    outer loop
      vertex -14.5824 11.1367 4.89496
      vertex -15.7481 12.0839 5.4875
      vertex -16.5047 11.0281 5.51875
    endloop
  endfacet
  facet normal 0.812838 -0.58249 0
    outer loop
      vertex -16.5047 11.0281 5.51875
      vertex -15.7481 12.0839 6.8875
      vertex -16.5047 11.0281 6.91875
    endloop
  endfacet
  facet normal 0.812838 -0.58249 0
    outer loop
      vertex -15.7481 12.0839 6.8875
      vertex -16.5047 11.0281 5.51875
      vertex -15.7481 12.0839 5.4875
    endloop
  endfacet
  facet normal 0.28676 -0.232714 -0.929308
    outer loop
      vertex -16.5047 11.0281 6.91875
      vertex -15.2331 10.2288 7.51129
      vertex -15.2575 10.1947 7.5123
    endloop
  endfacet
  facet normal 0.286632 -0.23291 -0.929298
    outer loop
      vertex -15.2331 10.2288 7.51129
      vertex -16.5047 11.0281 6.91875
      vertex -15.7481 12.0839 6.8875
    endloop
  endfacet
  facet normal 0.284425 -0.233685 -0.929782
    outer loop
      vertex -14.558 11.1708 7.48105
      vertex -15.2331 10.2288 7.51129
      vertex -15.7481 12.0839 6.8875
    endloop
  endfacet
  facet normal 0.324738 -0.17338 0.929777
    outer loop
      vertex -15.8916 9.175 4.95645
      vertex -15.2796 10.1591 4.92621
      vertex -17.1906 9.925 5.55
    endloop
  endfacet
  facet normal 0.325039 -0.175415 0.92929
    outer loop
      vertex -16.5047 11.0281 5.51875
      vertex -15.2796 10.1591 4.92621
      vertex -15.2575 10.1947 4.9252
    endloop
  endfacet
  facet normal 0.324864 -0.175671 0.929303
    outer loop
      vertex -15.2796 10.1591 4.92621
      vertex -16.5047 11.0281 5.51875
      vertex -17.1906 9.925 5.55
    endloop
  endfacet
  facet normal 0.84922 -0.528039 0
    outer loop
      vertex -17.1906 9.925 5.55
      vertex -16.5047 11.0281 6.91875
      vertex -17.1906 9.925 6.95
    endloop
  endfacet
  facet normal 0.84922 -0.528039 0
    outer loop
      vertex -16.5047 11.0281 6.91875
      vertex -17.1906 9.925 5.55
      vertex -16.5047 11.0281 5.51875
    endloop
  endfacet
  facet normal 0.300962 -0.214163 -0.929277
    outer loop
      vertex -17.1906 9.925 6.95
      vertex -15.8694 9.21058 7.54254
      vertex -15.8916 9.175 7.54355
    endloop
  endfacet
  facet normal 0.301254 -0.213644 -0.929302
    outer loop
      vertex -15.8694 9.21058 7.54254
      vertex -17.1906 9.925 6.95
      vertex -16.5047 11.0281 6.91875
    endloop
  endfacet
  facet normal 0.299119 -0.214555 -0.929782
    outer loop
      vertex -15.2575 10.1947 7.5123
      vertex -15.8694 9.21058 7.54254
      vertex -16.5047 11.0281 6.91875
    endloop
  endfacet
  facet normal 0.335383 -0.151757 0.929779
    outer loop
      vertex -16.4576 8.116 4.9877
      vertex -15.9113 9.13805 4.95746
      vertex -17.8029 8.77943 5.58125
    endloop
  endfacet
  facet normal 0.335886 -0.153678 0.929281
    outer loop
      vertex -17.1906 9.925 5.55
      vertex -15.9113 9.13805 4.95746
      vertex -15.8916 9.175 4.95645
    endloop
  endfacet
  facet normal 0.335661 -0.154058 0.9293
    outer loop
      vertex -15.9113 9.13805 4.95746
      vertex -17.1906 9.925 5.55
      vertex -17.8029 8.77943 5.58125
    endloop
  endfacet
  facet normal 0.881928 -0.471385 0
    outer loop
      vertex -17.8029 8.77943 5.58125
      vertex -17.1906 9.925 6.95
      vertex -17.8029 8.77943 6.98125
    endloop
  endfacet
  facet normal 0.881928 -0.471385 0
    outer loop
      vertex -17.1906 9.925 6.95
      vertex -17.8029 8.77943 5.58125
      vertex -17.1906 9.925 5.55
    endloop
  endfacet
  facet normal 0.314735 -0.193204 -0.929308
    outer loop
      vertex -17.8029 8.77943 6.98125
      vertex -16.4379 8.15295 7.57379
      vertex -16.4576 8.116 7.5748
    endloop
  endfacet
  facet normal 0.314594 -0.193499 -0.929295
    outer loop
      vertex -16.4379 8.15295 7.57379
      vertex -17.8029 8.77943 6.98125
      vertex -17.1906 9.925 6.95
    endloop
  endfacet
  facet normal 0.312513 -0.194553 -0.929777
    outer loop
      vertex -15.8916 9.175 7.54355
      vertex -16.4379 8.15295 7.57379
      vertex -17.1906 9.925 6.95
    endloop
  endfacet
  facet normal 0.344589 -0.129502 0.929778
    outer loop
      vertex -18.339 7.59627 5.6125
      vertex -16.9532 7.02224 5.01895
      vertex -16.4749 8.07783 4.98871
    endloop
  endfacet
  facet normal 0.345019 -0.131785 0.929298
    outer loop
      vertex -17.8029 8.77943 5.58125
      vertex -16.4749 8.07783 4.98871
      vertex -16.4576 8.116 4.9877
    endloop
  endfacet
  facet normal 0.345019 -0.131786 0.929298
    outer loop
      vertex -16.4749 8.07783 4.98871
      vertex -17.8029 8.77943 5.58125
      vertex -18.339 7.59627 5.6125
    endloop
  endfacet
  facet normal 0.910859 -0.412718 0
    outer loop
      vertex -18.339 7.59627 5.6125
      vertex -17.8029 8.77943 6.98125
      vertex -18.339 7.59627 7.0125
    endloop
  endfacet
  facet normal 0.910859 -0.412718 0
    outer loop
      vertex -17.8029 8.77943 6.98125
      vertex -18.339 7.59627 5.6125
      vertex -17.8029 8.77943 5.58125
    endloop
  endfacet
  facet normal 0.326566 -0.172515 -0.929297
    outer loop
      vertex -16.9532 7.02224 7.60605
      vertex -18.339 7.59627 7.0125
      vertex -17.8029 8.77943 6.98125
    endloop
  endfacet
  facet normal 0.326481 -0.172563 -0.929318
    outer loop
      vertex -16.9359 7.06041 7.60504
      vertex -16.9532 7.02224 7.60605
      vertex -17.8029 8.77943 6.98125
    endloop
  endfacet
  facet normal 0.324562 -0.173699 -0.929779
    outer loop
      vertex -16.4576 8.116 7.5748
      vertex -16.9359 7.06041 7.60504
      vertex -17.8029 8.77943 6.98125
    endloop
  endfacet
  facet normal 0.352311 -0.106704 0.92978
    outer loop
      vertex -18.7966 6.38057 5.64375
      vertex -17.3762 5.89841 5.0502
      vertex -16.9679 6.98302 5.01996
    endloop
  endfacet
  facet normal 0.353109 -0.108417 0.929279
    outer loop
      vertex -18.339 7.59627 5.6125
      vertex -16.9679 6.98302 5.01996
      vertex -16.9532 7.02224 5.01895
    endloop
  endfacet
  facet normal 0.352885 -0.108941 0.929303
    outer loop
      vertex -16.9679 6.98302 5.01996
      vertex -18.339 7.59627 5.6125
      vertex -18.7966 6.38057 5.64375
    endloop
  endfacet
  facet normal 0.935895 -0.352279 0
    outer loop
      vertex -18.7966 6.38057 5.64375
      vertex -18.339 7.59627 7.0125
      vertex -18.7966 6.38057 7.04375
    endloop
  endfacet
  facet normal 0.935895 -0.352279 0
    outer loop
      vertex -18.339 7.59627 7.0125
      vertex -18.7966 6.38057 5.64375
      vertex -18.339 7.59627 5.6125
    endloop
  endfacet
  facet normal 0.337144 -0.150792 -0.929299
    outer loop
      vertex -17.3762 5.89841 7.6373
      vertex -18.7966 6.38057 7.04375
      vertex -18.339 7.59627 7.0125
    endloop
  endfacet
  facet normal 0.336791 -0.151025 -0.929389
    outer loop
      vertex -17.3614 5.93763 7.63629
      vertex -17.3762 5.89841 7.6373
      vertex -18.339 7.59627 7.0125
    endloop
  endfacet
  facet normal 0.335233 -0.15209 -0.929778
    outer loop
      vertex -16.9532 7.02224 7.60605
      vertex -17.3614 5.93763 7.63629
      vertex -18.339 7.59627 7.0125
    endloop
  endfacet
  facet normal 0.358541 -0.0834063 0.92978
    outer loop
      vertex -17.7247 4.74933 5.08145
      vertex -17.3883 5.85832 5.05121
      vertex -19.1736 5.13756 5.675
    endloop
  endfacet
  facet normal 0.359444 -0.085076 0.92928
    outer loop
      vertex -18.7966 6.38057 5.64375
      vertex -17.3883 5.85832 5.05121
      vertex -17.3762 5.89841 5.0502
    endloop
  endfacet
  facet normal 0.35926 -0.0855988 0.929304
    outer loop
      vertex -17.3883 5.85832 5.05121
      vertex -18.7966 6.38057 5.64375
      vertex -19.1736 5.13756 5.675
    endloop
  endfacet
  facet normal 0.956954 -0.29024 0
    outer loop
      vertex -19.1736 5.13756 5.675
      vertex -18.7966 6.38057 7.04375
      vertex -19.1736 5.13756 7.075
    endloop
  endfacet
  facet normal 0.956954 -0.29024 0
    outer loop
      vertex -18.7966 6.38057 7.04375
      vertex -19.1736 5.13756 5.675
      vertex -18.7966 6.38057 5.64375
    endloop
  endfacet
  facet normal 0.346419 -0.127937 -0.929315
    outer loop
      vertex -19.1736 5.13756 7.075
      vertex -17.7126 4.78943 7.66754
      vertex -17.7247 4.74933 7.66855
    endloop
  endfacet
  facet normal 0.346302 -0.128395 -0.929295
    outer loop
      vertex -17.7126 4.78943 7.66754
      vertex -19.1736 5.13756 7.075
      vertex -18.7966 6.38057 7.04375
    endloop
  endfacet
  facet normal 0.344457 -0.129842 -0.92978
    outer loop
      vertex -17.3762 5.89841 7.6373
      vertex -17.7126 4.78943 7.66754
      vertex -18.7966 6.38057 7.04375
    endloop
  endfacet
  facet normal 0.363229 -0.059763 0.929781
    outer loop
      vertex -17.9974 3.57991 5.1127
      vertex -17.7343 4.70852 5.08246
      vertex -19.4686 3.87254 5.70625
    endloop
  endfacet
  facet normal 0.363926 -0.062609 0.929321
    outer loop
      vertex -19.1736 5.13756 5.675
      vertex -17.7343 4.70852 5.08246
      vertex -17.7247 4.74933 5.08145
    endloop
  endfacet
  facet normal 0.36411 -0.0619531 0.929293
    outer loop
      vertex -17.7343 4.70852 5.08246
      vertex -19.1736 5.13756 5.675
      vertex -19.4686 3.87254 5.70625
    endloop
  endfacet
  facet normal 0.97387 -0.227105 0
    outer loop
      vertex -19.4686 3.87254 5.70625
      vertex -19.1736 5.13756 7.075
      vertex -19.4686 3.87254 7.10625
    endloop
  endfacet
  facet normal 0.97387 -0.227105 0
    outer loop
      vertex -19.1736 5.13756 7.075
      vertex -19.4686 3.87254 5.70625
      vertex -19.1736 5.13756 5.675
    endloop
  endfacet
  facet normal 0.353955 -0.105421 -0.929302
    outer loop
      vertex -19.4686 3.87254 7.10625
      vertex -17.9879 3.62071 7.69879
      vertex -17.9974 3.57991 7.6998
    endloop
  endfacet
  facet normal 0.353941 -0.105495 -0.929299
    outer loop
      vertex -17.9879 3.62071 7.69879
      vertex -19.4686 3.87254 7.10625
      vertex -19.1736 5.13756 7.075
    endloop
  endfacet
  facet normal 0.352206 -0.107049 -0.92978
    outer loop
      vertex -19.1736 5.13756 7.075
      vertex -17.7247 4.74933 7.66855
      vertex -17.9879 3.62071 7.69879
    endloop
  endfacet
  facet normal 0.366355 -0.0359028 0.929782
    outer loop
      vertex -18.193 2.39516 5.14395
      vertex -18.0042 3.53856 5.11371
      vertex -19.6802 2.59094 5.7375
    endloop
  endfacet
  facet normal 0.367416 -0.0377229 0.929291
    outer loop
      vertex -19.4686 3.87254 5.70625
      vertex -18.0042 3.53856 5.11371
      vertex -17.9974 3.57991 5.1127
    endloop
  endfacet
  facet normal 0.367359 -0.0379934 0.929303
    outer loop
      vertex -18.0042 3.53856 5.11371
      vertex -19.4686 3.87254 5.70625
      vertex -19.6802 2.59094 5.7375
    endloop
  endfacet
  facet normal 0.986642 -0.162901 0
    outer loop
      vertex -19.6802 2.59094 5.7375
      vertex -19.4686 3.87254 7.10625
      vertex -19.6802 2.59094 7.1375
    endloop
  endfacet
  facet normal 0.986642 -0.162901 0
    outer loop
      vertex -19.4686 3.87254 7.10625
      vertex -19.6802 2.59094 5.7375
      vertex -19.4686 3.87254 5.70625
    endloop
  endfacet
  facet normal 0.360105 -0.0819379 -0.929307
    outer loop
      vertex -19.6802 2.59094 7.1375
      vertex -18.1862 2.4365 7.73004
      vertex -18.193 2.39516 7.73105
    endloop
  endfacet
  facet normal 0.360084 -0.0821117 -0.929299
    outer loop
      vertex -18.1862 2.4365 7.73004
      vertex -19.6802 2.59094 7.1375
      vertex -19.4686 3.87254 7.10625
    endloop
  endfacet
  facet normal 0.358453 -0.0837779 -0.929781
    outer loop
      vertex -19.4686 3.87254 7.10625
      vertex -17.9974 3.57991 7.6998
      vertex -18.1862 2.4365 7.73004
    endloop
  endfacet
  facet normal 0.367923 -0.0118611 0.92978
    outer loop
      vertex -18.3107 1.20015 5.1752
      vertex -18.1971 2.35346 5.14496
      vertex -19.8075 1.29825 5.76875
    endloop
  endfacet
  facet normal 0.239191 0 0.970973
    outer loop
      vertex -18.193 2.39516 5.14395
      vertex -18.1971 2.35346 5.14496
      vertex -18.193 2.39515 5.14395
    endloop
  endfacet
  facet normal 0.369074 -0.0137797 0.929298
    outer loop
      vertex -19.6802 2.59094 5.7375
      vertex -18.1971 2.35346 5.14496
      vertex -18.193 2.39516 5.14395
    endloop
  endfacet
  facet normal 0.36906 -0.0138785 0.929302
    outer loop
      vertex -18.1971 2.35346 5.14496
      vertex -19.6802 2.59094 5.7375
      vertex -19.8075 1.29825 5.76875
    endloop
  endfacet
  facet normal 0.995186 -0.0980028 0
    outer loop
      vertex -19.8075 1.29825 5.76875
      vertex -19.6802 2.59094 7.1375
      vertex -19.8075 1.29825 7.16875
    endloop
  endfacet
  facet normal 0.995186 -0.0980028 0
    outer loop
      vertex -19.6802 2.59094 7.1375
      vertex -19.8075 1.29825 5.76875
      vertex -19.6802 2.59094 5.7375
    endloop
  endfacet
  facet normal 0.364685 -0.0583645 -0.9293
    outer loop
      vertex -19.8075 1.29825 7.16875
      vertex -18.3066 1.24185 7.76129
      vertex -18.3107 1.20015 7.7623
    endloop
  endfacet
  facet normal 0.364684 -0.0583782 -0.929299
    outer loop
      vertex -18.3066 1.24185 7.76129
      vertex -19.8075 1.29825 7.16875
      vertex -19.6802 2.59094 7.1375
    endloop
  endfacet
  facet normal 0.363163 -0.0601508 -0.929782
    outer loop
      vertex -19.6802 2.59094 7.1375
      vertex -18.193 2.39515 7.73105
      vertex -18.3066 1.24185 7.76129
    endloop
  endfacet
  facet normal 0.370675 0 -0.928763
    outer loop
      vertex -18.193 2.39515 7.73105
      vertex -19.6802 2.59094 7.1375
      vertex -18.193 2.39516 7.73105
    endloop
  endfacet
  facet normal 0.367914 0.012236 0.929779
    outer loop
      vertex -18.35 0 5.20645
      vertex -18.3121 1.15827 5.17621
      vertex -19.85 0 5.8
    endloop
  endfacet
  facet normal 0.369173 0.0100706 0.929306
    outer loop
      vertex -19.8075 1.29825 5.76875
      vertex -18.3121 1.15827 5.17621
      vertex -18.3107 1.20015 5.1752
    endloop
  endfacet
  facet normal 0.369189 0.0102831 0.929297
    outer loop
      vertex -18.3121 1.15827 5.17621
      vertex -19.8075 1.29825 5.76875
      vertex -19.85 0 5.8
    endloop
  endfacet
  facet normal 0.999465 -0.0327188 0
    outer loop
      vertex -19.85 0 5.8
      vertex -19.8075 1.29825 7.16875
      vertex -19.85 0 7.2
    endloop
  endfacet
  facet normal 0.999465 -0.0327188 0
    outer loop
      vertex -19.8075 1.29825 7.16875
      vertex -19.85 0 5.8
      vertex -19.8075 1.29825 5.76875
    endloop
  endfacet
  facet normal 0.36772 -0.0347042 -0.929289
    outer loop
      vertex -19.85 0 7.2
      vertex -18.3486 0.0418793 7.79254
      vertex -18.35 0 7.79355
    endloop
  endfacet
  facet normal 0.367716 -0.0344068 -0.929301
    outer loop
      vertex -18.3486 0.0418793 7.79254
      vertex -19.85 0 7.2
      vertex -19.8075 1.29825 7.16875
    endloop
  endfacet
  facet normal 0.366324 -0.0362612 -0.92978
    outer loop
      vertex -18.3107 1.20015 7.7623
      vertex -18.3486 0.0418793 7.79254
      vertex -19.8075 1.29825 7.16875
    endloop
  endfacet
  facet normal 0.366324 0.0362612 0.92978
    outer loop
      vertex -18.3107 -1.20015 5.2377
      vertex -18.3486 -0.0418793 5.20746
      vertex -19.8075 -1.29825 5.83125
    endloop
  endfacet
  facet normal 0.36772 0.0347042 0.929289
    outer loop
      vertex -19.85 0 5.8
      vertex -18.3486 -0.0418793 5.20746
      vertex -18.35 0 5.20645
    endloop
  endfacet
  facet normal 0.367716 0.0344068 0.929301
    outer loop
      vertex -18.3486 -0.0418793 5.20746
      vertex -19.85 0 5.8
      vertex -19.8075 -1.29825 5.83125
    endloop
  endfacet
  facet normal 0.999465 0.0327188 -0
    outer loop
      vertex -19.8075 -1.29825 5.83125
      vertex -19.85 0 7.2
      vertex -19.8075 -1.29825 7.23125
    endloop
  endfacet
  facet normal 0.999465 0.0327188 0
    outer loop
      vertex -19.85 0 7.2
      vertex -19.8075 -1.29825 5.83125
      vertex -19.85 0 5.8
    endloop
  endfacet
  facet normal 0.369173 -0.0100706 -0.929306
    outer loop
      vertex -19.8075 -1.29825 7.23125
      vertex -18.3121 -1.15827 7.82379
      vertex -18.3107 -1.20015 7.8248
    endloop
  endfacet
  facet normal 0.369189 -0.0102831 -0.929297
    outer loop
      vertex -18.3121 -1.15827 7.82379
      vertex -19.8075 -1.29825 7.23125
      vertex -19.85 0 7.2
    endloop
  endfacet
  facet normal 0.367914 -0.012236 -0.929779
    outer loop
      vertex -18.35 0 7.79355
      vertex -18.3121 -1.15827 7.82379
      vertex -19.85 0 7.2
    endloop
  endfacet
  facet normal 0.363163 0.0601508 0.929782
    outer loop
      vertex -19.6802 -2.59094 5.8625
      vertex -18.193 -2.39515 5.26895
      vertex -18.3066 -1.24185 5.23871
    endloop
  endfacet
  facet normal 0.370675 0 0.928763
    outer loop
      vertex -18.193 -2.39515 5.26895
      vertex -19.6802 -2.59094 5.8625
      vertex -18.193 -2.39516 5.26895
    endloop
  endfacet
  facet normal 0.364685 0.0583645 0.9293
    outer loop
      vertex -19.8075 -1.29825 5.83125
      vertex -18.3066 -1.24185 5.23871
      vertex -18.3107 -1.20015 5.2377
    endloop
  endfacet
  facet normal 0.364684 0.0583782 0.929299
    outer loop
      vertex -18.3066 -1.24185 5.23871
      vertex -19.8075 -1.29825 5.83125
      vertex -19.6802 -2.59094 5.8625
    endloop
  endfacet
  facet normal 0.995186 0.0980028 -0
    outer loop
      vertex -19.6802 -2.59094 5.8625
      vertex -19.8075 -1.29825 7.23125
      vertex -19.6802 -2.59094 7.2625
    endloop
  endfacet
  facet normal 0.995186 0.0980028 0
    outer loop
      vertex -19.8075 -1.29825 7.23125
      vertex -19.6802 -2.59094 5.8625
      vertex -19.8075 -1.29825 5.83125
    endloop
  endfacet
  facet normal 0.239191 0 -0.970973
    outer loop
      vertex -18.193 -2.39516 7.85605
      vertex -18.1971 -2.35346 7.85504
      vertex -18.193 -2.39515 7.85605
    endloop
  endfacet
  facet normal 0.369074 0.0137797 -0.929298
    outer loop
      vertex -19.6802 -2.59094 7.2625
      vertex -18.1971 -2.35346 7.85504
      vertex -18.193 -2.39516 7.85605
    endloop
  endfacet
  facet normal 0.36906 0.0138785 -0.929302
    outer loop
      vertex -18.1971 -2.35346 7.85504
      vertex -19.6802 -2.59094 7.2625
      vertex -19.8075 -1.29825 7.23125
    endloop
  endfacet
  facet normal 0.367923 0.0118611 -0.92978
    outer loop
      vertex -18.3107 -1.20015 7.8248
      vertex -18.1971 -2.35346 7.85504
      vertex -19.8075 -1.29825 7.23125
    endloop
  endfacet
  facet normal 0.358453 0.0837779 0.929781
    outer loop
      vertex -19.4686 -3.87254 5.89375
      vertex -17.9974 -3.57991 5.3002
      vertex -18.1862 -2.4365 5.26996
    endloop
  endfacet
  facet normal 0.360105 0.0819379 0.929307
    outer loop
      vertex -19.6802 -2.59094 5.8625
      vertex -18.1862 -2.4365 5.26996
      vertex -18.193 -2.39516 5.26895
    endloop
  endfacet
  facet normal 0.360084 0.0821117 0.929299
    outer loop
      vertex -18.1862 -2.4365 5.26996
      vertex -19.6802 -2.59094 5.8625
      vertex -19.4686 -3.87254 5.89375
    endloop
  endfacet
  facet normal 0.986642 0.162901 -0
    outer loop
      vertex -19.4686 -3.87254 5.89375
      vertex -19.6802 -2.59094 7.2625
      vertex -19.4686 -3.87254 7.29375
    endloop
  endfacet
  facet normal 0.986642 0.162901 0
    outer loop
      vertex -19.6802 -2.59094 7.2625
      vertex -19.4686 -3.87254 5.89375
      vertex -19.6802 -2.59094 5.8625
    endloop
  endfacet
  facet normal 0.367416 0.0377229 -0.929291
    outer loop
      vertex -19.4686 -3.87254 7.29375
      vertex -18.0042 -3.53856 7.88629
      vertex -17.9974 -3.57991 7.8873
    endloop
  endfacet
  facet normal 0.367359 0.0379934 -0.929303
    outer loop
      vertex -18.0042 -3.53856 7.88629
      vertex -19.4686 -3.87254 7.29375
      vertex -19.6802 -2.59094 7.2625
    endloop
  endfacet
  facet normal 0.366355 0.0359028 -0.929782
    outer loop
      vertex -18.193 -2.39516 7.85605
      vertex -18.0042 -3.53856 7.88629
      vertex -19.6802 -2.59094 7.2625
    endloop
  endfacet
  facet normal 0.352206 0.107049 0.92978
    outer loop
      vertex -19.1736 -5.13756 5.925
      vertex -17.7247 -4.74933 5.33145
      vertex -17.9879 -3.62071 5.30121
    endloop
  endfacet
  facet normal 0.353955 0.105421 0.929302
    outer loop
      vertex -19.4686 -3.87254 5.89375
      vertex -17.9879 -3.62071 5.30121
      vertex -17.9974 -3.57991 5.3002
    endloop
  endfacet
  facet normal 0.353941 0.105495 0.929299
    outer loop
      vertex -17.9879 -3.62071 5.30121
      vertex -19.4686 -3.87254 5.89375
      vertex -19.1736 -5.13756 5.925
    endloop
  endfacet
  facet normal 0.97387 0.227105 -0
    outer loop
      vertex -19.1736 -5.13756 5.925
      vertex -19.4686 -3.87254 7.29375
      vertex -19.1736 -5.13756 7.325
    endloop
  endfacet
  facet normal 0.97387 0.227105 0
    outer loop
      vertex -19.4686 -3.87254 7.29375
      vertex -19.1736 -5.13756 5.925
      vertex -19.4686 -3.87254 5.89375
    endloop
  endfacet
  facet normal 0.363926 0.062609 -0.929321
    outer loop
      vertex -19.1736 -5.13756 7.325
      vertex -17.7343 -4.70852 7.91754
      vertex -17.7247 -4.74933 7.91855
    endloop
  endfacet
  facet normal 0.36411 0.0619531 -0.929293
    outer loop
      vertex -17.7343 -4.70852 7.91754
      vertex -19.1736 -5.13756 7.325
      vertex -19.4686 -3.87254 7.29375
    endloop
  endfacet
  facet normal 0.363229 0.059763 -0.929781
    outer loop
      vertex -17.9974 -3.57991 7.8873
      vertex -17.7343 -4.70852 7.91754
      vertex -19.4686 -3.87254 7.29375
    endloop
  endfacet
  facet normal 0.344457 0.129842 0.92978
    outer loop
      vertex -17.3762 -5.89841 5.3627
      vertex -17.7126 -4.78943 5.33246
      vertex -18.7966 -6.38057 5.95625
    endloop
  endfacet
  facet normal 0.346419 0.127937 0.929315
    outer loop
      vertex -19.1736 -5.13756 5.925
      vertex -17.7126 -4.78943 5.33246
      vertex -17.7247 -4.74933 5.33145
    endloop
  endfacet
  facet normal 0.346302 0.128395 0.929295
    outer loop
      vertex -17.7126 -4.78943 5.33246
      vertex -19.1736 -5.13756 5.925
      vertex -18.7966 -6.38057 5.95625
    endloop
  endfacet
  facet normal 0.956954 0.29024 -0
    outer loop
      vertex -18.7966 -6.38057 5.95625
      vertex -19.1736 -5.13756 7.325
      vertex -18.7966 -6.38057 7.35625
    endloop
  endfacet
  facet normal 0.956954 0.29024 0
    outer loop
      vertex -19.1736 -5.13756 7.325
      vertex -18.7966 -6.38057 5.95625
      vertex -19.1736 -5.13756 5.925
    endloop
  endfacet
  facet normal 0.359444 0.085076 -0.92928
    outer loop
      vertex -18.7966 -6.38057 7.35625
      vertex -17.3883 -5.85832 7.94879
      vertex -17.3762 -5.89841 7.9498
    endloop
  endfacet
  facet normal 0.35926 0.0855988 -0.929304
    outer loop
      vertex -17.3883 -5.85832 7.94879
      vertex -18.7966 -6.38057 7.35625
      vertex -19.1736 -5.13756 7.325
    endloop
  endfacet
  facet normal 0.358541 0.0834063 -0.92978
    outer loop
      vertex -17.7247 -4.74933 7.91855
      vertex -17.3883 -5.85832 7.94879
      vertex -19.1736 -5.13756 7.325
    endloop
  endfacet
  facet normal 0.335233 0.15209 0.929778
    outer loop
      vertex -16.9532 -7.02224 5.39395
      vertex -17.3614 -5.93763 5.36371
      vertex -18.339 -7.59627 5.9875
    endloop
  endfacet
  facet normal 0.337144 0.150792 0.929299
    outer loop
      vertex -17.3762 -5.89841 5.3627
      vertex -18.7966 -6.38057 5.95625
      vertex -18.339 -7.59627 5.9875
    endloop
  endfacet
  facet normal 0.336791 0.151025 0.929389
    outer loop
      vertex -17.3614 -5.93763 5.36371
      vertex -17.3762 -5.89841 5.3627
      vertex -18.339 -7.59627 5.9875
    endloop
  endfacet
  facet normal 0.935895 0.352279 -0
    outer loop
      vertex -18.339 -7.59627 5.9875
      vertex -18.7966 -6.38057 7.35625
      vertex -18.339 -7.59627 7.3875
    endloop
  endfacet
  facet normal 0.935895 0.352279 0
    outer loop
      vertex -18.7966 -6.38057 7.35625
      vertex -18.339 -7.59627 5.9875
      vertex -18.7966 -6.38057 5.95625
    endloop
  endfacet
  facet normal 0.353109 0.108417 -0.929279
    outer loop
      vertex -18.339 -7.59627 7.3875
      vertex -16.9679 -6.98302 7.98004
      vertex -16.9532 -7.02224 7.98105
    endloop
  endfacet
  facet normal 0.352885 0.108941 -0.929303
    outer loop
      vertex -16.9679 -6.98302 7.98004
      vertex -18.339 -7.59627 7.3875
      vertex -18.7966 -6.38057 7.35625
    endloop
  endfacet
  facet normal 0.352311 0.106704 -0.92978
    outer loop
      vertex -18.7966 -6.38057 7.35625
      vertex -17.3762 -5.89841 7.9498
      vertex -16.9679 -6.98302 7.98004
    endloop
  endfacet
  facet normal 0.324562 0.173699 0.929779
    outer loop
      vertex -16.4576 -8.116 5.4252
      vertex -16.9359 -7.06041 5.39496
      vertex -17.8029 -8.77943 6.01875
    endloop
  endfacet
  facet normal 0.326566 0.172515 0.929297
    outer loop
      vertex -16.9532 -7.02224 5.39395
      vertex -18.339 -7.59627 5.9875
      vertex -17.8029 -8.77943 6.01875
    endloop
  endfacet
  facet normal 0.326481 0.172563 0.929318
    outer loop
      vertex -16.9359 -7.06041 5.39496
      vertex -16.9532 -7.02224 5.39395
      vertex -17.8029 -8.77943 6.01875
    endloop
  endfacet
  facet normal 0.910859 0.412718 -0
    outer loop
      vertex -17.8029 -8.77943 6.01875
      vertex -18.339 -7.59627 7.3875
      vertex -17.8029 -8.77943 7.41875
    endloop
  endfacet
  facet normal 0.910859 0.412718 0
    outer loop
      vertex -18.339 -7.59627 7.3875
      vertex -17.8029 -8.77943 6.01875
      vertex -18.339 -7.59627 5.9875
    endloop
  endfacet
  facet normal 0.345019 0.131785 -0.929298
    outer loop
      vertex -17.8029 -8.77943 7.41875
      vertex -16.4749 -8.07783 8.01129
      vertex -16.4576 -8.116 8.0123
    endloop
  endfacet
  facet normal 0.345019 0.131786 -0.929298
    outer loop
      vertex -16.4749 -8.07783 8.01129
      vertex -17.8029 -8.77943 7.41875
      vertex -18.339 -7.59627 7.3875
    endloop
  endfacet
  facet normal 0.344589 0.129502 -0.929778
    outer loop
      vertex -18.339 -7.59627 7.3875
      vertex -16.9532 -7.02224 7.98105
      vertex -16.4749 -8.07783 8.01129
    endloop
  endfacet
  facet normal 0.312513 0.194553 0.929777
    outer loop
      vertex -15.8916 -9.175 5.45645
      vertex -16.4379 -8.15295 5.42621
      vertex -17.1906 -9.925 6.05
    endloop
  endfacet
  facet normal 0.314735 0.193204 0.929308
    outer loop
      vertex -17.8029 -8.77943 6.01875
      vertex -16.4379 -8.15295 5.42621
      vertex -16.4576 -8.116 5.4252
    endloop
  endfacet
  facet normal 0.314594 0.193499 0.929295
    outer loop
      vertex -16.4379 -8.15295 5.42621
      vertex -17.8029 -8.77943 6.01875
      vertex -17.1906 -9.925 6.05
    endloop
  endfacet
  facet normal 0.881928 0.471385 -0
    outer loop
      vertex -17.1906 -9.925 6.05
      vertex -17.8029 -8.77943 7.41875
      vertex -17.1906 -9.925 7.45
    endloop
  endfacet
  facet normal 0.881928 0.471385 0
    outer loop
      vertex -17.8029 -8.77943 7.41875
      vertex -17.1906 -9.925 6.05
      vertex -17.8029 -8.77943 6.01875
    endloop
  endfacet
  facet normal 0.335886 0.153678 -0.929281
    outer loop
      vertex -17.1906 -9.925 7.45
      vertex -15.9113 -9.13805 8.04254
      vertex -15.8916 -9.175 8.04355
    endloop
  endfacet
  facet normal 0.335661 0.154058 -0.9293
    outer loop
      vertex -15.9113 -9.13805 8.04254
      vertex -17.1906 -9.925 7.45
      vertex -17.8029 -8.77943 7.41875
    endloop
  endfacet
  facet normal 0.335383 0.151757 -0.929779
    outer loop
      vertex -16.4576 -8.116 8.0123
      vertex -15.9113 -9.13805 8.04254
      vertex -17.8029 -8.77943 7.41875
    endloop
  endfacet
  facet normal 0.299119 0.214555 0.929782
    outer loop
      vertex -15.2575 -10.1947 5.4877
      vertex -15.8694 -9.21058 5.45746
      vertex -16.5047 -11.0281 6.08125
    endloop
  endfacet
  facet normal 0.300962 0.214163 0.929277
    outer loop
      vertex -17.1906 -9.925 6.05
      vertex -15.8694 -9.21058 5.45746
      vertex -15.8916 -9.175 5.45645
    endloop
  endfacet
  facet normal 0.301254 0.213644 0.929302
    outer loop
      vertex -15.8694 -9.21058 5.45746
      vertex -17.1906 -9.925 6.05
      vertex -16.5047 -11.0281 6.08125
    endloop
  endfacet
  facet normal 0.84922 0.528039 -0
    outer loop
      vertex -16.5047 -11.0281 6.08125
      vertex -17.1906 -9.925 7.45
      vertex -16.5047 -11.0281 7.48125
    endloop
  endfacet
  facet normal 0.84922 0.528039 0
    outer loop
      vertex -17.1906 -9.925 7.45
      vertex -16.5047 -11.0281 6.08125
      vertex -17.1906 -9.925 6.05
    endloop
  endfacet
  facet normal 0.325039 0.175415 -0.92929
    outer loop
      vertex -16.5047 -11.0281 7.48125
      vertex -15.2796 -10.1591 8.07379
      vertex -15.2575 -10.1947 8.0748
    endloop
  endfacet
  facet normal 0.324864 0.175671 -0.929303
    outer loop
      vertex -15.2796 -10.1591 8.07379
      vertex -16.5047 -11.0281 7.48125
      vertex -17.1906 -9.925 7.45
    endloop
  endfacet
  facet normal 0.324738 0.17338 -0.929777
    outer loop
      vertex -15.8916 -9.175 8.04355
      vertex -15.2796 -10.1591 8.07379
      vertex -17.1906 -9.925 7.45
    endloop
  endfacet
  facet normal 0.284425 0.233685 0.929782
    outer loop
      vertex -14.558 -11.1708 5.51895
      vertex -15.2331 -10.2288 5.48871
      vertex -15.7481 -12.0839 6.1125
    endloop
  endfacet
  facet normal 0.28676 0.232714 0.929308
    outer loop
      vertex -16.5047 -11.0281 6.08125
      vertex -15.2331 -10.2288 5.48871
      vertex -15.2575 -10.1947 5.4877
    endloop
  endfacet
  facet normal 0.286632 0.23291 0.929298
    outer loop
      vertex -15.2331 -10.2288 5.48871
      vertex -16.5047 -11.0281 6.08125
      vertex -15.7481 -12.0839 6.1125
    endloop
  endfacet
  facet normal 0.812838 0.58249 -0
    outer loop
      vertex -15.7481 -12.0839 6.1125
      vertex -16.5047 -11.0281 7.48125
      vertex -15.7481 -12.0839 7.5125
    endloop
  endfacet
  facet normal 0.812838 0.58249 0
    outer loop
      vertex -16.5047 -11.0281 7.48125
      vertex -15.7481 -12.0839 6.1125
      vertex -16.5047 -11.0281 6.08125
    endloop
  endfacet
  facet normal 0.312843 0.196328 -0.929293
    outer loop
      vertex -15.7481 -12.0839 7.5125
      vertex -14.5824 -11.1367 8.10504
      vertex -14.558 -11.1708 8.10605
    endloop
  endfacet
  facet normal 0.312665 0.196554 -0.929304
    outer loop
      vertex -14.5824 -11.1367 8.10504
      vertex -15.7481 -12.0839 7.5125
      vertex -16.5047 -11.0281 7.48125
    endloop
  endfacet
  facet normal 0.31269 0.194247 -0.929781
    outer loop
      vertex -15.2575 -10.1947 8.0748
      vertex -14.5824 -11.1367 8.10504
      vertex -16.5047 -11.0281 7.48125
    endloop
  endfacet
  facet normal 0.268551 0.251792 0.929775
    outer loop
      vertex -13.7963 -12.099 5.5502
      vertex -14.5315 -11.2032 5.51996
      vertex -14.924 -13.088 6.14375
    endloop
  endfacet
  facet normal 0.271123 0.250721 0.929318
    outer loop
      vertex -15.7481 -12.0839 6.1125
      vertex -14.5315 -11.2032 5.51996
      vertex -14.558 -11.1708 5.51895
    endloop
  endfacet
  facet normal 0.270788 0.251167 0.929295
    outer loop
      vertex -14.5315 -11.2032 5.51996
      vertex -15.7481 -12.0839 6.1125
      vertex -14.924 -13.088 6.14375
    endloop
  endfacet
  facet normal 0.772989 0.634419 -0
    outer loop
      vertex -14.924 -13.088 6.14375
      vertex -15.7481 -12.0839 7.5125
      vertex -14.924 -13.088 7.54375
    endloop
  endfacet
  facet normal 0.772989 0.634419 0
    outer loop
      vertex -15.7481 -12.0839 7.5125
      vertex -14.924 -13.088 6.14375
      vertex -15.7481 -12.0839 6.1125
    endloop
  endfacet
  facet normal 0.299606 0.21608 -0.929272
    outer loop
      vertex -14.924 -13.088 7.54375
      vertex -13.8228 -12.0666 8.13629
      vertex -13.7963 -12.099 8.1373
    endloop
  endfacet
  facet normal 0.299144 0.216596 -0.929301
    outer loop
      vertex -13.8228 -12.0666 8.13629
      vertex -14.924 -13.088 7.54375
      vertex -15.7481 -12.0839 7.5125
    endloop
  endfacet
  facet normal 0.299321 0.214271 -0.929782
    outer loop
      vertex -14.558 -11.1708 8.10605
      vertex -13.8228 -12.0666 8.13629
      vertex -15.7481 -12.0839 7.5125
    endloop
  endfacet
  facet normal 0.251493 0.268798 0.929784
    outer loop
      vertex -12.9754 -12.9754 5.58145
      vertex -13.7676 -12.1296 5.55121
      vertex -14.0361 -14.0361 6.175
    endloop
  endfacet
  facet normal 0.25361 0.268535 0.929285
    outer loop
      vertex -14.924 -13.088 6.14375
      vertex -13.7676 -12.1296 5.55121
      vertex -13.7963 -12.099 5.5502
    endloop
  endfacet
  facet normal 0.253799 0.268314 0.929297
    outer loop
      vertex -13.7676 -12.1296 5.55121
      vertex -14.924 -13.088 6.14375
      vertex -14.0361 -14.0361 6.175
    endloop
  endfacet
  facet normal 0.7299 0.683554 -0
    outer loop
      vertex -14.0361 -14.0361 6.175
      vertex -14.924 -13.088 7.54375
      vertex -14.0361 -14.0361 7.575
    endloop
  endfacet
  facet normal 0.7299 0.683554 0
    outer loop
      vertex -14.924 -13.088 7.54375
      vertex -14.0361 -14.0361 6.175
      vertex -14.924 -13.088 6.14375
    endloop
  endfacet
  facet normal 0.284172 0.235854 -0.929311
    outer loop
      vertex -14.0361 -14.0361 7.575
      vertex -13.0041 -12.9448 8.16754
      vertex -12.9754 -12.9754 8.16855
    endloop
  endfacet
  facet normal 0.284358 0.235673 -0.9293
    outer loop
      vertex -13.0041 -12.9448 8.16754
      vertex -14.0361 -14.0361 7.575
      vertex -14.924 -13.088 7.54375
    endloop
  endfacet
  facet normal 0.284682 0.233399 -0.929775
    outer loop
      vertex -13.7963 -12.099 8.1373
      vertex -13.0041 -12.9448 8.16754
      vertex -14.924 -13.088 7.54375
    endloop
  endfacet
  facet normal 0.233399 0.284682 0.929775
    outer loop
      vertex -12.099 -13.7963 5.6127
      vertex -12.9448 -13.0041 5.58246
      vertex -13.088 -14.924 6.20625
    endloop
  endfacet
  facet normal 0.235854 0.284172 0.929311
    outer loop
      vertex -14.0361 -14.0361 6.175
      vertex -12.9448 -13.0041 5.58246
      vertex -12.9754 -12.9754 5.58145
    endloop
  endfacet
  facet normal 0.235673 0.284358 0.9293
    outer loop
      vertex -12.9448 -13.0041 5.58246
      vertex -14.0361 -14.0361 6.175
      vertex -13.088 -14.924 6.20625
    endloop
  endfacet
  facet normal 0.683554 0.7299 -0
    outer loop
      vertex -13.088 -14.924 6.20625
      vertex -14.0361 -14.0361 7.575
      vertex -13.088 -14.924 7.60625
    endloop
  endfacet
  facet normal 0.683554 0.7299 0
    outer loop
      vertex -14.0361 -14.0361 7.575
      vertex -13.088 -14.924 6.20625
      vertex -14.0361 -14.0361 6.175
    endloop
  endfacet
  facet normal 0.268535 0.25361 -0.929285
    outer loop
      vertex -13.088 -14.924 7.60625
      vertex -12.1296 -13.7676 8.19879
      vertex -12.099 -13.7963 8.1998
    endloop
  endfacet
  facet normal 0.268314 0.253799 -0.929297
    outer loop
      vertex -12.1296 -13.7676 8.19879
      vertex -13.088 -14.924 7.60625
      vertex -14.0361 -14.0361 7.575
    endloop
  endfacet
  facet normal 0.268798 0.251493 -0.929784
    outer loop
      vertex -12.9754 -12.9754 8.16855
      vertex -12.1296 -13.7676 8.19879
      vertex -14.0361 -14.0361 7.575
    endloop
  endfacet
  facet normal 0.214271 0.299321 0.929782
    outer loop
      vertex -11.1708 -14.558 5.64395
      vertex -12.0666 -13.8228 5.61371
      vertex -12.0839 -15.7481 6.2375
    endloop
  endfacet
  facet normal 0.21608 0.299606 0.929272
    outer loop
      vertex -13.088 -14.924 6.20625
      vertex -12.0666 -13.8228 5.61371
      vertex -12.099 -13.7963 5.6127
    endloop
  endfacet
  facet normal 0.216596 0.299144 0.929301
    outer loop
      vertex -12.0666 -13.8228 5.61371
      vertex -13.088 -14.924 6.20625
      vertex -12.0839 -15.7481 6.2375
    endloop
  endfacet
  facet normal 0.634419 0.772989 -0
    outer loop
      vertex -12.0839 -15.7481 6.2375
      vertex -13.088 -14.924 7.60625
      vertex -12.0839 -15.7481 7.6375
    endloop
  endfacet
  facet normal 0.634419 0.772989 0
    outer loop
      vertex -13.088 -14.924 7.60625
      vertex -12.0839 -15.7481 6.2375
      vertex -13.088 -14.924 6.20625
    endloop
  endfacet
  facet normal 0.250721 0.271123 -0.929318
    outer loop
      vertex -12.0839 -15.7481 7.6375
      vertex -11.2032 -14.5315 8.23004
      vertex -11.1708 -14.558 8.23105
    endloop
  endfacet
  facet normal 0.251167 0.270788 -0.929295
    outer loop
      vertex -11.2032 -14.5315 8.23004
      vertex -12.0839 -15.7481 7.6375
      vertex -13.088 -14.924 7.60625
    endloop
  endfacet
  facet normal 0.251792 0.268551 -0.929775
    outer loop
      vertex -12.099 -13.7963 8.1998
      vertex -11.2032 -14.5315 8.23004
      vertex -13.088 -14.924 7.60625
    endloop
  endfacet
  facet normal 0.194247 0.31269 0.929781
    outer loop
      vertex -11.0281 -16.5047 6.26875
      vertex -10.1947 -15.2575 5.6752
      vertex -11.1367 -14.5824 5.64496
    endloop
  endfacet
  facet normal 0.196328 0.312843 0.929293
    outer loop
      vertex -12.0839 -15.7481 6.2375
      vertex -11.1367 -14.5824 5.64496
      vertex -11.1708 -14.558 5.64395
    endloop
  endfacet
  facet normal 0.196554 0.312665 0.929304
    outer loop
      vertex -11.1367 -14.5824 5.64496
      vertex -12.0839 -15.7481 6.2375
      vertex -11.0281 -16.5047 6.26875
    endloop
  endfacet
  facet normal 0.58249 0.812838 -0
    outer loop
      vertex -11.0281 -16.5047 6.26875
      vertex -12.0839 -15.7481 7.6375
      vertex -11.0281 -16.5047 7.66875
    endloop
  endfacet
  facet normal 0.58249 0.812838 0
    outer loop
      vertex -12.0839 -15.7481 7.6375
      vertex -11.0281 -16.5047 6.26875
      vertex -12.0839 -15.7481 6.2375
    endloop
  endfacet
  facet normal 0.232714 0.28676 -0.929308
    outer loop
      vertex -11.0281 -16.5047 7.66875
      vertex -10.2288 -15.2331 8.26129
      vertex -10.1947 -15.2575 8.2623
    endloop
  endfacet
  facet normal 0.23291 0.286632 -0.929298
    outer loop
      vertex -10.2288 -15.2331 8.26129
      vertex -11.0281 -16.5047 7.66875
      vertex -12.0839 -15.7481 7.6375
    endloop
  endfacet
  facet normal 0.233685 0.284425 -0.929782
    outer loop
      vertex -11.1708 -14.558 8.23105
      vertex -10.2288 -15.2331 8.26129
      vertex -12.0839 -15.7481 7.6375
    endloop
  endfacet
  facet normal 0.17338 0.324738 0.929777
    outer loop
      vertex -9.925 -17.1906 6.3
      vertex -9.175 -15.8916 5.70645
      vertex -10.1591 -15.2796 5.67621
    endloop
  endfacet
  facet normal 0.175415 0.325039 0.92929
    outer loop
      vertex -11.0281 -16.5047 6.26875
      vertex -10.1591 -15.2796 5.67621
      vertex -10.1947 -15.2575 5.6752
    endloop
  endfacet
  facet normal 0.175671 0.324864 0.929303
    outer loop
      vertex -10.1591 -15.2796 5.67621
      vertex -11.0281 -16.5047 6.26875
      vertex -9.925 -17.1906 6.3
    endloop
  endfacet
  facet normal 0.528039 0.84922 -0
    outer loop
      vertex -9.925 -17.1906 6.3
      vertex -11.0281 -16.5047 7.66875
      vertex -9.925 -17.1906 7.7
    endloop
  endfacet
  facet normal 0.528039 0.84922 0
    outer loop
      vertex -11.0281 -16.5047 7.66875
      vertex -9.925 -17.1906 6.3
      vertex -11.0281 -16.5047 6.26875
    endloop
  endfacet
  facet normal 0.214163 0.300962 -0.929277
    outer loop
      vertex -9.925 -17.1906 7.7
      vertex -9.21058 -15.8694 8.29254
      vertex -9.175 -15.8916 8.29355
    endloop
  endfacet
  facet normal 0.213644 0.301254 -0.929302
    outer loop
      vertex -9.21058 -15.8694 8.29254
      vertex -9.925 -17.1906 7.7
      vertex -11.0281 -16.5047 7.66875
    endloop
  endfacet
  facet normal 0.214555 0.299119 -0.929782
    outer loop
      vertex -10.1947 -15.2575 8.2623
      vertex -9.21058 -15.8694 8.29254
      vertex -11.0281 -16.5047 7.66875
    endloop
  endfacet
  facet normal 0.151757 0.335383 0.929779
    outer loop
      vertex -8.77943 -17.8029 6.33125
      vertex -8.116 -16.4576 5.7377
      vertex -9.13805 -15.9113 5.70746
    endloop
  endfacet
  facet normal 0.153678 0.335886 0.929281
    outer loop
      vertex -9.925 -17.1906 6.3
      vertex -9.13805 -15.9113 5.70746
      vertex -9.175 -15.8916 5.70645
    endloop
  endfacet
  facet normal 0.154058 0.335661 0.9293
    outer loop
      vertex -9.13805 -15.9113 5.70746
      vertex -9.925 -17.1906 6.3
      vertex -8.77943 -17.8029 6.33125
    endloop
  endfacet
  facet normal 0.471385 0.881928 -0
    outer loop
      vertex -8.77943 -17.8029 6.33125
      vertex -9.925 -17.1906 7.7
      vertex -8.77943 -17.8029 7.73125
    endloop
  endfacet
  facet normal 0.471385 0.881928 0
    outer loop
      vertex -9.925 -17.1906 7.7
      vertex -8.77943 -17.8029 6.33125
      vertex -9.925 -17.1906 6.3
    endloop
  endfacet
  facet normal 0.193204 0.314735 -0.929308
    outer loop
      vertex -8.77943 -17.8029 7.73125
      vertex -8.15295 -16.4379 8.32379
      vertex -8.116 -16.4576 8.3248
    endloop
  endfacet
  facet normal 0.193499 0.314594 -0.929295
    outer loop
      vertex -8.15295 -16.4379 8.32379
      vertex -8.77943 -17.8029 7.73125
      vertex -9.925 -17.1906 7.7
    endloop
  endfacet
  facet normal 0.194553 0.312513 -0.929777
    outer loop
      vertex -9.175 -15.8916 8.29355
      vertex -8.15295 -16.4379 8.32379
      vertex -9.925 -17.1906 7.7
    endloop
  endfacet
  facet normal 0.129502 0.344589 0.929778
    outer loop
      vertex -7.59627 -18.339 6.3625
      vertex -7.02224 -16.9532 5.76895
      vertex -8.07783 -16.4749 5.73871
    endloop
  endfacet
  facet normal 0.131785 0.345019 0.929298
    outer loop
      vertex -8.77943 -17.8029 6.33125
      vertex -8.07783 -16.4749 5.73871
      vertex -8.116 -16.4576 5.7377
    endloop
  endfacet
  facet normal 0.131786 0.345019 0.929298
    outer loop
      vertex -8.07783 -16.4749 5.73871
      vertex -8.77943 -17.8029 6.33125
      vertex -7.59627 -18.339 6.3625
    endloop
  endfacet
  facet normal 0.412718 0.910859 -0
    outer loop
      vertex -7.59627 -18.339 6.3625
      vertex -8.77943 -17.8029 7.73125
      vertex -7.59627 -18.339 7.7625
    endloop
  endfacet
  facet normal 0.412718 0.910859 0
    outer loop
      vertex -8.77943 -17.8029 7.73125
      vertex -7.59627 -18.339 6.3625
      vertex -8.77943 -17.8029 6.33125
    endloop
  endfacet
  facet normal 0.172587 0.326535 -0.929295
    outer loop
      vertex -7.59627 -18.339 7.7625
      vertex -7.06041 -16.9359 8.35504
      vertex -7.02224 -16.9532 8.35605
    endloop
  endfacet
  facet normal 0.172514 0.326565 -0.929298
    outer loop
      vertex -7.06041 -16.9359 8.35504
      vertex -7.59627 -18.339 7.7625
      vertex -8.77943 -17.8029 7.73125
    endloop
  endfacet
  facet normal 0.173699 0.324562 -0.929779
    outer loop
      vertex -8.116 -16.4576 8.3248
      vertex -7.06041 -16.9359 8.35504
      vertex -8.77943 -17.8029 7.73125
    endloop
  endfacet
  facet normal 0.106704 0.352311 0.92978
    outer loop
      vertex -6.38057 -18.7966 6.39375
      vertex -5.89841 -17.3762 5.8002
      vertex -6.98302 -16.9679 5.76996
    endloop
  endfacet
  facet normal 0.108417 0.353109 0.929279
    outer loop
      vertex -7.59627 -18.339 6.3625
      vertex -6.98302 -16.9679 5.76996
      vertex -7.02224 -16.9532 5.76895
    endloop
  endfacet
  facet normal 0.108941 0.352885 0.929303
    outer loop
      vertex -6.98302 -16.9679 5.76996
      vertex -7.59627 -18.339 6.3625
      vertex -6.38057 -18.7966 6.39375
    endloop
  endfacet
  facet normal 0.352279 0.935895 -0
    outer loop
      vertex -6.38057 -18.7966 6.39375
      vertex -7.59627 -18.339 7.7625
      vertex -6.38057 -18.7966 7.79375
    endloop
  endfacet
  facet normal 0.352279 0.935895 0
    outer loop
      vertex -7.59627 -18.339 7.7625
      vertex -6.38057 -18.7966 6.39375
      vertex -7.59627 -18.339 6.3625
    endloop
  endfacet
  facet normal 0.151113 0.337031 -0.929288
    outer loop
      vertex -6.38057 -18.7966 7.79375
      vertex -5.93763 -17.3614 8.38629
      vertex -5.89841 -17.3762 8.3873
    endloop
  endfacet
  facet normal 0.150789 0.337136 -0.929302
    outer loop
      vertex -5.93763 -17.3614 8.38629
      vertex -6.38057 -18.7966 7.79375
      vertex -7.59627 -18.339 7.7625
    endloop
  endfacet
  facet normal 0.15209 0.335233 -0.929778
    outer loop
      vertex -7.02224 -16.9532 8.35605
      vertex -5.93763 -17.3614 8.38629
      vertex -7.59627 -18.339 7.7625
    endloop
  endfacet
  facet normal 0.0834063 0.358541 0.92978
    outer loop
      vertex -5.13756 -19.1736 6.425
      vertex -4.74933 -17.7247 5.83145
      vertex -5.85832 -17.3883 5.80121
    endloop
  endfacet
  facet normal 0.085076 0.359444 0.92928
    outer loop
      vertex -6.38057 -18.7966 6.39375
      vertex -5.85832 -17.3883 5.80121
      vertex -5.89841 -17.3762 5.8002
    endloop
  endfacet
  facet normal 0.0855988 0.35926 0.929304
    outer loop
      vertex -5.85832 -17.3883 5.80121
      vertex -6.38057 -18.7966 6.39375
      vertex -5.13756 -19.1736 6.425
    endloop
  endfacet
  facet normal 0.29024 0.956954 -0
    outer loop
      vertex -5.13756 -19.1736 6.425
      vertex -6.38057 -18.7966 7.79375
      vertex -5.13756 -19.1736 7.825
    endloop
  endfacet
  facet normal 0.29024 0.956954 0
    outer loop
      vertex -6.38057 -18.7966 7.79375
      vertex -5.13756 -19.1736 6.425
      vertex -6.38057 -18.7966 6.39375
    endloop
  endfacet
  facet normal 0.127937 0.346419 -0.929315
    outer loop
      vertex -5.13756 -19.1736 7.825
      vertex -4.78943 -17.7126 8.41754
      vertex -4.74933 -17.7247 8.41855
    endloop
  endfacet
  facet normal 0.128395 0.346302 -0.929295
    outer loop
      vertex -4.78943 -17.7126 8.41754
      vertex -5.13756 -19.1736 7.825
      vertex -6.38057 -18.7966 7.79375
    endloop
  endfacet
  facet normal 0.129842 0.344457 -0.92978
    outer loop
      vertex -5.89841 -17.3762 8.3873
      vertex -4.78943 -17.7126 8.41754
      vertex -6.38057 -18.7966 7.79375
    endloop
  endfacet
  facet normal 0.059763 0.363229 0.929781
    outer loop
      vertex -3.87254 -19.4686 6.45625
      vertex -3.57991 -17.9974 5.8627
      vertex -4.70852 -17.7343 5.83246
    endloop
  endfacet
  facet normal 0.062609 0.363926 0.929321
    outer loop
      vertex -5.13756 -19.1736 6.425
      vertex -4.70852 -17.7343 5.83246
      vertex -4.74933 -17.7247 5.83145
    endloop
  endfacet
  facet normal 0.0619531 0.36411 0.929293
    outer loop
      vertex -4.70852 -17.7343 5.83246
      vertex -5.13756 -19.1736 6.425
      vertex -3.87254 -19.4686 6.45625
    endloop
  endfacet
  facet normal 0.227105 0.97387 -0
    outer loop
      vertex -3.87254 -19.4686 6.45625
      vertex -5.13756 -19.1736 7.825
      vertex -3.87254 -19.4686 7.85625
    endloop
  endfacet
  facet normal 0.227105 0.97387 0
    outer loop
      vertex -5.13756 -19.1736 7.825
      vertex -3.87254 -19.4686 6.45625
      vertex -5.13756 -19.1736 6.425
    endloop
  endfacet
  facet normal 0.105421 0.353955 -0.929302
    outer loop
      vertex -3.87254 -19.4686 7.85625
      vertex -3.62071 -17.9879 8.44879
      vertex -3.57991 -17.9974 8.4498
    endloop
  endfacet
  facet normal 0.105495 0.353941 -0.929299
    outer loop
      vertex -3.62071 -17.9879 8.44879
      vertex -3.87254 -19.4686 7.85625
      vertex -5.13756 -19.1736 7.825
    endloop
  endfacet
  facet normal 0.107049 0.352206 -0.92978
    outer loop
      vertex -5.13756 -19.1736 7.825
      vertex -4.74933 -17.7247 8.41855
      vertex -3.62071 -17.9879 8.44879
    endloop
  endfacet
  facet normal 0.0359028 0.366355 0.929782
    outer loop
      vertex -2.59094 -19.6802 6.4875
      vertex -2.39516 -18.193 5.89395
      vertex -3.53856 -18.0042 5.86371
    endloop
  endfacet
  facet normal 0.0377229 0.367416 0.929291
    outer loop
      vertex -3.53856 -18.0042 5.86371
      vertex -3.57991 -17.9974 5.8627
      vertex -3.87254 -19.4686 6.45625
    endloop
  endfacet
  facet normal 0.0379934 0.367359 0.929303
    outer loop
      vertex -3.53856 -18.0042 5.86371
      vertex -3.87254 -19.4686 6.45625
      vertex -2.59094 -19.6802 6.4875
    endloop
  endfacet
  facet normal 0.162901 0.986642 -0
    outer loop
      vertex -2.59094 -19.6802 6.4875
      vertex -3.87254 -19.4686 7.85625
      vertex -2.59094 -19.6802 7.8875
    endloop
  endfacet
  facet normal 0.162901 0.986642 0
    outer loop
      vertex -3.87254 -19.4686 7.85625
      vertex -2.59094 -19.6802 6.4875
      vertex -3.87254 -19.4686 6.45625
    endloop
  endfacet
  facet normal 0.0819379 0.360105 -0.929307
    outer loop
      vertex -2.59094 -19.6802 7.8875
      vertex -2.4365 -18.1862 8.48004
      vertex -2.39516 -18.193 8.48105
    endloop
  endfacet
  facet normal 0.0821117 0.360084 -0.929299
    outer loop
      vertex -2.4365 -18.1862 8.48004
      vertex -2.59094 -19.6802 7.8875
      vertex -3.87254 -19.4686 7.85625
    endloop
  endfacet
  facet normal 0.0837779 0.358453 -0.929781
    outer loop
      vertex -3.87254 -19.4686 7.85625
      vertex -3.57991 -17.9974 8.4498
      vertex -2.4365 -18.1862 8.48004
    endloop
  endfacet
  facet normal 0.0118611 0.367923 0.92978
    outer loop
      vertex -1.29825 -19.8075 6.51875
      vertex -1.20015 -18.3107 5.9252
      vertex -2.35346 -18.1971 5.89496
    endloop
  endfacet
  facet normal -0 0.239191 0.970973
    outer loop
      vertex -2.39516 -18.193 5.89395
      vertex -2.35346 -18.1971 5.89496
      vertex -2.39515 -18.193 5.89395
    endloop
  endfacet
  facet normal 0.0137797 0.369074 0.929298
    outer loop
      vertex -2.35346 -18.1971 5.89496
      vertex -2.39516 -18.193 5.89395
      vertex -2.59094 -19.6802 6.4875
    endloop
  endfacet
  facet normal 0.0138785 0.36906 0.929302
    outer loop
      vertex -2.35346 -18.1971 5.89496
      vertex -2.59094 -19.6802 6.4875
      vertex -1.29825 -19.8075 6.51875
    endloop
  endfacet
  facet normal 0.0980028 0.995186 -0
    outer loop
      vertex -1.29825 -19.8075 6.51875
      vertex -2.59094 -19.6802 7.8875
      vertex -1.29825 -19.8075 7.91875
    endloop
  endfacet
  facet normal 0.0980028 0.995186 0
    outer loop
      vertex -2.59094 -19.6802 7.8875
      vertex -1.29825 -19.8075 6.51875
      vertex -2.59094 -19.6802 6.4875
    endloop
  endfacet
  facet normal 0.0583645 0.364685 -0.9293
    outer loop
      vertex -1.29825 -19.8075 7.91875
      vertex -1.24185 -18.3066 8.51129
      vertex -1.20015 -18.3107 8.5123
    endloop
  endfacet
  facet normal 0.0583782 0.364684 -0.929299
    outer loop
      vertex -1.24185 -18.3066 8.51129
      vertex -1.29825 -19.8075 7.91875
      vertex -2.59094 -19.6802 7.8875
    endloop
  endfacet
  facet normal 0.0601508 0.363163 -0.929782
    outer loop
      vertex -2.59094 -19.6802 7.8875
      vertex -2.39515 -18.193 8.48105
      vertex -1.24185 -18.3066 8.51129
    endloop
  endfacet
  facet normal 0 0.370675 -0.928763
    outer loop
      vertex -2.39515 -18.193 8.48105
      vertex -2.59094 -19.6802 7.8875
      vertex -2.39516 -18.193 8.48105
    endloop
  endfacet
  facet normal -0.012236 0.367914 0.929779
    outer loop
      vertex 0 -19.85 6.55
      vertex 0 -18.35 5.95645
      vertex -1.15827 -18.3121 5.92621
    endloop
  endfacet
  facet normal -0.0100706 0.369173 0.929306
    outer loop
      vertex -1.29825 -19.8075 6.51875
      vertex -1.15827 -18.3121 5.92621
      vertex -1.20015 -18.3107 5.9252
    endloop
  endfacet
  facet normal -0.0102831 0.369189 0.929297
    outer loop
      vertex -1.15827 -18.3121 5.92621
      vertex -1.29825 -19.8075 6.51875
      vertex 0 -19.85 6.55
    endloop
  endfacet
  facet normal 0.0327188 0.999465 -0
    outer loop
      vertex 0 -19.85 6.55
      vertex -1.29825 -19.8075 7.91875
      vertex 0 -19.85 7.95
    endloop
  endfacet
  facet normal 0.0327188 0.999465 0
    outer loop
      vertex -1.29825 -19.8075 7.91875
      vertex 0 -19.85 6.55
      vertex -1.29825 -19.8075 6.51875
    endloop
  endfacet
  facet normal 0.0347042 0.36772 -0.929289
    outer loop
      vertex 0 -19.85 7.95
      vertex -0.0418793 -18.3486 8.54254
      vertex 0 -18.35 8.54355
    endloop
  endfacet
  facet normal 0.0344068 0.367716 -0.929301
    outer loop
      vertex -0.0418793 -18.3486 8.54254
      vertex 0 -19.85 7.95
      vertex -1.29825 -19.8075 7.91875
    endloop
  endfacet
  facet normal 0.0362612 0.366324 -0.92978
    outer loop
      vertex -1.20015 -18.3107 8.5123
      vertex -0.0418793 -18.3486 8.54254
      vertex -1.29825 -19.8075 7.91875
    endloop
  endfacet
  facet normal -0.0362612 0.366324 0.92978
    outer loop
      vertex 1.29825 -19.8075 6.58125
      vertex 1.20015 -18.3107 5.9877
      vertex 0.0418793 -18.3486 5.95746
    endloop
  endfacet
  facet normal -0.0347042 0.36772 0.929289
    outer loop
      vertex 0 -19.85 6.55
      vertex 0.0418793 -18.3486 5.95746
      vertex 0 -18.35 5.95645
    endloop
  endfacet
  facet normal -0.0344068 0.367716 0.929301
    outer loop
      vertex 0.0418793 -18.3486 5.95746
      vertex 0 -19.85 6.55
      vertex 1.29825 -19.8075 6.58125
    endloop
  endfacet
  facet normal -0.0327188 0.999465 0
    outer loop
      vertex 1.29825 -19.8075 6.58125
      vertex 0 -19.85 7.95
      vertex 1.29825 -19.8075 7.98125
    endloop
  endfacet
  facet normal -0.0327188 0.999465 0
    outer loop
      vertex 0 -19.85 7.95
      vertex 1.29825 -19.8075 6.58125
      vertex 0 -19.85 6.55
    endloop
  endfacet
  facet normal 0.0100706 0.369173 -0.929306
    outer loop
      vertex 1.29825 -19.8075 7.98125
      vertex 1.15827 -18.3121 8.57379
      vertex 1.20015 -18.3107 8.5748
    endloop
  endfacet
  facet normal 0.0102831 0.369189 -0.929297
    outer loop
      vertex 1.15827 -18.3121 8.57379
      vertex 1.29825 -19.8075 7.98125
      vertex 0 -19.85 7.95
    endloop
  endfacet
  facet normal 0.012236 0.367914 -0.929779
    outer loop
      vertex 0 -18.35 8.54355
      vertex 1.15827 -18.3121 8.57379
      vertex 0 -19.85 7.95
    endloop
  endfacet
  facet normal -0 0.370675 0.928763
    outer loop
      vertex 2.39515 -18.193 6.01895
      vertex 2.59094 -19.6802 6.6125
      vertex 2.39516 -18.193 6.01895
    endloop
  endfacet
  facet normal -0.0601508 0.363163 0.929782
    outer loop
      vertex 2.59094 -19.6802 6.6125
      vertex 2.39515 -18.193 6.01895
      vertex 1.24185 -18.3066 5.98871
    endloop
  endfacet
  facet normal -0.0583782 0.364684 0.929299
    outer loop
      vertex 1.24185 -18.3066 5.98871
      vertex 1.29825 -19.8075 6.58125
      vertex 2.59094 -19.6802 6.6125
    endloop
  endfacet
  facet normal -0.0583645 0.364685 0.9293
    outer loop
      vertex 1.29825 -19.8075 6.58125
      vertex 1.24185 -18.3066 5.98871
      vertex 1.20015 -18.3107 5.9877
    endloop
  endfacet
  facet normal -0.0980028 0.995186 0
    outer loop
      vertex 2.59094 -19.6802 6.6125
      vertex 1.29825 -19.8075 7.98125
      vertex 2.59094 -19.6802 8.0125
    endloop
  endfacet
  facet normal -0.0980028 0.995186 0
    outer loop
      vertex 1.29825 -19.8075 7.98125
      vertex 2.59094 -19.6802 6.6125
      vertex 1.29825 -19.8075 6.58125
    endloop
  endfacet
  facet normal -0.0137797 0.369074 -0.929298
    outer loop
      vertex 2.35346 -18.1971 8.60504
      vertex 2.39516 -18.193 8.60605
      vertex 2.59094 -19.6802 8.0125
    endloop
  endfacet
  facet normal 0 0.239191 -0.970973
    outer loop
      vertex 2.39516 -18.193 8.60605
      vertex 2.35346 -18.1971 8.60504
      vertex 2.39515 -18.193 8.60605
    endloop
  endfacet
  facet normal -0.0138785 0.36906 -0.929302
    outer loop
      vertex 2.35346 -18.1971 8.60504
      vertex 2.59094 -19.6802 8.0125
      vertex 1.29825 -19.8075 7.98125
    endloop
  endfacet
  facet normal -0.0118611 0.367923 -0.92978
    outer loop
      vertex 2.35346 -18.1971 8.60504
      vertex 1.29825 -19.8075 7.98125
      vertex 1.20015 -18.3107 8.5748
    endloop
  endfacet
  facet normal -0.0837779 0.358453 0.929781
    outer loop
      vertex 3.87254 -19.4686 6.64375
      vertex 3.57991 -17.9974 6.0502
      vertex 2.4365 -18.1862 6.01996
    endloop
  endfacet
  facet normal -0.0821117 0.360084 0.929299
    outer loop
      vertex 2.4365 -18.1862 6.01996
      vertex 2.59094 -19.6802 6.6125
      vertex 3.87254 -19.4686 6.64375
    endloop
  endfacet
  facet normal -0.0819379 0.360105 0.929307
    outer loop
      vertex 2.59094 -19.6802 6.6125
      vertex 2.4365 -18.1862 6.01996
      vertex 2.39516 -18.193 6.01895
    endloop
  endfacet
  facet normal -0.162901 0.986642 0
    outer loop
      vertex 3.87254 -19.4686 6.64375
      vertex 2.59094 -19.6802 8.0125
      vertex 3.87254 -19.4686 8.04375
    endloop
  endfacet
  facet normal -0.162901 0.986642 0
    outer loop
      vertex 2.59094 -19.6802 8.0125
      vertex 3.87254 -19.4686 6.64375
      vertex 2.59094 -19.6802 6.6125
    endloop
  endfacet
  facet normal -0.0377229 0.367416 -0.929291
    outer loop
      vertex 3.53856 -18.0042 8.63629
      vertex 3.57991 -17.9974 8.6373
      vertex 3.87254 -19.4686 8.04375
    endloop
  endfacet
  facet normal -0.0379934 0.367359 -0.929303
    outer loop
      vertex 3.53856 -18.0042 8.63629
      vertex 3.87254 -19.4686 8.04375
      vertex 2.59094 -19.6802 8.0125
    endloop
  endfacet
  facet normal -0.0359028 0.366355 -0.929782
    outer loop
      vertex 3.53856 -18.0042 8.63629
      vertex 2.59094 -19.6802 8.0125
      vertex 2.39516 -18.193 8.60605
    endloop
  endfacet
  facet normal -0.107049 0.352206 0.92978
    outer loop
      vertex 5.13756 -19.1736 6.675
      vertex 4.74933 -17.7247 6.08145
      vertex 3.62071 -17.9879 6.05121
    endloop
  endfacet
  facet normal -0.105495 0.353941 0.929299
    outer loop
      vertex 3.62071 -17.9879 6.05121
      vertex 3.87254 -19.4686 6.64375
      vertex 5.13756 -19.1736 6.675
    endloop
  endfacet
  facet normal -0.105421 0.353955 0.929302
    outer loop
      vertex 3.87254 -19.4686 6.64375
      vertex 3.62071 -17.9879 6.05121
      vertex 3.57991 -17.9974 6.0502
    endloop
  endfacet
  facet normal -0.227105 0.97387 0
    outer loop
      vertex 5.13756 -19.1736 6.675
      vertex 3.87254 -19.4686 8.04375
      vertex 5.13756 -19.1736 8.075
    endloop
  endfacet
  facet normal -0.227105 0.97387 0
    outer loop
      vertex 3.87254 -19.4686 8.04375
      vertex 5.13756 -19.1736 6.675
      vertex 3.87254 -19.4686 6.64375
    endloop
  endfacet
  facet normal -0.062609 0.363926 -0.929321
    outer loop
      vertex 5.13756 -19.1736 8.075
      vertex 4.70852 -17.7343 8.66754
      vertex 4.74933 -17.7247 8.66855
    endloop
  endfacet
  facet normal -0.0619531 0.36411 -0.929293
    outer loop
      vertex 4.70852 -17.7343 8.66754
      vertex 5.13756 -19.1736 8.075
      vertex 3.87254 -19.4686 8.04375
    endloop
  endfacet
  facet normal -0.059763 0.363229 -0.929781
    outer loop
      vertex 4.70852 -17.7343 8.66754
      vertex 3.87254 -19.4686 8.04375
      vertex 3.57991 -17.9974 8.6373
    endloop
  endfacet
  facet normal -0.129842 0.344457 0.92978
    outer loop
      vertex 6.38057 -18.7966 6.70625
      vertex 5.89841 -17.3762 6.1127
      vertex 4.78943 -17.7126 6.08246
    endloop
  endfacet
  facet normal -0.128395 0.346302 0.929295
    outer loop
      vertex 4.78943 -17.7126 6.08246
      vertex 5.13756 -19.1736 6.675
      vertex 6.38057 -18.7966 6.70625
    endloop
  endfacet
  facet normal -0.127937 0.346419 0.929315
    outer loop
      vertex 5.13756 -19.1736 6.675
      vertex 4.78943 -17.7126 6.08246
      vertex 4.74933 -17.7247 6.08145
    endloop
  endfacet
  facet normal -0.29024 0.956954 0
    outer loop
      vertex 6.38057 -18.7966 6.70625
      vertex 5.13756 -19.1736 8.075
      vertex 6.38057 -18.7966 8.10625
    endloop
  endfacet
  facet normal -0.29024 0.956954 0
    outer loop
      vertex 5.13756 -19.1736 8.075
      vertex 6.38057 -18.7966 6.70625
      vertex 5.13756 -19.1736 6.675
    endloop
  endfacet
  facet normal -0.085076 0.359444 -0.92928
    outer loop
      vertex 6.38057 -18.7966 8.10625
      vertex 5.85832 -17.3883 8.69879
      vertex 5.89841 -17.3762 8.6998
    endloop
  endfacet
  facet normal -0.0855988 0.35926 -0.929304
    outer loop
      vertex 5.85832 -17.3883 8.69879
      vertex 6.38057 -18.7966 8.10625
      vertex 5.13756 -19.1736 8.075
    endloop
  endfacet
  facet normal -0.0834063 0.358541 -0.92978
    outer loop
      vertex 5.85832 -17.3883 8.69879
      vertex 5.13756 -19.1736 8.075
      vertex 4.74933 -17.7247 8.66855
    endloop
  endfacet
  facet normal -0.15209 0.335233 0.929778
    outer loop
      vertex 7.59627 -18.339 6.7375
      vertex 7.02224 -16.9532 6.14395
      vertex 5.93763 -17.3614 6.11371
    endloop
  endfacet
  facet normal -0.150789 0.337136 0.929302
    outer loop
      vertex 5.93763 -17.3614 6.11371
      vertex 6.38057 -18.7966 6.70625
      vertex 7.59627 -18.339 6.7375
    endloop
  endfacet
  facet normal -0.151113 0.337031 0.929288
    outer loop
      vertex 5.89841 -17.3762 6.1127
      vertex 6.38057 -18.7966 6.70625
      vertex 5.93763 -17.3614 6.11371
    endloop
  endfacet
  facet normal -0.352279 0.935895 0
    outer loop
      vertex 7.59627 -18.339 6.7375
      vertex 6.38057 -18.7966 8.10625
      vertex 7.59627 -18.339 8.1375
    endloop
  endfacet
  facet normal -0.352279 0.935895 0
    outer loop
      vertex 6.38057 -18.7966 8.10625
      vertex 7.59627 -18.339 6.7375
      vertex 6.38057 -18.7966 6.70625
    endloop
  endfacet
  facet normal -0.108417 0.353109 -0.929279
    outer loop
      vertex 7.59627 -18.339 8.1375
      vertex 6.98302 -16.9679 8.73004
      vertex 7.02224 -16.9532 8.73105
    endloop
  endfacet
  facet normal -0.108941 0.352885 -0.929303
    outer loop
      vertex 6.98302 -16.9679 8.73004
      vertex 7.59627 -18.339 8.1375
      vertex 6.38057 -18.7966 8.10625
    endloop
  endfacet
  facet normal -0.106704 0.352311 -0.92978
    outer loop
      vertex 6.38057 -18.7966 8.10625
      vertex 5.89841 -17.3762 8.6998
      vertex 6.98302 -16.9679 8.73004
    endloop
  endfacet
  facet normal -0.173699 0.324562 0.929779
    outer loop
      vertex 8.77943 -17.8029 6.76875
      vertex 8.116 -16.4576 6.1752
      vertex 7.06041 -16.9359 6.14496
    endloop
  endfacet
  facet normal -0.172514 0.326565 0.929298
    outer loop
      vertex 7.06041 -16.9359 6.14496
      vertex 7.59627 -18.339 6.7375
      vertex 8.77943 -17.8029 6.76875
    endloop
  endfacet
  facet normal -0.172587 0.326535 0.929295
    outer loop
      vertex 7.02224 -16.9532 6.14395
      vertex 7.59627 -18.339 6.7375
      vertex 7.06041 -16.9359 6.14496
    endloop
  endfacet
  facet normal -0.412718 0.910859 0
    outer loop
      vertex 8.77943 -17.8029 6.76875
      vertex 7.59627 -18.339 8.1375
      vertex 8.77943 -17.8029 8.16875
    endloop
  endfacet
  facet normal -0.412718 0.910859 0
    outer loop
      vertex 7.59627 -18.339 8.1375
      vertex 8.77943 -17.8029 6.76875
      vertex 7.59627 -18.339 6.7375
    endloop
  endfacet
  facet normal -0.131785 0.345019 -0.929298
    outer loop
      vertex 8.77943 -17.8029 8.16875
      vertex 8.07783 -16.4749 8.76129
      vertex 8.116 -16.4576 8.7623
    endloop
  endfacet
  facet normal -0.131786 0.345019 -0.929298
    outer loop
      vertex 8.07783 -16.4749 8.76129
      vertex 8.77943 -17.8029 8.16875
      vertex 7.59627 -18.339 8.1375
    endloop
  endfacet
  facet normal -0.129502 0.344589 -0.929778
    outer loop
      vertex 7.59627 -18.339 8.1375
      vertex 7.02224 -16.9532 8.73105
      vertex 8.07783 -16.4749 8.76129
    endloop
  endfacet
  facet normal -0.194553 0.312513 0.929777
    outer loop
      vertex 9.925 -17.1906 6.8
      vertex 9.175 -15.8916 6.20645
      vertex 8.15295 -16.4379 6.17621
    endloop
  endfacet
  facet normal -0.193499 0.314594 0.929295
    outer loop
      vertex 8.15295 -16.4379 6.17621
      vertex 8.77943 -17.8029 6.76875
      vertex 9.925 -17.1906 6.8
    endloop
  endfacet
  facet normal -0.193204 0.314735 0.929308
    outer loop
      vertex 8.77943 -17.8029 6.76875
      vertex 8.15295 -16.4379 6.17621
      vertex 8.116 -16.4576 6.1752
    endloop
  endfacet
  facet normal -0.471385 0.881928 0
    outer loop
      vertex 9.925 -17.1906 6.8
      vertex 8.77943 -17.8029 8.16875
      vertex 9.925 -17.1906 8.2
    endloop
  endfacet
  facet normal -0.471385 0.881928 0
    outer loop
      vertex 8.77943 -17.8029 8.16875
      vertex 9.925 -17.1906 6.8
      vertex 8.77943 -17.8029 6.76875
    endloop
  endfacet
  facet normal -0.153678 0.335886 -0.929281
    outer loop
      vertex 9.925 -17.1906 8.2
      vertex 9.13805 -15.9113 8.79254
      vertex 9.175 -15.8916 8.79355
    endloop
  endfacet
  facet normal -0.154058 0.335661 -0.9293
    outer loop
      vertex 9.13805 -15.9113 8.79254
      vertex 9.925 -17.1906 8.2
      vertex 8.77943 -17.8029 8.16875
    endloop
  endfacet
  facet normal -0.151757 0.335383 -0.929779
    outer loop
      vertex 8.116 -16.4576 8.7623
      vertex 9.13805 -15.9113 8.79254
      vertex 8.77943 -17.8029 8.16875
    endloop
  endfacet
  facet normal -0.214555 0.299119 0.929782
    outer loop
      vertex 11.0281 -16.5047 6.83125
      vertex 10.1947 -15.2575 6.2377
      vertex 9.21058 -15.8694 6.20746
    endloop
  endfacet
  facet normal -0.213644 0.301254 0.929302
    outer loop
      vertex 9.21058 -15.8694 6.20746
      vertex 9.925 -17.1906 6.8
      vertex 11.0281 -16.5047 6.83125
    endloop
  endfacet
  facet normal -0.214163 0.300962 0.929277
    outer loop
      vertex 9.925 -17.1906 6.8
      vertex 9.21058 -15.8694 6.20746
      vertex 9.175 -15.8916 6.20645
    endloop
  endfacet
  facet normal -0.528039 0.84922 0
    outer loop
      vertex 11.0281 -16.5047 6.83125
      vertex 9.925 -17.1906 8.2
      vertex 11.0281 -16.5047 8.23125
    endloop
  endfacet
  facet normal -0.528039 0.84922 0
    outer loop
      vertex 9.925 -17.1906 8.2
      vertex 11.0281 -16.5047 6.83125
      vertex 9.925 -17.1906 6.8
    endloop
  endfacet
  facet normal -0.175415 0.325039 -0.92929
    outer loop
      vertex 11.0281 -16.5047 8.23125
      vertex 10.1591 -15.2796 8.82379
      vertex 10.1947 -15.2575 8.8248
    endloop
  endfacet
  facet normal -0.175671 0.324864 -0.929303
    outer loop
      vertex 10.1591 -15.2796 8.82379
      vertex 11.0281 -16.5047 8.23125
      vertex 9.925 -17.1906 8.2
    endloop
  endfacet
  facet normal -0.17338 0.324738 -0.929777
    outer loop
      vertex 9.175 -15.8916 8.79355
      vertex 10.1591 -15.2796 8.82379
      vertex 9.925 -17.1906 8.2
    endloop
  endfacet
  facet normal -0.233685 0.284425 0.929782
    outer loop
      vertex 12.0839 -15.7481 6.8625
      vertex 11.1708 -14.558 6.26895
      vertex 10.2288 -15.2331 6.23871
    endloop
  endfacet
  facet normal -0.23291 0.286632 0.929298
    outer loop
      vertex 10.2288 -15.2331 6.23871
      vertex 11.0281 -16.5047 6.83125
      vertex 12.0839 -15.7481 6.8625
    endloop
  endfacet
  facet normal -0.232714 0.28676 0.929308
    outer loop
      vertex 11.0281 -16.5047 6.83125
      vertex 10.2288 -15.2331 6.23871
      vertex 10.1947 -15.2575 6.2377
    endloop
  endfacet
  facet normal -0.58249 0.812838 0
    outer loop
      vertex 12.0839 -15.7481 6.8625
      vertex 11.0281 -16.5047 8.23125
      vertex 12.0839 -15.7481 8.2625
    endloop
  endfacet
  facet normal -0.58249 0.812838 0
    outer loop
      vertex 11.0281 -16.5047 8.23125
      vertex 12.0839 -15.7481 6.8625
      vertex 11.0281 -16.5047 6.83125
    endloop
  endfacet
  facet normal -0.196328 0.312843 -0.929293
    outer loop
      vertex 12.0839 -15.7481 8.2625
      vertex 11.1367 -14.5824 8.85504
      vertex 11.1708 -14.558 8.85605
    endloop
  endfacet
  facet normal -0.196554 0.312665 -0.929304
    outer loop
      vertex 11.1367 -14.5824 8.85504
      vertex 12.0839 -15.7481 8.2625
      vertex 11.0281 -16.5047 8.23125
    endloop
  endfacet
  facet normal -0.194247 0.31269 -0.929781
    outer loop
      vertex 10.1947 -15.2575 8.8248
      vertex 11.1367 -14.5824 8.85504
      vertex 11.0281 -16.5047 8.23125
    endloop
  endfacet
  facet normal -0.251792 0.268551 0.929775
    outer loop
      vertex 13.088 -14.924 6.89375
      vertex 12.099 -13.7963 6.3002
      vertex 11.2032 -14.5315 6.26996
    endloop
  endfacet
  facet normal -0.251167 0.270788 0.929295
    outer loop
      vertex 11.2032 -14.5315 6.26996
      vertex 12.0839 -15.7481 6.8625
      vertex 13.088 -14.924 6.89375
    endloop
  endfacet
  facet normal -0.250721 0.271123 0.929318
    outer loop
      vertex 12.0839 -15.7481 6.8625
      vertex 11.2032 -14.5315 6.26996
      vertex 11.1708 -14.558 6.26895
    endloop
  endfacet
  facet normal -0.634419 0.772989 0
    outer loop
      vertex 13.088 -14.924 6.89375
      vertex 12.0839 -15.7481 8.2625
      vertex 13.088 -14.924 8.29375
    endloop
  endfacet
  facet normal -0.634419 0.772989 0
    outer loop
      vertex 12.0839 -15.7481 8.2625
      vertex 13.088 -14.924 6.89375
      vertex 12.0839 -15.7481 6.8625
    endloop
  endfacet
  facet normal -0.216596 0.299144 -0.929301
    outer loop
      vertex 12.0666 -13.8228 8.88629
      vertex 13.088 -14.924 8.29375
      vertex 12.0839 -15.7481 8.2625
    endloop
  endfacet
  facet normal -0.21608 0.299606 -0.929272
    outer loop
      vertex 13.088 -14.924 8.29375
      vertex 12.0666 -13.8228 8.88629
      vertex 12.099 -13.7963 8.8873
    endloop
  endfacet
  facet normal -0.214271 0.299321 -0.929782
    outer loop
      vertex 12.0666 -13.8228 8.88629
      vertex 12.0839 -15.7481 8.2625
      vertex 11.1708 -14.558 8.85605
    endloop
  endfacet
  facet normal -0.268798 0.251493 0.929784
    outer loop
      vertex 14.0361 -14.0361 6.925
      vertex 12.9754 -12.9754 6.33145
      vertex 12.1296 -13.7676 6.30121
    endloop
  endfacet
  facet normal -0.268314 0.253799 0.929297
    outer loop
      vertex 12.1296 -13.7676 6.30121
      vertex 13.088 -14.924 6.89375
      vertex 14.0361 -14.0361 6.925
    endloop
  endfacet
  facet normal -0.268535 0.25361 0.929285
    outer loop
      vertex 13.088 -14.924 6.89375
      vertex 12.1296 -13.7676 6.30121
      vertex 12.099 -13.7963 6.3002
    endloop
  endfacet
  facet normal -0.683554 0.7299 0
    outer loop
      vertex 14.0361 -14.0361 6.925
      vertex 13.088 -14.924 8.29375
      vertex 14.0361 -14.0361 8.325
    endloop
  endfacet
  facet normal -0.683554 0.7299 0
    outer loop
      vertex 13.088 -14.924 8.29375
      vertex 14.0361 -14.0361 6.925
      vertex 13.088 -14.924 6.89375
    endloop
  endfacet
  facet normal -0.235673 0.284358 -0.9293
    outer loop
      vertex 12.9448 -13.0041 8.91754
      vertex 14.0361 -14.0361 8.325
      vertex 13.088 -14.924 8.29375
    endloop
  endfacet
  facet normal -0.235854 0.284172 -0.929311
    outer loop
      vertex 14.0361 -14.0361 8.325
      vertex 12.9448 -13.0041 8.91754
      vertex 12.9754 -12.9754 8.91855
    endloop
  endfacet
  facet normal -0.233399 0.284682 -0.929775
    outer loop
      vertex 12.099 -13.7963 8.8873
      vertex 12.9448 -13.0041 8.91754
      vertex 13.088 -14.924 8.29375
    endloop
  endfacet
  facet normal -0.284682 0.233399 0.929775
    outer loop
      vertex 14.924 -13.088 6.95625
      vertex 13.7963 -12.099 6.3627
      vertex 13.0041 -12.9448 6.33246
    endloop
  endfacet
  facet normal -0.284358 0.235673 0.9293
    outer loop
      vertex 13.0041 -12.9448 6.33246
      vertex 14.0361 -14.0361 6.925
      vertex 14.924 -13.088 6.95625
    endloop
  endfacet
  facet normal -0.284172 0.235854 0.929311
    outer loop
      vertex 14.0361 -14.0361 6.925
      vertex 13.0041 -12.9448 6.33246
      vertex 12.9754 -12.9754 6.33145
    endloop
  endfacet
  facet normal -0.7299 0.683554 0
    outer loop
      vertex 14.0361 -14.0361 8.325
      vertex 14.924 -13.088 6.95625
      vertex 14.0361 -14.0361 6.925
    endloop
  endfacet
  facet normal -0.7299 0.683554 0
    outer loop
      vertex 14.924 -13.088 6.95625
      vertex 14.0361 -14.0361 8.325
      vertex 14.924 -13.088 8.35625
    endloop
  endfacet
  facet normal -0.253799 0.268314 -0.929297
    outer loop
      vertex 13.7676 -12.1296 8.94879
      vertex 14.924 -13.088 8.35625
      vertex 14.0361 -14.0361 8.325
    endloop
  endfacet
  facet normal -0.25361 0.268535 -0.929285
    outer loop
      vertex 14.924 -13.088 8.35625
      vertex 13.7676 -12.1296 8.94879
      vertex 13.7963 -12.099 8.9498
    endloop
  endfacet
  facet normal -0.251493 0.268798 -0.929784
    outer loop
      vertex 13.7676 -12.1296 8.94879
      vertex 14.0361 -14.0361 8.325
      vertex 12.9754 -12.9754 8.91855
    endloop
  endfacet
  facet normal -0.299321 0.214271 0.929782
    outer loop
      vertex 15.7481 -12.0839 6.9875
      vertex 14.558 -11.1708 6.39395
      vertex 13.8228 -12.0666 6.36371
    endloop
  endfacet
  facet normal -0.299144 0.216596 0.929301
    outer loop
      vertex 13.8228 -12.0666 6.36371
      vertex 14.924 -13.088 6.95625
      vertex 15.7481 -12.0839 6.9875
    endloop
  endfacet
  facet normal -0.299606 0.21608 0.929272
    outer loop
      vertex 14.924 -13.088 6.95625
      vertex 13.8228 -12.0666 6.36371
      vertex 13.7963 -12.099 6.3627
    endloop
  endfacet
  facet normal -0.772989 0.634419 0
    outer loop
      vertex 14.924 -13.088 8.35625
      vertex 15.7481 -12.0839 6.9875
      vertex 14.924 -13.088 6.95625
    endloop
  endfacet
  facet normal -0.772989 0.634419 0
    outer loop
      vertex 15.7481 -12.0839 6.9875
      vertex 14.924 -13.088 8.35625
      vertex 15.7481 -12.0839 8.3875
    endloop
  endfacet
  facet normal -0.270788 0.251167 -0.929295
    outer loop
      vertex 14.5315 -11.2032 8.98004
      vertex 15.7481 -12.0839 8.3875
      vertex 14.924 -13.088 8.35625
    endloop
  endfacet
  facet normal -0.271123 0.250721 -0.929318
    outer loop
      vertex 15.7481 -12.0839 8.3875
      vertex 14.5315 -11.2032 8.98004
      vertex 14.558 -11.1708 8.98105
    endloop
  endfacet
  facet normal -0.268551 0.251792 -0.929775
    outer loop
      vertex 14.5315 -11.2032 8.98004
      vertex 14.924 -13.088 8.35625
      vertex 13.7963 -12.099 8.9498
    endloop
  endfacet
  facet normal -0.31269 0.194247 0.929781
    outer loop
      vertex 16.5047 -11.0281 7.01875
      vertex 15.2575 -10.1947 6.4252
      vertex 14.5824 -11.1367 6.39496
    endloop
  endfacet
  facet normal -0.312665 0.196554 0.929304
    outer loop
      vertex 14.5824 -11.1367 6.39496
      vertex 15.7481 -12.0839 6.9875
      vertex 16.5047 -11.0281 7.01875
    endloop
  endfacet
  facet normal -0.312843 0.196328 0.929293
    outer loop
      vertex 15.7481 -12.0839 6.9875
      vertex 14.5824 -11.1367 6.39496
      vertex 14.558 -11.1708 6.39395
    endloop
  endfacet
  facet normal -0.812838 0.58249 0
    outer loop
      vertex 15.7481 -12.0839 8.3875
      vertex 16.5047 -11.0281 7.01875
      vertex 15.7481 -12.0839 6.9875
    endloop
  endfacet
  facet normal -0.812838 0.58249 0
    outer loop
      vertex 16.5047 -11.0281 7.01875
      vertex 15.7481 -12.0839 8.3875
      vertex 16.5047 -11.0281 8.41875
    endloop
  endfacet
  facet normal -0.286616 0.232899 -0.929306
    outer loop
      vertex 15.2334 -10.23 9.01086
      vertex 16.5047 -11.0281 8.41875
      vertex 15.7481 -12.0839 8.3875
    endloop
  endfacet
  facet normal -0.290068 0.227858 -0.929484
    outer loop
      vertex 16.5047 -11.0281 8.41875
      vertex 15.2582 -10.1968 9.01154
      vertex 15.259 -10.1957 9.01156
    endloop
  endfacet
  facet normal -0.286514 0.233056 -0.929298
    outer loop
      vertex 16.5047 -11.0281 8.41875
      vertex 15.2334 -10.23 9.01086
      vertex 15.2582 -10.1968 9.01154
    endloop
  endfacet
  facet normal -0.285286 0.233366 -0.929598
    outer loop
      vertex 15.7481 -12.0839 8.3875
      vertex 15.2043 -10.269 9.01
      vertex 15.2334 -10.23 9.01086
    endloop
  endfacet
  facet normal -0.284423 0.233688 -0.929782
    outer loop
      vertex 15.2043 -10.269 9.01
      vertex 15.7481 -12.0839 8.3875
      vertex 14.558 -11.1708 8.98105
    endloop
  endfacet
  facet normal -0.324738 0.17338 0.929777
    outer loop
      vertex 17.1906 -9.925 7.05
      vertex 15.8916 -9.175 6.45645
      vertex 15.2796 -10.1591 6.42621
    endloop
  endfacet
  facet normal -0.324864 0.175671 0.929303
    outer loop
      vertex 15.2796 -10.1591 6.42621
      vertex 16.5047 -11.0281 7.01875
      vertex 17.1906 -9.925 7.05
    endloop
  endfacet
  facet normal -0.325039 0.175415 0.92929
    outer loop
      vertex 16.5047 -11.0281 7.01875
      vertex 15.2796 -10.1591 6.42621
      vertex 15.2575 -10.1947 6.4252
    endloop
  endfacet
  facet normal -0.84922 0.528039 0
    outer loop
      vertex 16.5047 -11.0281 8.41875
      vertex 17.1906 -9.925 7.05
      vertex 16.5047 -11.0281 7.01875
    endloop
  endfacet
  facet normal -0.84922 0.528039 0
    outer loop
      vertex 17.1906 -9.925 7.05
      vertex 16.5047 -11.0281 8.41875
      vertex 17.1906 -9.925 8.45
    endloop
  endfacet
  facet normal -0.301254 0.213644 -0.929302
    outer loop
      vertex 15.8804 -9.242 9.03175
      vertex 17.1906 -9.925 8.45
      vertex 16.5047 -11.0281 8.41875
    endloop
  endfacet
  facet normal -0.301184 0.213772 -0.929295
    outer loop
      vertex 17.1906 -9.925 8.45
      vertex 15.8804 -9.242 9.03175
      vertex 15.9151 -9.18859 9.03279
    endloop
  endfacet
  facet normal -0.299126 0.214552 -0.92978
    outer loop
      vertex 16.5047 -11.0281 8.41875
      vertex 15.2598 -10.1946 9.01159
      vertex 15.8804 -9.242 9.03175
    endloop
  endfacet
  facet normal -0.286207 0.233494 -0.929283
    outer loop
      vertex 15.2598 -10.1946 9.01159
      vertex 16.5047 -11.0281 8.41875
      vertex 15.259 -10.1957 9.01156
    endloop
  endfacet
  facet normal -0.335383 0.151757 0.929779
    outer loop
      vertex 17.8029 -8.77943 7.08125
      vertex 16.4576 -8.116 6.4877
      vertex 15.9113 -9.13805 6.45746
    endloop
  endfacet
  facet normal -0.335661 0.154058 0.9293
    outer loop
      vertex 15.9113 -9.13805 6.45746
      vertex 17.1906 -9.925 7.05
      vertex 17.8029 -8.77943 7.08125
    endloop
  endfacet
  facet normal -0.335886 0.153678 0.929281
    outer loop
      vertex 17.1906 -9.925 7.05
      vertex 15.9113 -9.13805 6.45746
      vertex 15.8916 -9.175 6.45645
    endloop
  endfacet
  facet normal -0.881928 0.471385 0
    outer loop
      vertex 17.1906 -9.925 8.45
      vertex 17.8029 -8.77943 7.08125
      vertex 17.1906 -9.925 7.05
    endloop
  endfacet
  facet normal -0.881928 0.471385 0
    outer loop
      vertex 17.8029 -8.77943 7.08125
      vertex 17.1906 -9.925 8.45
      vertex 17.8029 -8.77943 8.48125
    endloop
  endfacet
  facet normal -0.314717 0.193248 -0.929305
    outer loop
      vertex 17.8029 -8.77943 8.48125
      vertex 16.4862 -8.17232 9.05341
      vertex 16.5047 -8.13921 9.05403
    endloop
  endfacet
  facet normal -0.314545 0.193607 -0.929289
    outer loop
      vertex 17.8029 -8.77943 8.48125
      vertex 16.4634 -8.21301 9.05265
      vertex 16.4862 -8.17232 9.05341
    endloop
  endfacet
  facet normal -0.314593 0.193498 -0.929295
    outer loop
      vertex 16.4634 -8.21301 9.05265
      vertex 17.8029 -8.77943 8.48125
      vertex 17.1906 -9.925 8.45
    endloop
  endfacet
  facet normal -0.312498 0.194559 -0.92978
    outer loop
      vertex 16.4634 -8.21301 9.05265
      vertex 17.1906 -9.925 8.45
      vertex 15.9151 -9.18859 9.03279
    endloop
  endfacet
  facet normal -0.344589 0.129502 0.929778
    outer loop
      vertex 18.339 -7.59627 7.1125
      vertex 16.9532 -7.02224 6.51895
      vertex 16.4749 -8.07783 6.48871
    endloop
  endfacet
  facet normal -0.345019 0.131786 0.929298
    outer loop
      vertex 16.4749 -8.07783 6.48871
      vertex 17.8029 -8.77943 7.08125
      vertex 18.339 -7.59627 7.1125
    endloop
  endfacet
  facet normal -0.345019 0.131785 0.929298
    outer loop
      vertex 17.8029 -8.77943 7.08125
      vertex 16.4749 -8.07783 6.48871
      vertex 16.4576 -8.116 6.4877
    endloop
  endfacet
  facet normal -0.910859 0.412718 0
    outer loop
      vertex 17.8029 -8.77943 8.48125
      vertex 18.339 -7.59627 7.1125
      vertex 17.8029 -8.77943 7.08125
    endloop
  endfacet
  facet normal -0.910859 0.412718 0
    outer loop
      vertex 18.339 -7.59627 7.1125
      vertex 17.8029 -8.77943 8.48125
      vertex 18.339 -7.59627 8.5125
    endloop
  endfacet
  facet normal -0.326567 0.172515 -0.929297
    outer loop
      vertex 16.9797 -7.14721 9.07354
      vertex 18.339 -7.59627 8.5125
      vertex 17.8029 -8.77943 8.48125
    endloop
  endfacet
  facet normal -0.326561 0.172532 -0.929296
    outer loop
      vertex 18.339 -7.59627 8.5125
      vertex 17.0009 -7.10277 9.07434
      vertex 17.0251 -7.05201 9.07526
    endloop
  endfacet
  facet normal -0.326567 0.172517 -0.929297
    outer loop
      vertex 18.339 -7.59627 8.5125
      vertex 16.9797 -7.14721 9.07354
      vertex 17.0009 -7.10277 9.07434
    endloop
  endfacet
  facet normal -0.324567 0.173699 -0.929777
    outer loop
      vertex 16.9797 -7.14721 9.07354
      vertex 17.8029 -8.77943 8.48125
      vertex 16.5047 -8.13921 9.05403
    endloop
  endfacet
  facet normal -0.352311 0.106704 0.92978
    outer loop
      vertex 18.7966 -6.38057 7.14375
      vertex 17.3762 -5.89841 6.5502
      vertex 16.9679 -6.98302 6.51996
    endloop
  endfacet
  facet normal -0.352885 0.108941 0.929303
    outer loop
      vertex 16.9679 -6.98302 6.51996
      vertex 18.339 -7.59627 7.1125
      vertex 18.7966 -6.38057 7.14375
    endloop
  endfacet
  facet normal -0.353109 0.108417 0.929279
    outer loop
      vertex 18.339 -7.59627 7.1125
      vertex 16.9679 -6.98302 6.51996
      vertex 16.9532 -7.02224 6.51895
    endloop
  endfacet
  facet normal -0.935895 0.352279 0
    outer loop
      vertex 18.339 -7.59627 8.5125
      vertex 18.7966 -6.38057 7.14375
      vertex 18.339 -7.59627 7.1125
    endloop
  endfacet
  facet normal -0.935895 0.352279 0
    outer loop
      vertex 18.7966 -6.38057 7.14375
      vertex 18.339 -7.59627 8.5125
      vertex 18.7966 -6.38057 8.54375
    endloop
  endfacet
  facet normal -0.337134 0.150788 -0.929303
    outer loop
      vertex 17.427 -6.04892 9.09443
      vertex 18.7966 -6.38057 8.54375
      vertex 18.339 -7.59627 8.5125
    endloop
  endfacet
  facet normal -0.337124 0.150827 -0.9293
    outer loop
      vertex 18.7966 -6.38057 8.54375
      vertex 17.427 -6.04892 9.09443
      vertex 17.4738 -5.93156 9.0965
    endloop
  endfacet
  facet normal -0.335234 0.152088 -0.929778
    outer loop
      vertex 18.339 -7.59627 8.5125
      vertex 17.0466 -6.9983 9.07629
      vertex 17.427 -6.04892 9.09443
    endloop
  endfacet
  facet normal -0.335258 0.152034 -0.929778
    outer loop
      vertex 17.0466 -6.9983 9.07629
      vertex 18.339 -7.59627 8.5125
      vertex 17.0251 -7.05201 9.07526
    endloop
  endfacet
  facet normal -0.358541 0.0834063 0.92978
    outer loop
      vertex 19.1736 -5.13756 7.175
      vertex 17.7247 -4.74933 6.58145
      vertex 17.3883 -5.85832 6.55121
    endloop
  endfacet
  facet normal -0.35926 0.0855988 0.929304
    outer loop
      vertex 17.3883 -5.85832 6.55121
      vertex 18.7966 -6.38057 7.14375
      vertex 19.1736 -5.13756 7.175
    endloop
  endfacet
  facet normal -0.359444 0.085076 0.92928
    outer loop
      vertex 18.7966 -6.38057 7.14375
      vertex 17.3883 -5.85832 6.55121
      vertex 17.3762 -5.89841 6.5502
    endloop
  endfacet
  facet normal -0.956954 0.29024 0
    outer loop
      vertex 18.7966 -6.38057 8.54375
      vertex 19.1736 -5.13756 7.175
      vertex 18.7966 -6.38057 7.14375
    endloop
  endfacet
  facet normal -0.956954 0.29024 0
    outer loop
      vertex 19.1736 -5.13756 7.175
      vertex 18.7966 -6.38057 8.54375
      vertex 19.1736 -5.13756 8.575
    endloop
  endfacet
  facet normal -0.346296 0.128393 -0.929298
    outer loop
      vertex 17.8033 -4.92261 9.11533
      vertex 19.1736 -5.13756 8.575
      vertex 18.7966 -6.38057 8.54375
    endloop
  endfacet
  facet normal -0.346255 0.128554 -0.929291
    outer loop
      vertex 19.1736 -5.13756 8.575
      vertex 17.8201 -4.87086 9.11621
      vertex 17.8488 -4.78257 9.11773
    endloop
  endfacet
  facet normal -0.346325 0.128233 -0.929309
    outer loop
      vertex 19.1736 -5.13756 8.575
      vertex 17.8033 -4.92261 9.11533
      vertex 17.8201 -4.87086 9.11621
    endloop
  endfacet
  facet normal -0.344449 0.129842 -0.929783
    outer loop
      vertex 17.8033 -4.92261 9.11533
      vertex 18.7966 -6.38057 8.54375
      vertex 17.4738 -5.93156 9.0965
    endloop
  endfacet
  facet normal -0.363229 0.059763 0.929781
    outer loop
      vertex 19.4686 -3.87254 7.20625
      vertex 17.9974 -3.57991 6.6127
      vertex 17.7343 -4.70852 6.58246
    endloop
  endfacet
  facet normal -0.36411 0.0619531 0.929293
    outer loop
      vertex 17.7343 -4.70852 6.58246
      vertex 19.1736 -5.13756 7.175
      vertex 19.4686 -3.87254 7.20625
    endloop
  endfacet
  facet normal -0.363926 0.062609 0.929321
    outer loop
      vertex 17.7247 -4.74933 6.58145
      vertex 19.1736 -5.13756 7.175
      vertex 17.7343 -4.70852 6.58246
    endloop
  endfacet
  facet normal -0.97387 0.227105 0
    outer loop
      vertex 19.1736 -5.13756 8.575
      vertex 19.4686 -3.87254 7.20625
      vertex 19.1736 -5.13756 7.175
    endloop
  endfacet
  facet normal -0.97387 0.227105 0
    outer loop
      vertex 19.4686 -3.87254 7.20625
      vertex 19.1736 -5.13756 8.575
      vertex 19.4686 -3.87254 8.60625
    endloop
  endfacet
  facet normal -0.353933 0.105493 -0.929302
    outer loop
      vertex 18.1068 -3.77286 9.13622
      vertex 19.4686 -3.87254 8.60625
      vertex 19.1736 -5.13756 8.575
    endloop
  endfacet
  facet normal -0.353973 0.105334 -0.929305
    outer loop
      vertex 19.4686 -3.87254 8.60625
      vertex 18.1209 -3.71761 9.13715
      vertex 18.1482 -3.6099 9.13896
    endloop
  endfacet
  facet normal -0.353886 0.105955 -0.929267
    outer loop
      vertex 19.4686 -3.87254 8.60625
      vertex 18.1068 -3.77286 9.13622
      vertex 18.1209 -3.71761 9.13715
    endloop
  endfacet
  facet normal -0.352223 0.107026 -0.929777
    outer loop
      vertex 19.1736 -5.13756 8.575
      vertex 17.8488 -4.78257 9.11773
      vertex 18.1068 -3.77286 9.13622
    endloop
  endfacet
  facet normal -0.366355 0.0359028 0.929782
    outer loop
      vertex 19.6802 -2.59094 7.2375
      vertex 18.193 -2.39516 6.64395
      vertex 18.0042 -3.53856 6.61371
    endloop
  endfacet
  facet normal -0.367359 0.0379934 0.929303
    outer loop
      vertex 18.0042 -3.53856 6.61371
      vertex 19.4686 -3.87254 7.20625
      vertex 19.6802 -2.59094 7.2375
    endloop
  endfacet
  facet normal -0.367416 0.0377229 0.929291
    outer loop
      vertex 18.0042 -3.53856 6.61371
      vertex 17.9974 -3.57991 6.6127
      vertex 19.4686 -3.87254 7.20625
    endloop
  endfacet
  facet normal -0.986642 0.162901 0
    outer loop
      vertex 19.4686 -3.87254 8.60625
      vertex 19.6802 -2.59094 7.2375
      vertex 19.4686 -3.87254 7.20625
    endloop
  endfacet
  facet normal -0.986642 0.162901 0
    outer loop
      vertex 19.6802 -2.59094 7.2375
      vertex 19.4686 -3.87254 8.60625
      vertex 19.6802 -2.59094 8.6375
    endloop
  endfacet
  facet normal -0.360077 0.0821106 -0.929302
    outer loop
      vertex 18.3361 -2.60439 9.15711
      vertex 19.6802 -2.59094 8.6375
      vertex 19.4686 -3.87254 8.60625
    endloop
  endfacet
  facet normal -0.360093 0.0819829 -0.929307
    outer loop
      vertex 19.6802 -2.59094 8.6375
      vertex 18.347 -2.54578 9.15808
      vertex 18.3705 -2.41853 9.1602
    endloop
  endfacet
  facet normal -0.360072 0.0823441 -0.929283
    outer loop
      vertex 19.6802 -2.59094 8.6375
      vertex 18.3361 -2.60439 9.15711
      vertex 18.347 -2.54578 9.15808
    endloop
  endfacet
  facet normal -0.358454 0.0837675 -0.929781
    outer loop
      vertex 19.4686 -3.87254 8.60625
      vertex 18.1482 -3.6099 9.13896
      vertex 18.3361 -2.60439 9.15711
    endloop
  endfacet
  facet normal -0.367923 0.0118611 0.92978
    outer loop
      vertex 19.8075 -1.29825 7.26875
      vertex 18.3107 -1.20015 6.6752
      vertex 18.1971 -2.35346 6.64496
    endloop
  endfacet
  facet normal -0.36906 0.0138785 0.929302
    outer loop
      vertex 18.1971 -2.35346 6.64496
      vertex 19.6802 -2.59094 7.2375
      vertex 19.8075 -1.29825 7.26875
    endloop
  endfacet
  facet normal -0.239191 0 0.970973
    outer loop
      vertex 18.193 -2.39516 6.64395
      vertex 18.1971 -2.35346 6.64496
      vertex 18.193 -2.39515 6.64395
    endloop
  endfacet
  facet normal -0.369074 0.0137797 0.929298
    outer loop
      vertex 18.1971 -2.35346 6.64496
      vertex 18.193 -2.39516 6.64395
      vertex 19.6802 -2.59094 7.2375
    endloop
  endfacet
  facet normal -0.995186 0.0980028 0
    outer loop
      vertex 19.6802 -2.59094 8.6375
      vertex 19.8075 -1.29825 7.26875
      vertex 19.6802 -2.59094 7.2375
    endloop
  endfacet
  facet normal -0.995186 0.0980028 0
    outer loop
      vertex 19.8075 -1.29825 7.26875
      vertex 19.6802 -2.59094 8.6375
      vertex 19.8075 -1.29825 8.66875
    endloop
  endfacet
  facet normal -0.364682 0.058378 -0.9293
    outer loop
      vertex 18.49 -1.42197 9.178
      vertex 19.8075 -1.29825 8.66875
      vertex 19.6802 -2.59094 8.6375
    endloop
  endfacet
  facet normal -0.364679 0.0583259 -0.929305
    outer loop
      vertex 19.8075 -1.29825 8.66875
      vertex 18.49 -1.42197 9.178
      vertex 18.5146 -1.21351 9.18143
    endloop
  endfacet
  facet normal -0.363171 0.0601387 -0.92978
    outer loop
      vertex 19.6802 -2.59094 8.6375
      vertex 18.3864 -2.28631 9.16256
      vertex 18.49 -1.42197 9.178
    endloop
  endfacet
  facet normal -0.363142 0.0602651 -0.929783
    outer loop
      vertex 18.3705 -2.41853 9.1602
      vertex 18.3864 -2.28631 9.16256
      vertex 19.6802 -2.59094 8.6375
    endloop
  endfacet
  facet normal -0.367914 -0.012236 0.929779
    outer loop
      vertex 19.85 0 7.3
      vertex 18.35 0 6.70645
      vertex 18.3121 -1.15827 6.67621
    endloop
  endfacet
  facet normal -0.369189 -0.0102831 0.929297
    outer loop
      vertex 18.3121 -1.15827 6.67621
      vertex 19.8075 -1.29825 7.26875
      vertex 19.85 0 7.3
    endloop
  endfacet
  facet normal -0.369173 -0.0100706 0.929306
    outer loop
      vertex 19.8075 -1.29825 7.26875
      vertex 18.3121 -1.15827 6.67621
      vertex 18.3107 -1.20015 6.6752
    endloop
  endfacet
  facet normal -0.999465 0.0327188 0
    outer loop
      vertex 19.8075 -1.29825 8.66875
      vertex 19.85 0 7.3
      vertex 19.8075 -1.29825 7.26875
    endloop
  endfacet
  facet normal -0.999465 0.0327188 0
    outer loop
      vertex 19.85 0 7.3
      vertex 19.8075 -1.29825 8.66875
      vertex 19.85 0 8.7
    endloop
  endfacet
  facet normal -0.367716 0.0344068 -0.929302
    outer loop
      vertex 18.5676 -0.230483 9.1989
      vertex 19.85 0 8.7
      vertex 19.8075 -1.29825 8.66875
    endloop
  endfacet
  facet normal -0.36773 0.0344878 -0.929293
    outer loop
      vertex 19.85 0 8.7
      vertex 18.571 -0.165787 9.19996
      vertex 18.5797 0 9.20267
    endloop
  endfacet
  facet normal -0.367737 0.0345516 -0.929288
    outer loop
      vertex 19.85 0 8.7
      vertex 18.5676 -0.230483 9.1989
      vertex 18.571 -0.165787 9.19996
    endloop
  endfacet
  facet normal -0.366314 0.0362737 -0.929784
    outer loop
      vertex 19.8075 -1.29825 8.66875
      vertex 18.5146 -1.21351 9.18143
      vertex 18.5676 -0.230483 9.1989
    endloop
  endfacet
  facet normal -0.366324 -0.0362612 0.92978
    outer loop
      vertex 18.3107 1.20015 6.7377
      vertex 18.3486 0.0418793 6.70746
      vertex 19.8075 1.29825 7.33125
    endloop
  endfacet
  facet normal -0.367716 -0.0344068 0.929301
    outer loop
      vertex 18.3486 0.0418793 6.70746
      vertex 19.85 0 7.3
      vertex 19.8075 1.29825 7.33125
    endloop
  endfacet
  facet normal -0.36772 -0.0347042 0.929289
    outer loop
      vertex 19.85 0 7.3
      vertex 18.3486 0.0418793 6.70746
      vertex 18.35 0 6.70645
    endloop
  endfacet
  facet normal -0.999465 -0.0327188 -0
    outer loop
      vertex 19.85 0 8.7
      vertex 19.8075 1.29825 7.33125
      vertex 19.85 0 7.3
    endloop
  endfacet
  facet normal -0.999465 -0.0327188 0
    outer loop
      vertex 19.8075 1.29825 7.33125
      vertex 19.85 0 8.7
      vertex 19.8075 1.29825 8.73125
    endloop
  endfacet
  facet normal -0.369188 0.0102831 -0.929298
    outer loop
      vertex 18.5685 0.965159 9.21979
      vertex 19.8075 1.29825 8.73125
      vertex 19.85 0 8.7
    endloop
  endfacet
  facet normal -0.369167 0.0101894 -0.929307
    outer loop
      vertex 19.8075 1.29825 8.73125
      vertex 18.5685 0.965159 9.21979
      vertex 18.5651 1.21682 9.2239
    endloop
  endfacet
  facet normal -0.367922 0.0121862 -0.929777
    outer loop
      vertex 18.5777 0.170798 9.2057
      vertex 19.85 0 8.7
      vertex 18.5797 0 9.20267
    endloop
  endfacet
  facet normal -0.367916 0.0122309 -0.929778
    outer loop
      vertex 19.85 0 8.7
      vertex 18.5777 0.170798 9.2057
      vertex 18.5685 0.965159 9.21979
    endloop
  endfacet
  facet normal -0.370675 0 0.928763
    outer loop
      vertex 18.193 2.39515 6.76895
      vertex 19.6802 2.59094 7.3625
      vertex 18.193 2.39516 6.76895
    endloop
  endfacet
  facet normal -0.363163 -0.0601508 0.929782
    outer loop
      vertex 19.6802 2.59094 7.3625
      vertex 18.193 2.39515 6.76895
      vertex 18.3066 1.24185 6.73871
    endloop
  endfacet
  facet normal -0.364684 -0.0583782 0.929299
    outer loop
      vertex 18.3066 1.24185 6.73871
      vertex 19.8075 1.29825 7.33125
      vertex 19.6802 2.59094 7.3625
    endloop
  endfacet
  facet normal -0.364685 -0.0583645 0.9293
    outer loop
      vertex 19.8075 1.29825 7.33125
      vertex 18.3066 1.24185 6.73871
      vertex 18.3107 1.20015 6.7377
    endloop
  endfacet
  facet normal -0.995186 -0.0980028 -0
    outer loop
      vertex 19.8075 1.29825 8.73125
      vertex 19.6802 2.59094 7.3625
      vertex 19.8075 1.29825 7.33125
    endloop
  endfacet
  facet normal -0.995186 -0.0980028 0
    outer loop
      vertex 19.6802 2.59094 7.3625
      vertex 19.8075 1.29825 8.73125
      vertex 19.6802 2.59094 8.7625
    endloop
  endfacet
  facet normal -0.369051 -0.0138775 -0.929306
    outer loop
      vertex 18.4923 2.16001 9.24068
      vertex 19.6802 2.59094 8.7625
      vertex 19.8075 1.29825 8.73125
    endloop
  endfacet
  facet normal -0.369081 -0.0137815 -0.929295
    outer loop
      vertex 18.4868 2.22976 9.24183
      vertex 19.6802 2.59094 8.7625
      vertex 18.4923 2.16001 9.24068
    endloop
  endfacet
  facet normal -0.36907 -0.0138243 -0.929299
    outer loop
      vertex 18.4709 2.43174 9.24514
      vertex 19.6802 2.59094 8.7625
      vertex 18.4868 2.22976 9.24183
    endloop
  endfacet
  facet normal -0.367912 -0.0118557 -0.929785
    outer loop
      vertex 19.8075 1.29825 8.73125
      vertex 18.5651 1.21682 9.2239
      vertex 18.4923 2.16001 9.24068
    endloop
  endfacet
  facet normal -0.358453 -0.0837779 0.929781
    outer loop
      vertex 19.4686 3.87254 7.39375
      vertex 17.9974 3.57991 6.8002
      vertex 18.1862 2.4365 6.76996
    endloop
  endfacet
  facet normal -0.360084 -0.0821117 0.929299
    outer loop
      vertex 18.1862 2.4365 6.76996
      vertex 19.6802 2.59094 7.3625
      vertex 19.4686 3.87254 7.39375
    endloop
  endfacet
  facet normal -0.360105 -0.0819379 0.929307
    outer loop
      vertex 19.6802 2.59094 7.3625
      vertex 18.1862 2.4365 6.76996
      vertex 18.193 2.39516 6.76895
    endloop
  endfacet
  facet normal -0.986642 -0.162901 -0
    outer loop
      vertex 19.6802 2.59094 8.7625
      vertex 19.4686 3.87254 7.39375
      vertex 19.6802 2.59094 7.3625
    endloop
  endfacet
  facet normal -0.986642 -0.162901 0
    outer loop
      vertex 19.4686 3.87254 7.39375
      vertex 19.6802 2.59094 8.7625
      vertex 19.4686 3.87254 8.79375
    endloop
  endfacet
  facet normal -0.367366 -0.0379948 -0.9293
    outer loop
      vertex 18.3393 3.34911 9.26158
      vertex 19.4686 3.87254 8.79375
      vertex 19.6802 2.59094 8.7625
    endloop
  endfacet
  facet normal -0.367343 -0.0380501 -0.929307
    outer loop
      vertex 18.2971 3.63953 9.26637
      vertex 19.4686 3.87254 8.79375
      vertex 18.3393 3.34911 9.26158
    endloop
  endfacet
  facet normal -0.366353 -0.0359252 -0.929782
    outer loop
      vertex 18.4413 2.63809 9.24883
      vertex 19.6802 2.59094 8.7625
      vertex 18.4709 2.43174 9.24514
    endloop
  endfacet
  facet normal -0.366352 -0.0358825 -0.929784
    outer loop
      vertex 19.6802 2.59094 8.7625
      vertex 18.4413 2.63809 9.24883
      vertex 18.3393 3.34911 9.26158
    endloop
  endfacet
  facet normal -0.352206 -0.107049 0.92978
    outer loop
      vertex 19.1736 5.13756 7.425
      vertex 17.7247 4.74933 6.83145
      vertex 17.9879 3.62071 6.80121
    endloop
  endfacet
  facet normal -0.353941 -0.105495 0.929299
    outer loop
      vertex 17.9879 3.62071 6.80121
      vertex 19.4686 3.87254 7.39375
      vertex 19.1736 5.13756 7.425
    endloop
  endfacet
  facet normal -0.353955 -0.105421 0.929302
    outer loop
      vertex 19.4686 3.87254 7.39375
      vertex 17.9879 3.62071 6.80121
      vertex 17.9974 3.57991 6.8002
    endloop
  endfacet
  facet normal -0.97387 -0.227105 -0
    outer loop
      vertex 19.4686 3.87254 8.79375
      vertex 19.1736 5.13756 7.425
      vertex 19.4686 3.87254 7.39375
    endloop
  endfacet
  facet normal -0.97387 -0.227105 0
    outer loop
      vertex 19.1736 5.13756 7.425
      vertex 19.4686 3.87254 8.79375
      vertex 19.1736 5.13756 8.825
    endloop
  endfacet
  facet normal -0.364102 -0.0619513 -0.929296
    outer loop
      vertex 18.1098 4.52751 9.28247
      vertex 19.1736 5.13756 8.825
      vertex 19.4686 3.87254 8.79375
    endloop
  endfacet
  facet normal -0.364107 -0.061942 -0.929295
    outer loop
      vertex 18.0444 4.83498 9.2876
      vertex 19.1736 5.13756 8.825
      vertex 18.1098 4.52751 9.28247
    endloop
  endfacet
  facet normal -0.36322 -0.0597509 -0.929785
    outer loop
      vertex 18.2502 3.86192 9.2704
      vertex 19.4686 3.87254 8.79375
      vertex 18.2971 3.63953 9.26637
    endloop
  endfacet
  facet normal -0.36322 -0.0597569 -0.929785
    outer loop
      vertex 19.4686 3.87254 8.79375
      vertex 18.2502 3.86192 9.2704
      vertex 18.1098 4.52751 9.28247
    endloop
  endfacet
  facet normal -0.344457 -0.129842 0.92978
    outer loop
      vertex 17.7126 4.78943 6.83246
      vertex 18.7966 6.38057 7.45625
      vertex 17.3762 5.89841 6.8627
    endloop
  endfacet
  facet normal -0.346302 -0.128395 0.929295
    outer loop
      vertex 17.7126 4.78943 6.83246
      vertex 19.1736 5.13756 7.425
      vertex 18.7966 6.38057 7.45625
    endloop
  endfacet
  facet normal -0.346419 -0.127937 0.929315
    outer loop
      vertex 19.1736 5.13756 7.425
      vertex 17.7126 4.78943 6.83246
      vertex 17.7247 4.74933 6.83145
    endloop
  endfacet
  facet normal -0.956954 -0.29024 -0
    outer loop
      vertex 19.1736 5.13756 8.825
      vertex 18.7966 6.38057 7.45625
      vertex 19.1736 5.13756 7.425
    endloop
  endfacet
  facet normal -0.956954 -0.29024 0
    outer loop
      vertex 18.7966 6.38057 7.45625
      vertex 19.1736 5.13756 8.825
      vertex 18.7966 6.38057 8.85625
    endloop
  endfacet
  facet normal -0.359254 -0.0855969 -0.929306
    outer loop
      vertex 17.8045 5.69028 9.30336
      vertex 18.7966 6.38057 8.85625
      vertex 19.1736 5.13756 8.825
    endloop
  endfacet
  facet normal -0.359282 -0.0855509 -0.929299
    outer loop
      vertex 18.7966 6.38057 8.85625
      vertex 17.8045 5.69028 9.30336
      vertex 17.7135 6.01292 9.30884
    endloop
  endfacet
  facet normal -0.358536 -0.0834685 -0.929777
    outer loop
      vertex 17.9779 5.07195 9.29197
      vertex 19.1736 5.13756 8.825
      vertex 18.0444 4.83498 9.2876
    endloop
  endfacet
  facet normal -0.35854 -0.0834192 -0.92978
    outer loop
      vertex 19.1736 5.13756 8.825
      vertex 17.9779 5.07195 9.29197
      vertex 17.8045 5.69028 9.30336
    endloop
  endfacet
  facet normal -0.335233 -0.15209 0.929778
    outer loop
      vertex 17.3614 5.93763 6.86371
      vertex 18.339 7.59627 7.4875
      vertex 16.9532 7.02224 6.89395
    endloop
  endfacet
  facet normal -0.337031 -0.151113 0.929288
    outer loop
      vertex 18.7966 6.38057 7.45625
      vertex 17.3614 5.93763 6.86371
      vertex 17.3762 5.89841 6.8627
    endloop
  endfacet
  facet normal -0.337136 -0.150789 0.929302
    outer loop
      vertex 17.3614 5.93763 6.86371
      vertex 18.7966 6.38057 7.45625
      vertex 18.339 7.59627 7.4875
    endloop
  endfacet
  facet normal -0.935895 -0.352279 -0
    outer loop
      vertex 18.7966 6.38057 8.85625
      vertex 18.339 7.59627 7.4875
      vertex 18.7966 6.38057 7.45625
    endloop
  endfacet
  facet normal -0.935895 -0.352279 0
    outer loop
      vertex 18.339 7.59627 7.4875
      vertex 18.7966 6.38057 8.85625
      vertex 18.339 7.59627 8.8875
    endloop
  endfacet
  facet normal -0.352883 -0.10894 -0.929304
    outer loop
      vertex 17.4246 6.83257 9.32425
      vertex 18.339 7.59627 8.8875
      vertex 18.7966 6.38057 8.85625
    endloop
  endfacet
  facet normal -0.353027 -0.108749 -0.929272
    outer loop
      vertex 17.3978 6.90829 9.32557
      vertex 18.339 7.59627 8.8875
      vertex 17.4246 6.83257 9.32425
    endloop
  endfacet
  facet normal -0.352899 -0.10894 -0.929298
    outer loop
      vertex 18.339 7.59627 8.8875
      vertex 17.3978 6.90829 9.32557
      vertex 17.3057 7.16825 9.33007
    endloop
  endfacet
  facet normal -0.352307 -0.106696 -0.929783
    outer loop
      vertex 18.7966 6.38057 8.85625
      vertex 17.7135 6.01292 9.30884
      vertex 17.4246 6.83257 9.32425
    endloop
  endfacet
  facet normal -0.324562 -0.173699 0.929779
    outer loop
      vertex 16.9359 7.06041 6.89496
      vertex 17.8029 8.77943 7.51875
      vertex 16.4576 8.116 6.9252
    endloop
  endfacet
  facet normal -0.326535 -0.172587 0.929295
    outer loop
      vertex 18.339 7.59627 7.4875
      vertex 16.9359 7.06041 6.89496
      vertex 16.9532 7.02224 6.89395
    endloop
  endfacet
  facet normal -0.326565 -0.172514 0.929298
    outer loop
      vertex 16.9359 7.06041 6.89496
      vertex 18.339 7.59627 7.4875
      vertex 17.8029 8.77943 7.51875
    endloop
  endfacet
  facet normal -0.910859 -0.412718 -0
    outer loop
      vertex 18.339 7.59627 8.8875
      vertex 17.8029 8.77943 7.51875
      vertex 18.339 7.59627 7.4875
    endloop
  endfacet
  facet normal -0.910859 -0.412718 0
    outer loop
      vertex 17.8029 8.77943 7.51875
      vertex 18.339 7.59627 8.8875
      vertex 17.8029 8.77943 8.91875
    endloop
  endfacet
  facet normal -0.345023 -0.131788 -0.929296
    outer loop
      vertex 16.9714 7.94957 9.34515
      vertex 17.8029 8.77943 8.91875
      vertex 18.339 7.59627 8.8875
    endloop
  endfacet
  facet normal -0.345019 -0.131792 -0.929297
    outer loop
      vertex 17.8029 8.77943 8.91875
      vertex 16.9714 7.94957 9.34515
      vertex 16.8225 8.29594 9.35131
    endloop
  endfacet
  facet normal -0.344607 -0.129455 -0.929778
    outer loop
      vertex 17.1941 7.42913 9.33511
      vertex 18.339 7.59627 8.8875
      vertex 17.3057 7.16825 9.33007
    endloop
  endfacet
  facet normal -0.344596 -0.129519 -0.929773
    outer loop
      vertex 18.339 7.59627 8.8875
      vertex 17.1941 7.42913 9.33511
      vertex 16.9714 7.94957 9.34515
    endloop
  endfacet
  facet normal -0.312513 -0.194553 0.929777
    outer loop
      vertex 16.4379 8.15295 6.92621
      vertex 17.1906 9.925 7.55
      vertex 15.8916 9.175 6.95645
    endloop
  endfacet
  facet normal -0.314594 -0.193499 0.929295
    outer loop
      vertex 16.4379 8.15295 6.92621
      vertex 17.8029 8.77943 7.51875
      vertex 17.1906 9.925 7.55
    endloop
  endfacet
  facet normal -0.314735 -0.193204 0.929308
    outer loop
      vertex 17.8029 8.77943 7.51875
      vertex 16.4379 8.15295 6.92621
      vertex 16.4576 8.116 6.9252
    endloop
  endfacet
  facet normal -0.881928 -0.471385 -0
    outer loop
      vertex 17.8029 8.77943 8.91875
      vertex 17.1906 9.925 7.55
      vertex 17.8029 8.77943 7.51875
    endloop
  endfacet
  facet normal -0.881928 -0.471385 0
    outer loop
      vertex 17.1906 9.925 7.55
      vertex 17.8029 8.77943 8.91875
      vertex 17.1906 9.925 8.95
    endloop
  endfacet
  facet normal -0.335655 -0.154055 -0.929302
    outer loop
      vertex 16.4465 9.03658 9.36604
      vertex 17.1906 9.925 8.95
      vertex 17.8029 8.77943 8.91875
    endloop
  endfacet
  facet normal -0.335656 -0.154055 -0.929302
    outer loop
      vertex 17.1906 9.925 8.95
      vertex 16.4465 9.03658 9.36604
      vertex 16.2658 9.39108 9.37254
    endloop
  endfacet
  facet normal -0.403664 -0 -0.914907
    outer loop
      vertex 16.8225 8.29595 9.35131
      vertex 17.8029 8.77943 8.91875
      vertex 16.8225 8.29594 9.35131
    endloop
  endfacet
  facet normal -0.335359 -0.151813 -0.929778
    outer loop
      vertex 16.6855 8.56576 9.35667
      vertex 17.8029 8.77943 8.91875
      vertex 16.8225 8.29595 9.35131
    endloop
  endfacet
  facet normal -0.335375 -0.151741 -0.929784
    outer loop
      vertex 17.8029 8.77943 8.91875
      vertex 16.6855 8.56576 9.35667
      vertex 16.4465 9.03658 9.36604
    endloop
  endfacet
  facet normal -0.299119 -0.214555 0.929782
    outer loop
      vertex 15.8694 9.21058 6.95746
      vertex 16.5047 11.0281 7.58125
      vertex 15.2575 10.1947 6.9877
    endloop
  endfacet
  facet normal -0.301254 -0.213644 0.929302
    outer loop
      vertex 15.8694 9.21058 6.95746
      vertex 17.1906 9.925 7.55
      vertex 16.5047 11.0281 7.58125
    endloop
  endfacet
  facet normal -0.300962 -0.214163 0.929277
    outer loop
      vertex 17.1906 9.925 7.55
      vertex 15.8694 9.21058 6.95746
      vertex 15.8916 9.175 6.95645
    endloop
  endfacet
  facet normal -0.84922 -0.528039 -0
    outer loop
      vertex 17.1906 9.925 8.95
      vertex 16.5047 11.0281 7.58125
      vertex 17.1906 9.925 7.55
    endloop
  endfacet
  facet normal -0.84922 -0.528039 0
    outer loop
      vertex 16.5047 11.0281 7.58125
      vertex 17.1906 9.925 8.95
      vertex 16.5047 11.0281 8.98125
    endloop
  endfacet
  facet normal -0.324855 -0.175666 -0.929306
    outer loop
      vertex 15.852 10.089 9.38693
      vertex 16.5047 11.0281 8.98125
      vertex 17.1906 9.925 8.95
    endloop
  endfacet
  facet normal -0.325024 -0.175534 -0.929272
    outer loop
      vertex 15.807 10.1647 9.38837
      vertex 16.5047 11.0281 8.98125
      vertex 15.852 10.089 9.38693
    endloop
  endfacet
  facet normal -0.324814 -0.175722 -0.92931
    outer loop
      vertex 16.5047 11.0281 8.98125
      vertex 15.807 10.1647 9.38837
      vertex 15.6378 10.4489 9.39377
    endloop
  endfacet
  facet normal -0.324729 -0.173362 -0.929783
    outer loop
      vertex 17.1906 9.925 8.95
      vertex 16.2658 9.39108 9.37254
      vertex 15.852 10.089 9.38693
    endloop
  endfacet
  facet normal -0.284425 -0.233685 0.929782
    outer loop
      vertex 14.558 11.1708 7.01895
      vertex 15.2331 10.2288 6.98871
      vertex 15.7481 12.0839 7.6125
    endloop
  endfacet
  facet normal -0.286632 -0.23291 0.929298
    outer loop
      vertex 15.2331 10.2288 6.98871
      vertex 16.5047 11.0281 7.58125
      vertex 15.7481 12.0839 7.6125
    endloop
  endfacet
  facet normal -0.28676 -0.232714 0.929308
    outer loop
      vertex 16.5047 11.0281 7.58125
      vertex 15.2331 10.2288 6.98871
      vertex 15.2575 10.1947 6.9877
    endloop
  endfacet
  facet normal -0.812838 -0.58249 -0
    outer loop
      vertex 16.5047 11.0281 8.98125
      vertex 15.7481 12.0839 7.6125
      vertex 16.5047 11.0281 7.58125
    endloop
  endfacet
  facet normal -0.812838 -0.58249 0
    outer loop
      vertex 15.7481 12.0839 7.6125
      vertex 16.5047 11.0281 8.98125
      vertex 15.7481 12.0839 9.0125
    endloop
  endfacet
  facet normal -0.312684 -0.196568 -0.929295
    outer loop
      vertex 15.1902 11.1024 9.40783
      vertex 15.7481 12.0839 9.0125
      vertex 16.5047 11.0281 8.98125
    endloop
  endfacet
  facet normal -0.312683 -0.196569 -0.929295
    outer loop
      vertex 15.7481 12.0839 9.0125
      vertex 15.1902 11.1024 9.40783
      vertex 14.9411 11.4647 9.41501
    endloop
  endfacet
  facet normal -0.312741 -0.194132 -0.929788
    outer loop
      vertex 15.4456 10.7296 9.39981
      vertex 16.5047 11.0281 8.98125
      vertex 15.6378 10.4489 9.39377
    endloop
  endfacet
  facet normal -0.312709 -0.19423 -0.929778
    outer loop
      vertex 16.5047 11.0281 8.98125
      vertex 15.4456 10.7296 9.39981
      vertex 15.1902 11.1024 9.40783
    endloop
  endfacet
  facet normal -0.268551 -0.251792 0.929775
    outer loop
      vertex 14.5315 11.2032 7.01996
      vertex 14.924 13.088 7.64375
      vertex 13.7963 12.099 7.0502
    endloop
  endfacet
  facet normal -0.270788 -0.251167 0.929295
    outer loop
      vertex 14.5315 11.2032 7.01996
      vertex 15.7481 12.0839 7.6125
      vertex 14.924 13.088 7.64375
    endloop
  endfacet
  facet normal -0.271123 -0.250721 0.929318
    outer loop
      vertex 15.7481 12.0839 7.6125
      vertex 14.5315 11.2032 7.01996
      vertex 14.558 11.1708 7.01895
    endloop
  endfacet
  facet normal -0.772989 -0.634419 -0
    outer loop
      vertex 15.7481 12.0839 9.0125
      vertex 14.924 13.088 7.64375
      vertex 15.7481 12.0839 7.6125
    endloop
  endfacet
  facet normal -0.772989 -0.634419 0
    outer loop
      vertex 14.924 13.088 7.64375
      vertex 15.7481 12.0839 9.0125
      vertex 14.924 13.088 9.04375
    endloop
  endfacet
  facet normal -0.299159 -0.216608 -0.929293
    outer loop
      vertex 14.4635 12.0724 9.42872
      vertex 14.924 13.088 9.04375
      vertex 15.7481 12.0839 9.0125
    endloop
  endfacet
  facet normal -0.29892 -0.216734 -0.92934
    outer loop
      vertex 14.4057 12.1456 9.43024
      vertex 14.924 13.088 9.04375
      vertex 14.4635 12.0724 9.42872
    endloop
  endfacet
  facet normal -0.299184 -0.21657 -0.929293
    outer loop
      vertex 14.924 13.088 9.04375
      vertex 14.4057 12.1456 9.43024
      vertex 14.1783 12.434 9.43624
    endloop
  endfacet
  facet normal -0.299336 -0.214276 -0.929776
    outer loop
      vertex 15.7481 12.0839 9.0125
      vertex 14.9411 11.4647 9.41501
      vertex 14.4635 12.0724 9.42872
    endloop
  endfacet
  facet normal -0.251493 -0.268798 0.929784
    outer loop
      vertex 13.7676 12.1296 7.05121
      vertex 14.0361 14.0361 7.675
      vertex 12.9754 12.9754 7.08145
    endloop
  endfacet
  facet normal -0.253799 -0.268314 0.929297
    outer loop
      vertex 13.7676 12.1296 7.05121
      vertex 14.924 13.088 7.64375
      vertex 14.0361 14.0361 7.675
    endloop
  endfacet
  facet normal -0.25361 -0.268535 0.929285
    outer loop
      vertex 14.924 13.088 7.64375
      vertex 13.7676 12.1296 7.05121
      vertex 13.7963 12.099 7.0502
    endloop
  endfacet
  facet normal -0.7299 -0.683554 -0
    outer loop
      vertex 14.924 13.088 9.04375
      vertex 14.0361 14.0361 7.675
      vertex 14.924 13.088 7.64375
    endloop
  endfacet
  facet normal -0.7299 -0.683554 0
    outer loop
      vertex 14.0361 14.0361 7.675
      vertex 14.924 13.088 9.04375
      vertex 14.0361 14.0361 9.075
    endloop
  endfacet
  facet normal -0.284361 -0.235675 -0.929299
    outer loop
      vertex 13.6748 12.9949 9.44961
      vertex 14.0361 14.0361 9.075
      vertex 14.924 13.088 9.04375
    endloop
  endfacet
  facet normal -0.284347 -0.235681 -0.929301
    outer loop
      vertex 14.0361 14.0361 9.075
      vertex 13.6748 12.9949 9.44961
      vertex 13.3526 13.3526 9.45748
    endloop
  endfacet
  facet normal -0.28466 -0.23342 -0.929776
    outer loop
      vertex 13.9258 12.7152 9.44295
      vertex 14.924 13.088 9.04375
      vertex 14.1783 12.434 9.43624
    endloop
  endfacet
  facet normal -0.284693 -0.233342 -0.929786
    outer loop
      vertex 14.924 13.088 9.04375
      vertex 13.9258 12.7152 9.44295
      vertex 13.6748 12.9949 9.44961
    endloop
  endfacet
  facet normal -0.233399 -0.284682 0.929775
    outer loop
      vertex 12.099 13.7963 7.1127
      vertex 12.9448 13.0041 7.08246
      vertex 13.088 14.924 7.70625
    endloop
  endfacet
  facet normal -0.235673 -0.284358 0.9293
    outer loop
      vertex 12.9448 13.0041 7.08246
      vertex 14.0361 14.0361 7.675
      vertex 13.088 14.924 7.70625
    endloop
  endfacet
  facet normal -0.235854 -0.284172 0.929311
    outer loop
      vertex 14.0361 14.0361 7.675
      vertex 12.9448 13.0041 7.08246
      vertex 12.9754 12.9754 7.08145
    endloop
  endfacet
  facet normal -0.683554 -0.7299 0
    outer loop
      vertex 13.088 14.924 7.70625
      vertex 14.0361 14.0361 9.075
      vertex 13.088 14.924 9.10625
    endloop
  endfacet
  facet normal -0.683554 -0.7299 -0
    outer loop
      vertex 14.0361 14.0361 9.075
      vertex 13.088 14.924 7.70625
      vertex 14.0361 14.0361 7.675
    endloop
  endfacet
  facet normal -0.268316 -0.253801 -0.929297
    outer loop
      vertex 12.8273 13.8659 9.4705
      vertex 13.088 14.924 9.10625
      vertex 14.0361 14.0361 9.075
    endloop
  endfacet
  facet normal -0.268199 -0.253837 -0.92932
    outer loop
      vertex 12.7567 13.9346 9.47211
      vertex 13.088 14.924 9.10625
      vertex 12.8273 13.8659 9.4705
    endloop
  endfacet
  facet normal -0.268322 -0.253788 -0.929298
    outer loop
      vertex 13.088 14.924 9.10625
      vertex 12.7567 13.9346 9.47211
      vertex 12.4674 14.2163 9.47871
    endloop
  endfacet
  facet normal -0.268799 -0.251499 -0.929783
    outer loop
      vertex 14.0361 14.0361 9.075
      vertex 13.3526 13.3526 9.45748
      vertex 12.8273 13.8659 9.4705
    endloop
  endfacet
  facet normal -0.214271 -0.299321 0.929782
    outer loop
      vertex 12.0666 13.8228 7.11371
      vertex 12.0839 15.7481 7.7375
      vertex 11.1708 14.558 7.14395
    endloop
  endfacet
  facet normal -0.216596 -0.299144 0.929301
    outer loop
      vertex 12.0666 13.8228 7.11371
      vertex 13.088 14.924 7.70625
      vertex 12.0839 15.7481 7.7375
    endloop
  endfacet
  facet normal -0.21608 -0.299606 0.929272
    outer loop
      vertex 13.088 14.924 7.70625
      vertex 12.0666 13.8228 7.11371
      vertex 12.099 13.7963 7.1127
    endloop
  endfacet
  facet normal -0.634419 -0.772989 0
    outer loop
      vertex 12.0839 15.7481 7.7375
      vertex 13.088 14.924 9.10625
      vertex 12.0839 15.7481 9.1375
    endloop
  endfacet
  facet normal -0.634419 -0.772989 -0
    outer loop
      vertex 13.088 14.924 9.10625
      vertex 12.0839 15.7481 7.7375
      vertex 13.088 14.924 7.70625
    endloop
  endfacet
  facet normal -0.25115 -0.270767 -0.929306
    outer loop
      vertex 11.9242 14.6816 9.4914
      vertex 12.0839 15.7481 9.1375
      vertex 13.088 14.924 9.10625
    endloop
  endfacet
  facet normal -0.251172 -0.270762 -0.929301
    outer loop
      vertex 12.0839 15.7481 9.1375
      vertex 11.9242 14.6816 9.4914
      vertex 11.5263 15.0214 9.49994
    endloop
  endfacet
  facet normal -0.251791 -0.268538 -0.929779
    outer loop
      vertex 12.1518 14.4867 9.48608
      vertex 13.088 14.924 9.10625
      vertex 12.4674 14.2163 9.47871
    endloop
  endfacet
  facet normal -0.251752 -0.268611 -0.929768
    outer loop
      vertex 13.088 14.924 9.10625
      vertex 12.1518 14.4867 9.48608
      vertex 11.9242 14.6816 9.4914
    endloop
  endfacet
  facet normal -0.194247 -0.31269 0.929781
    outer loop
      vertex 10.1947 15.2575 7.1752
      vertex 11.1367 14.5824 7.14496
      vertex 11.0281 16.5047 7.76875
    endloop
  endfacet
  facet normal -0.196328 -0.312843 0.929293
    outer loop
      vertex 12.0839 15.7481 7.7375
      vertex 11.1367 14.5824 7.14496
      vertex 11.1708 14.558 7.14395
    endloop
  endfacet
  facet normal -0.196554 -0.312665 0.929304
    outer loop
      vertex 11.1367 14.5824 7.14496
      vertex 12.0839 15.7481 7.7375
      vertex 11.0281 16.5047 7.76875
    endloop
  endfacet
  facet normal -0.58249 -0.812838 0
    outer loop
      vertex 11.0281 16.5047 7.76875
      vertex 12.0839 15.7481 9.1375
      vertex 11.0281 16.5047 9.16875
    endloop
  endfacet
  facet normal -0.58249 -0.812838 -0
    outer loop
      vertex 12.0839 15.7481 9.1375
      vertex 11.0281 16.5047 7.76875
      vertex 12.0839 15.7481 7.7375
    endloop
  endfacet
  facet normal -0.232898 -0.286614 -0.929307
    outer loop
      vertex 10.9693 15.4386 9.51229
      vertex 11.0281 16.5047 9.16875
      vertex 12.0839 15.7481 9.1375
    endloop
  endfacet
  facet normal -0.232753 -0.286632 -0.929337
    outer loop
      vertex 10.8862 15.5006 9.51398
      vertex 11.0281 16.5047 9.16875
      vertex 10.9693 15.4386 9.51229
    endloop
  endfacet
  facet normal -0.23295 -0.286592 -0.929301
    outer loop
      vertex 11.0281 16.5047 9.16875
      vertex 10.8862 15.5006 9.51398
      vertex 10.5333 15.7641 9.52118
    endloop
  endfacet
  facet normal -0.233663 -0.284437 -0.929783
    outer loop
      vertex 12.0839 15.7481 9.1375
      vertex 11.5263 15.0214 9.49994
      vertex 10.9693 15.4386 9.51229
    endloop
  endfacet
  facet normal -0.17338 -0.324738 0.929777
    outer loop
      vertex 9.175 15.8916 7.20645
      vertex 10.1591 15.2796 7.17621
      vertex 9.925 17.1906 7.8
    endloop
  endfacet
  facet normal -0.175415 -0.325039 0.92929
    outer loop
      vertex 11.0281 16.5047 7.76875
      vertex 10.1591 15.2796 7.17621
      vertex 10.1947 15.2575 7.1752
    endloop
  endfacet
  facet normal -0.175671 -0.324864 0.929303
    outer loop
      vertex 10.1591 15.2796 7.17621
      vertex 11.0281 16.5047 7.76875
      vertex 9.925 17.1906 7.8
    endloop
  endfacet
  facet normal -0.528039 -0.84922 0
    outer loop
      vertex 9.925 17.1906 7.8
      vertex 11.0281 16.5047 9.16875
      vertex 9.925 17.1906 9.2
    endloop
  endfacet
  facet normal -0.528039 -0.84922 -0
    outer loop
      vertex 11.0281 16.5047 9.16875
      vertex 9.925 17.1906 7.8
      vertex 11.0281 16.5047 7.76875
    endloop
  endfacet
  facet normal -0.21365 -0.301264 -0.929297
    outer loop
      vertex 9.96625 16.1336 9.53318
      vertex 9.925 17.1906 9.2
      vertex 11.0281 16.5047 9.16875
    endloop
  endfacet
  facet normal -0.213636 -0.301265 -0.9293
    outer loop
      vertex 9.925 17.1906 9.2
      vertex 9.96625 16.1336 9.53318
      vertex 9.49233 16.4412 9.54241
    endloop
  endfacet
  facet normal -0.214532 -0.299127 -0.929784
    outer loop
      vertex 10.1535 16.0115 9.52922
      vertex 11.0281 16.5047 9.16875
      vertex 10.5333 15.7641 9.52118
    endloop
  endfacet
  facet normal -0.214623 -0.298985 -0.929809
    outer loop
      vertex 11.0281 16.5047 9.16875
      vertex 10.1535 16.0115 9.52922
      vertex 9.96625 16.1336 9.53318
    endloop
  endfacet
  facet normal -0.151757 -0.335383 0.929779
    outer loop
      vertex 8.116 16.4576 7.2377
      vertex 9.13805 15.9113 7.20746
      vertex 8.77943 17.8029 7.83125
    endloop
  endfacet
  facet normal -0.153678 -0.335886 0.929281
    outer loop
      vertex 9.925 17.1906 7.8
      vertex 9.13805 15.9113 7.20746
      vertex 9.175 15.8916 7.20645
    endloop
  endfacet
  facet normal -0.154058 -0.335661 0.9293
    outer loop
      vertex 9.13805 15.9113 7.20746
      vertex 9.925 17.1906 7.8
      vertex 8.77943 17.8029 7.83125
    endloop
  endfacet
  facet normal -0.471385 -0.881928 0
    outer loop
      vertex 8.77943 17.8029 7.83125
      vertex 9.925 17.1906 9.2
      vertex 8.77943 17.8029 9.23125
    endloop
  endfacet
  facet normal -0.471385 -0.881928 -0
    outer loop
      vertex 9.925 17.1906 9.2
      vertex 8.77943 17.8029 7.83125
      vertex 9.925 17.1906 7.8
    endloop
  endfacet
  facet normal -0.193502 -0.314584 -0.929298
    outer loop
      vertex 8.77943 17.8029 9.23125
      vertex 8.91915 16.7633 9.55408
      vertex 8.82416 16.8165 9.55585
    endloop
  endfacet
  facet normal -0.193493 -0.314583 -0.9293
    outer loop
      vertex 8.91915 16.7633 9.55408
      vertex 8.77943 17.8029 9.23125
      vertex 9.925 17.1906 9.2
    endloop
  endfacet
  facet normal -0.193501 -0.314584 -0.929298
    outer loop
      vertex 8.77943 17.8029 9.23125
      vertex 8.82416 16.8165 9.55585
      vertex 8.4079 17.0495 9.56365
    endloop
  endfacet
  facet normal -0.194544 -0.312507 -0.929781
    outer loop
      vertex 9.925 17.1906 9.2
      vertex 9.49233 16.4412 9.54241
      vertex 8.91915 16.7633 9.55408
    endloop
  endfacet
  facet normal -0.129502 -0.344589 0.929778
    outer loop
      vertex 7.59627 18.339 7.8625
      vertex 7.02224 16.9532 7.26895
      vertex 8.07783 16.4749 7.23871
    endloop
  endfacet
  facet normal -0.131785 -0.345019 0.929298
    outer loop
      vertex 8.77943 17.8029 7.83125
      vertex 8.07783 16.4749 7.23871
      vertex 8.116 16.4576 7.2377
    endloop
  endfacet
  facet normal -0.131786 -0.345019 0.929298
    outer loop
      vertex 8.07783 16.4749 7.23871
      vertex 8.77943 17.8029 7.83125
      vertex 7.59627 18.339 7.8625
    endloop
  endfacet
  facet normal -0.412718 -0.910859 0
    outer loop
      vertex 7.59627 18.339 7.8625
      vertex 8.77943 17.8029 9.23125
      vertex 7.59627 18.339 9.2625
    endloop
  endfacet
  facet normal -0.412718 -0.910859 -0
    outer loop
      vertex 8.77943 17.8029 9.23125
      vertex 7.59627 18.339 7.8625
      vertex 8.77943 17.8029 7.83125
    endloop
  endfacet
  facet normal -0.172293 -0.32654 -0.929348
    outer loop
      vertex 7.59627 18.339 9.2625
      vertex 7.83222 17.3252 9.57497
      vertex 7.73162 17.3731 9.57679
    endloop
  endfacet
  facet normal -0.172519 -0.326575 -0.929293
    outer loop
      vertex 7.83222 17.3252 9.57497
      vertex 7.59627 18.339 9.2625
      vertex 8.77943 17.8029 9.23125
    endloop
  endfacet
  facet normal -0.172522 -0.326556 -0.929299
    outer loop
      vertex 7.59627 18.339 9.2625
      vertex 7.73162 17.3731 9.57679
      vertex 7.28449 17.5863 9.58488
    endloop
  endfacet
  facet normal -0.173715 -0.324553 -0.929779
    outer loop
      vertex 8.77943 17.8029 9.23125
      vertex 8.4079 17.0495 9.56365
      vertex 7.83222 17.3252 9.57497
    endloop
  endfacet
  facet normal -0.106704 -0.352311 0.92978
    outer loop
      vertex 6.38057 18.7966 7.89375
      vertex 5.89841 17.3762 7.3002
      vertex 6.98302 16.9679 7.26996
    endloop
  endfacet
  facet normal -0.108417 -0.353109 0.929279
    outer loop
      vertex 7.59627 18.339 7.8625
      vertex 6.98302 16.9679 7.26996
      vertex 7.02224 16.9532 7.26895
    endloop
  endfacet
  facet normal -0.108941 -0.352885 0.929303
    outer loop
      vertex 6.98302 16.9679 7.26996
      vertex 7.59627 18.339 7.8625
      vertex 6.38057 18.7966 7.89375
    endloop
  endfacet
  facet normal -0.352279 -0.935895 0
    outer loop
      vertex 6.38057 18.7966 7.89375
      vertex 7.59627 18.339 9.2625
      vertex 6.38057 18.7966 9.29375
    endloop
  endfacet
  facet normal -0.352279 -0.935895 -0
    outer loop
      vertex 7.59627 18.339 9.2625
      vertex 6.38057 18.7966 7.89375
      vertex 7.59627 18.339 7.8625
    endloop
  endfacet
  facet normal -0.150794 -0.337149 -0.929296
    outer loop
      vertex 6.70987 17.8166 9.59586
      vertex 6.38057 18.7966 9.29375
      vertex 7.59627 18.339 9.2625
    endloop
  endfacet
  facet normal -0.150782 -0.337146 -0.929299
    outer loop
      vertex 6.38057 18.7966 9.29375
      vertex 6.70987 17.8166 9.59586
      vertex 6.12683 18.0491 9.60611
    endloop
  endfacet
  facet normal -0.152111 -0.335217 -0.929781
    outer loop
      vertex 6.8114 17.7759 9.59392
      vertex 7.59627 18.339 9.2625
      vertex 7.28449 17.5863 9.58488
    endloop
  endfacet
  facet normal -0.152133 -0.33519 -0.929787
    outer loop
      vertex 7.59627 18.339 9.2625
      vertex 6.8114 17.7759 9.59392
      vertex 6.70987 17.8166 9.59586
    endloop
  endfacet
  facet normal -0.0834063 -0.358541 0.92978
    outer loop
      vertex 5.85832 17.3883 7.30121
      vertex 5.13756 19.1736 7.925
      vertex 4.74933 17.7247 7.33145
    endloop
  endfacet
  facet normal -0.085076 -0.359444 0.92928
    outer loop
      vertex 6.38057 18.7966 7.89375
      vertex 5.85832 17.3883 7.30121
      vertex 5.89841 17.3762 7.3002
    endloop
  endfacet
  facet normal -0.0855988 -0.35926 0.929304
    outer loop
      vertex 5.85832 17.3883 7.30121
      vertex 6.38057 18.7966 7.89375
      vertex 5.13756 19.1736 7.925
    endloop
  endfacet
  facet normal -0.29024 -0.956954 0
    outer loop
      vertex 5.13756 19.1736 7.925
      vertex 6.38057 18.7966 9.29375
      vertex 5.13756 19.1736 9.325
    endloop
  endfacet
  facet normal -0.29024 -0.956954 -0
    outer loop
      vertex 6.38057 18.7966 9.29375
      vertex 5.13756 19.1736 7.925
      vertex 6.38057 18.7966 7.89375
    endloop
  endfacet
  facet normal -0.128384 -0.346295 -0.929299
    outer loop
      vertex 5.13756 19.1736 9.325
      vertex 5.55666 18.2353 9.61675
      vertex 5.44573 18.2713 9.61866
    endloop
  endfacet
  facet normal -0.128394 -0.346299 -0.929297
    outer loop
      vertex 5.55666 18.2353 9.61675
      vertex 5.13756 19.1736 9.325
      vertex 6.38057 18.7966 9.29375
    endloop
  endfacet
  facet normal -0.128424 -0.346306 -0.92929
    outer loop
      vertex 5.13756 19.1736 9.325
      vertex 5.44573 18.2713 9.61866
      vertex 4.9398 18.4356 9.62735
    endloop
  endfacet
  facet normal -0.129839 -0.344456 -0.929781
    outer loop
      vertex 6.38057 18.7966 9.29375
      vertex 6.12683 18.0491 9.60611
      vertex 5.55666 18.2353 9.61675
    endloop
  endfacet
  facet normal -0.059763 -0.363229 0.929781
    outer loop
      vertex 4.70852 17.7343 7.33246
      vertex 3.87254 19.4686 7.95625
      vertex 3.57991 17.9974 7.3627
    endloop
  endfacet
  facet normal -0.062609 -0.363926 0.929321
    outer loop
      vertex 5.13756 19.1736 7.925
      vertex 4.70852 17.7343 7.33246
      vertex 4.74933 17.7247 7.33145
    endloop
  endfacet
  facet normal -0.0619531 -0.36411 0.929293
    outer loop
      vertex 4.70852 17.7343 7.33246
      vertex 5.13756 19.1736 7.925
      vertex 3.87254 19.4686 7.95625
    endloop
  endfacet
  facet normal -0.227105 -0.97387 0
    outer loop
      vertex 3.87254 19.4686 7.95625
      vertex 5.13756 19.1736 9.325
      vertex 3.87254 19.4686 9.35625
    endloop
  endfacet
  facet normal -0.227105 -0.97387 -0
    outer loop
      vertex 5.13756 19.1736 9.325
      vertex 3.87254 19.4686 7.95625
      vertex 5.13756 19.1736 7.925
    endloop
  endfacet
  facet normal -0.105669 -0.35374 -0.929356
    outer loop
      vertex 4.26174 18.6087 9.6396
      vertex 5.13756 19.1736 9.325
      vertex 4.37731 18.5793 9.63765
    endloop
  endfacet
  facet normal -0.1055 -0.353965 -0.929289
    outer loop
      vertex 4.26174 18.6087 9.6396
      vertex 3.87254 19.4686 9.35625
      vertex 5.13756 19.1736 9.325
    endloop
  endfacet
  facet normal -0.105439 -0.353943 -0.929305
    outer loop
      vertex 3.87254 19.4686 9.35625
      vertex 4.26174 18.6087 9.6396
      vertex 3.72841 18.744 9.64858
    endloop
  endfacet
  facet normal -0.107013 -0.352241 -0.929771
    outer loop
      vertex 5.13756 19.1736 9.325
      vertex 4.9398 18.4356 9.62735
      vertex 4.37731 18.5793 9.63765
    endloop
  endfacet
  facet normal -0.0359028 -0.366355 0.929782
    outer loop
      vertex 3.53856 18.0042 7.36371
      vertex 2.59094 19.6802 7.9875
      vertex 2.39516 18.193 7.39395
    endloop
  endfacet
  facet normal -0.0377229 -0.367416 0.929291
    outer loop
      vertex 3.53856 18.0042 7.36371
      vertex 3.57991 17.9974 7.3627
      vertex 3.87254 19.4686 7.95625
    endloop
  endfacet
  facet normal -0.0379934 -0.367359 0.929303
    outer loop
      vertex 3.53856 18.0042 7.36371
      vertex 3.87254 19.4686 7.95625
      vertex 2.59094 19.6802 7.9875
    endloop
  endfacet
  facet normal -0.162901 -0.986642 0
    outer loop
      vertex 2.59094 19.6802 7.9875
      vertex 3.87254 19.4686 9.35625
      vertex 2.59094 19.6802 9.3875
    endloop
  endfacet
  facet normal -0.162901 -0.986642 -0
    outer loop
      vertex 3.87254 19.4686 9.35625
      vertex 2.59094 19.6802 7.9875
      vertex 3.87254 19.4686 7.95625
    endloop
  endfacet
  facet normal -0.0821638 -0.36001 -0.929323
    outer loop
      vertex 3.05685 18.8693 9.66053
      vertex 3.87254 19.4686 9.35625
      vertex 3.17663 18.8471 9.65854
    endloop
  endfacet
  facet normal -0.0821101 -0.360074 -0.929303
    outer loop
      vertex 3.05685 18.8693 9.66053
      vertex 2.59094 19.6802 9.3875
      vertex 3.87254 19.4686 9.35625
    endloop
  endfacet
  facet normal -0.0821078 -0.360072 -0.929304
    outer loop
      vertex 2.59094 19.6802 9.3875
      vertex 3.05685 18.8693 9.66053
      vertex 2.49782 18.9728 9.66982
    endloop
  endfacet
  facet normal -0.0837592 -0.358448 -0.929784
    outer loop
      vertex 3.87254 19.4686 9.35625
      vertex 3.72841 18.744 9.64858
      vertex 3.17663 18.8471 9.65854
    endloop
  endfacet
  facet normal -0.0118611 -0.367923 0.92978
    outer loop
      vertex 2.35346 18.1971 7.39496
      vertex 1.29825 19.8075 8.01875
      vertex 1.20015 18.3107 7.4252
    endloop
  endfacet
  facet normal -0.0137797 -0.369074 0.929298
    outer loop
      vertex 2.35346 18.1971 7.39496
      vertex 2.39516 18.193 7.39395
      vertex 2.59094 19.6802 7.9875
    endloop
  endfacet
  facet normal 0 -0.239191 0.970973
    outer loop
      vertex 2.39516 18.193 7.39395
      vertex 2.35346 18.1971 7.39496
      vertex 2.39515 18.193 7.39395
    endloop
  endfacet
  facet normal -0.0138785 -0.36906 0.929302
    outer loop
      vertex 2.35346 18.1971 7.39496
      vertex 2.59094 19.6802 7.9875
      vertex 1.29825 19.8075 8.01875
    endloop
  endfacet
  facet normal -0.0980028 -0.995186 0
    outer loop
      vertex 1.29825 19.8075 8.01875
      vertex 2.59094 19.6802 9.3875
      vertex 1.29825 19.8075 9.41875
    endloop
  endfacet
  facet normal -0.0980028 -0.995186 -0
    outer loop
      vertex 2.59094 19.6802 9.3875
      vertex 1.29825 19.8075 8.01875
      vertex 2.59094 19.6802 7.9875
    endloop
  endfacet
  facet normal -0.0589905 -0.364128 -0.929479
    outer loop
      vertex 1.91706 19.0424 9.68013
      vertex 2.59094 19.6802 9.3875
      vertex 1.95957 19.0373 9.67943
    endloop
  endfacet
  facet normal -0.0583788 -0.364691 -0.929297
    outer loop
      vertex 1.91706 19.0424 9.68013
      vertex 1.29825 19.8075 9.41875
      vertex 2.59094 19.6802 9.3875
    endloop
  endfacet
  facet normal -0.0583571 -0.364676 -0.929304
    outer loop
      vertex 1.29825 19.8075 9.41875
      vertex 1.91706 19.0424 9.68013
      vertex 1.25324 19.1208 9.69105
    endloop
  endfacet
  facet normal -0.0601189 -0.363159 -0.929786
    outer loop
      vertex 2.59094 19.6802 9.3875
      vertex 2.49782 18.9728 9.66982
      vertex 1.95957 19.0373 9.67943
    endloop
  endfacet
  facet normal 0.012236 -0.367914 0.929779
    outer loop
      vertex 1.15827 18.3121 7.42621
      vertex 0 19.85 8.05
      vertex 0 18.35 7.45645
    endloop
  endfacet
  facet normal 0.0100706 -0.369173 0.929306
    outer loop
      vertex 1.29825 19.8075 8.01875
      vertex 1.15827 18.3121 7.42621
      vertex 1.20015 18.3107 7.4252
    endloop
  endfacet
  facet normal 0.0102831 -0.369189 0.929297
    outer loop
      vertex 1.15827 18.3121 7.42621
      vertex 1.29825 19.8075 8.01875
      vertex 0 19.85 8.05
    endloop
  endfacet
  facet normal -0.0327188 -0.999465 0
    outer loop
      vertex 0 19.85 8.05
      vertex 1.29825 19.8075 9.41875
      vertex 0 19.85 9.45
    endloop
  endfacet
  facet normal -0.0327188 -0.999465 -0
    outer loop
      vertex 1.29825 19.8075 9.41875
      vertex 0 19.85 8.05
      vertex 1.29825 19.8075 8.01875
    endloop
  endfacet
  facet normal -0.0343073 -0.367815 -0.929266
    outer loop
      vertex 0.604302 19.1556 9.7024
      vertex 1.29825 19.8075 9.41875
      vertex 0.731131 19.149 9.70033
    endloop
  endfacet
  facet normal -0.0344229 -0.367735 -0.929293
    outer loop
      vertex 0 19.85 9.45
      vertex 0.604302 19.1556 9.7024
      vertex 0 19.1872 9.71228
    endloop
  endfacet
  facet normal -0.0344069 -0.367723 -0.929298
    outer loop
      vertex 0.604302 19.1556 9.7024
      vertex 0 19.85 9.45
      vertex 1.29825 19.8075 9.41875
    endloop
  endfacet
  facet normal -0.0363111 -0.366311 -0.929784
    outer loop
      vertex 1.29825 19.8075 9.41875
      vertex 1.25324 19.1208 9.69105
      vertex 0.731131 19.149 9.70033
    endloop
  endfacet
  facet normal 0.0362612 -0.366324 0.92978
    outer loop
      vertex -1.20015 18.3107 7.4877
      vertex -0.0418793 18.3486 7.45746
      vertex -1.29825 19.8075 8.08125
    endloop
  endfacet
  facet normal 0.0347042 -0.36772 0.929289
    outer loop
      vertex 0 19.85 8.05
      vertex -0.0418793 18.3486 7.45746
      vertex 0 18.35 7.45645
    endloop
  endfacet
  facet normal 0.0344068 -0.367716 0.929301
    outer loop
      vertex -0.0418793 18.3486 7.45746
      vertex 0 19.85 8.05
      vertex -1.29825 19.8075 8.08125
    endloop
  endfacet
  facet normal 0.0327188 -0.999465 0
    outer loop
      vertex -1.29825 19.8075 8.08125
      vertex 0 19.85 9.45
      vertex -1.29825 19.8075 9.48125
    endloop
  endfacet
  facet normal 0.0327188 -0.999465 0
    outer loop
      vertex 0 19.85 9.45
      vertex -1.29825 19.8075 8.08125
      vertex 0 19.85 8.05
    endloop
  endfacet
  facet normal -0.0102012 -0.369228 -0.929283
    outer loop
      vertex -0.62242 19.1797 9.72316
      vertex 0 19.85 9.45
      vertex -0.503606 19.1813 9.72122
    endloop
  endfacet
  facet normal -0.010292 -0.369168 -0.929306
    outer loop
      vertex -1.29825 19.8075 9.48125
      vertex -0.62242 19.1797 9.72316
      vertex -1.25656 19.1713 9.73352
    endloop
  endfacet
  facet normal -0.0102843 -0.369161 -0.929308
    outer loop
      vertex -0.62242 19.1797 9.72316
      vertex -1.29825 19.8075 9.48125
      vertex 0 19.85 9.45
    endloop
  endfacet
  facet normal -0.0121949 -0.367926 -0.929775
    outer loop
      vertex 0 19.85 9.45
      vertex 0 19.1872 9.71228
      vertex -0.503606 19.1813 9.72122
    endloop
  endfacet
  facet normal 0.0601508 -0.363163 0.929782
    outer loop
      vertex -2.59094 19.6802 8.1125
      vertex -2.39515 18.193 7.51895
      vertex -1.24185 18.3066 7.48871
    endloop
  endfacet
  facet normal 0 -0.370675 0.928763
    outer loop
      vertex -2.39515 18.193 7.51895
      vertex -2.59094 19.6802 8.1125
      vertex -2.39516 18.193 7.51895
    endloop
  endfacet
  facet normal 0.0583645 -0.364685 0.9293
    outer loop
      vertex -1.29825 19.8075 8.08125
      vertex -1.24185 18.3066 7.48871
      vertex -1.20015 18.3107 7.4877
    endloop
  endfacet
  facet normal 0.0583782 -0.364684 0.929299
    outer loop
      vertex -1.24185 18.3066 7.48871
      vertex -1.29825 19.8075 8.08125
      vertex -2.59094 19.6802 8.1125
    endloop
  endfacet
  facet normal 0.0980028 -0.995186 0
    outer loop
      vertex -2.59094 19.6802 8.1125
      vertex -1.29825 19.8075 9.48125
      vertex -2.59094 19.6802 9.5125
    endloop
  endfacet
  facet normal 0.0980028 -0.995186 0
    outer loop
      vertex -1.29825 19.8075 9.48125
      vertex -2.59094 19.6802 8.1125
      vertex -1.29825 19.8075 8.08125
    endloop
  endfacet
  facet normal 0.0138977 -0.369093 -0.929289
    outer loop
      vertex -1.8713 19.1237 9.74427
      vertex -1.29825 19.8075 9.48125
      vertex -1.73953 19.1341 9.74211
    endloop
  endfacet
  facet normal 0.0139088 -0.369049 -0.929306
    outer loop
      vertex -2.59094 19.6802 9.5125
      vertex -1.8713 19.1237 9.74427
      vertex -2.51103 19.0732 9.75475
    endloop
  endfacet
  facet normal 0.0138808 -0.36908 -0.929294
    outer loop
      vertex -1.8713 19.1237 9.74427
      vertex -2.59094 19.6802 9.5125
      vertex -1.29825 19.8075 9.48125
    endloop
  endfacet
  facet normal 0.0118008 -0.367911 -0.929786
    outer loop
      vertex -1.29825 19.8075 9.48125
      vertex -1.25656 19.1713 9.73352
      vertex -1.73953 19.1341 9.74211
    endloop
  endfacet
  facet normal 0.0837779 -0.358453 0.929781
    outer loop
      vertex -3.87254 19.4686 8.14375
      vertex -3.57991 17.9974 7.5502
      vertex -2.4365 18.1862 7.51996
    endloop
  endfacet
  facet normal 0.0819379 -0.360105 0.929307
    outer loop
      vertex -2.59094 19.6802 8.1125
      vertex -2.4365 18.1862 7.51996
      vertex -2.39516 18.193 7.51895
    endloop
  endfacet
  facet normal 0.0821117 -0.360084 0.929299
    outer loop
      vertex -2.4365 18.1862 7.51996
      vertex -2.59094 19.6802 8.1125
      vertex -3.87254 19.4686 8.14375
    endloop
  endfacet
  facet normal 0.162901 -0.986642 0
    outer loop
      vertex -3.87254 19.4686 8.14375
      vertex -2.59094 19.6802 9.5125
      vertex -3.87254 19.4686 9.54375
    endloop
  endfacet
  facet normal 0.162901 -0.986642 0
    outer loop
      vertex -2.59094 19.6802 9.5125
      vertex -3.87254 19.4686 8.14375
      vertex -2.59094 19.6802 8.1125
    endloop
  endfacet
  facet normal 0.0377572 -0.367219 -0.929368
    outer loop
      vertex -3.16432 18.9792 9.76619
      vertex -2.59094 19.6802 9.5125
      vertex -2.97149 19.0071 9.763
    endloop
  endfacet
  facet normal 0.0380005 -0.367386 -0.929292
    outer loop
      vertex -3.87254 19.4686 9.54375
      vertex -3.16432 18.9792 9.76619
      vertex -3.75804 18.893 9.77599
    endloop
  endfacet
  facet normal 0.0379987 -0.367389 -0.929291
    outer loop
      vertex -3.16432 18.9792 9.76619
      vertex -3.87254 19.4686 9.54375
      vertex -2.59094 19.6802 9.5125
    endloop
  endfacet
  facet normal 0.0359303 -0.366342 -0.929786
    outer loop
      vertex -2.59094 19.6802 9.5125
      vertex -2.51103 19.0732 9.75475
      vertex -2.97149 19.0071 9.763
    endloop
  endfacet
  facet normal 0.107049 -0.352206 0.92978
    outer loop
      vertex -5.13756 19.1736 8.175
      vertex -4.74933 17.7247 7.58145
      vertex -3.62071 17.9879 7.55121
    endloop
  endfacet
  facet normal 0.105421 -0.353955 0.929302
    outer loop
      vertex -3.87254 19.4686 8.14375
      vertex -3.62071 17.9879 7.55121
      vertex -3.57991 17.9974 7.5502
    endloop
  endfacet
  facet normal 0.105495 -0.353941 0.929299
    outer loop
      vertex -3.62071 17.9879 7.55121
      vertex -3.87254 19.4686 8.14375
      vertex -5.13756 19.1736 8.175
    endloop
  endfacet
  facet normal 0.227105 -0.97387 0
    outer loop
      vertex -5.13756 19.1736 8.175
      vertex -3.87254 19.4686 9.54375
      vertex -5.13756 19.1736 9.575
    endloop
  endfacet
  facet normal 0.227105 -0.97387 0
    outer loop
      vertex -3.87254 19.4686 9.54375
      vertex -5.13756 19.1736 8.175
      vertex -3.87254 19.4686 8.14375
    endloop
  endfacet
  facet normal 0.0620355 -0.364133 -0.929279
    outer loop
      vertex -4.42214 18.7524 9.7877
      vertex -3.87254 19.4686 9.54375
      vertex -4.19438 18.8009 9.7839
    endloop
  endfacet
  facet normal 0.0618991 -0.364139 -0.929286
    outer loop
      vertex -5.13756 19.1736 9.575
      vertex -4.42214 18.7524 9.7877
      vertex -4.99221 18.6312 9.79722
    endloop
  endfacet
  facet normal 0.0619443 -0.364073 -0.929308
    outer loop
      vertex -4.42214 18.7524 9.7877
      vertex -5.13756 19.1736 9.575
      vertex -3.87254 19.4686 9.54375
    endloop
  endfacet
  facet normal 0.0598157 -0.363241 -0.929773
    outer loop
      vertex -3.87254 19.4686 9.54375
      vertex -3.75804 18.893 9.77599
      vertex -4.19438 18.8009 9.7839
    endloop
  endfacet
  facet normal 0.129842 -0.344457 0.92978
    outer loop
      vertex -5.89841 17.3762 7.6127
      vertex -4.78943 17.7126 7.58246
      vertex -6.38057 18.7966 8.20625
    endloop
  endfacet
  facet normal 0.127937 -0.346419 0.929315
    outer loop
      vertex -5.13756 19.1736 8.175
      vertex -4.78943 17.7126 7.58246
      vertex -4.74933 17.7247 7.58145
    endloop
  endfacet
  facet normal 0.128395 -0.346302 0.929295
    outer loop
      vertex -4.78943 17.7126 7.58246
      vertex -5.13756 19.1736 8.175
      vertex -6.38057 18.7966 8.20625
    endloop
  endfacet
  facet normal 0.29024 -0.956954 0
    outer loop
      vertex -6.38057 18.7966 8.20625
      vertex -5.13756 19.1736 9.575
      vertex -6.38057 18.7966 9.60625
    endloop
  endfacet
  facet normal 0.29024 -0.956954 0
    outer loop
      vertex -5.13756 19.1736 9.575
      vertex -6.38057 18.7966 8.20625
      vertex -5.13756 19.1736 8.175
    endloop
  endfacet
  facet normal 0.0856902 -0.35932 -0.929272
    outer loop
      vertex -5.66376 18.4424 9.80921
      vertex -5.13756 19.1736 9.575
      vertex -5.40307 18.516 9.80479
    endloop
  endfacet
  facet normal 0.0856361 -0.359205 -0.929321
    outer loop
      vertex -6.38057 18.7966 9.60625
      vertex -5.66376 18.4424 9.80921
      vertex -6.20819 18.2887 9.81845
    endloop
  endfacet
  facet normal 0.0856005 -0.359265 -0.929301
    outer loop
      vertex -5.66376 18.4424 9.80921
      vertex -6.38057 18.7966 9.60625
      vertex -5.13756 19.1736 9.575
    endloop
  endfacet
  facet normal 0.0834084 -0.358572 -0.929768
    outer loop
      vertex -5.13756 19.1736 9.575
      vertex -4.99221 18.6312 9.79722
      vertex -5.40307 18.516 9.80479
    endloop
  endfacet
  facet normal 0.15209 -0.335233 0.929778
    outer loop
      vertex -7.02224 16.9532 7.64395
      vertex -5.93763 17.3614 7.61371
      vertex -7.59627 18.339 8.2375
    endloop
  endfacet
  facet normal 0.151113 -0.337031 0.929288
    outer loop
      vertex -6.38057 18.7966 8.20625
      vertex -5.93763 17.3614 7.61371
      vertex -5.89841 17.3762 7.6127
    endloop
  endfacet
  facet normal 0.150789 -0.337136 0.929302
    outer loop
      vertex -5.93763 17.3614 7.61371
      vertex -6.38057 18.7966 8.20625
      vertex -7.59627 18.339 8.2375
    endloop
  endfacet
  facet normal 0.352279 -0.935895 0
    outer loop
      vertex -7.59627 18.339 8.2375
      vertex -6.38057 18.7966 9.60625
      vertex -7.59627 18.339 9.6375
    endloop
  endfacet
  facet normal 0.352279 -0.935895 0
    outer loop
      vertex -6.38057 18.7966 9.60625
      vertex -7.59627 18.339 8.2375
      vertex -6.38057 18.7966 8.20625
    endloop
  endfacet
  facet normal 0.108885 -0.352862 -0.929318
    outer loop
      vertex -6.72687 18.1057 9.82801
      vertex -6.38057 18.7966 9.60625
      vertex -6.5925 18.1533 9.82568
    endloop
  endfacet
  facet normal 0.108944 -0.352877 -0.929306
    outer loop
      vertex -7.59627 18.339 9.6375
      vertex -6.72687 18.1057 9.82801
      vertex -7.40073 17.8669 9.83969
    endloop
  endfacet
  facet normal 0.108941 -0.352885 -0.929303
    outer loop
      vertex -6.72687 18.1057 9.82801
      vertex -7.59627 18.339 9.6375
      vertex -6.38057 18.7966 9.60625
    endloop
  endfacet
  facet normal 0.106624 -0.352282 -0.929801
    outer loop
      vertex -6.38057 18.7966 9.60625
      vertex -6.20819 18.2887 9.81845
      vertex -6.5925 18.1533 9.82568
    endloop
  endfacet
  facet normal 0.173699 -0.324562 0.929779
    outer loop
      vertex -8.116 16.4576 7.6752
      vertex -7.06041 16.9359 7.64496
      vertex -8.77943 17.8029 8.26875
    endloop
  endfacet
  facet normal 0.172587 -0.326535 0.929295
    outer loop
      vertex -7.59627 18.339 8.2375
      vertex -7.06041 16.9359 7.64496
      vertex -7.02224 16.9532 7.64395
    endloop
  endfacet
  facet normal 0.172514 -0.326565 0.929298
    outer loop
      vertex -7.06041 16.9359 7.64496
      vertex -7.59627 18.339 8.2375
      vertex -8.77943 17.8029 8.26875
    endloop
  endfacet
  facet normal 0.412718 -0.910859 0
    outer loop
      vertex -8.77943 17.8029 8.26875
      vertex -7.59627 18.339 9.6375
      vertex -8.77943 17.8029 9.66875
    endloop
  endfacet
  facet normal 0.412718 -0.910859 0
    outer loop
      vertex -7.59627 18.339 9.6375
      vertex -8.77943 17.8029 8.26875
      vertex -7.59627 18.339 8.2375
    endloop
  endfacet
  facet normal 0.131812 -0.345024 -0.929292
    outer loop
      vertex -8.07637 17.5772 9.85224
      vertex -7.59627 18.339 9.6375
      vertex -7.75767 17.7142 9.84658
    endloop
  endfacet
  facet normal 0.131754 -0.345073 -0.929282
    outer loop
      vertex -8.77943 17.8029 9.66875
      vertex -8.07637 17.5772 9.85224
      vertex -8.56463 17.3674 9.86092
    endloop
  endfacet
  facet normal 0.131781 -0.345007 -0.929303
    outer loop
      vertex -8.07637 17.5772 9.85224
      vertex -8.77943 17.8029 9.66875
      vertex -7.59627 18.339 9.6375
    endloop
  endfacet
  facet normal 0.129466 -0.344583 -0.929786
    outer loop
      vertex -7.59627 18.339 9.6375
      vertex -7.40073 17.8669 9.83969
      vertex -7.75767 17.7142 9.84658
    endloop
  endfacet
  facet normal 0.194553 -0.312513 0.929777
    outer loop
      vertex -9.175 15.8916 7.70645
      vertex -8.15295 16.4379 7.67621
      vertex -9.925 17.1906 8.3
    endloop
  endfacet
  facet normal 0.193204 -0.314735 0.929308
    outer loop
      vertex -8.77943 17.8029 8.26875
      vertex -8.15295 16.4379 7.67621
      vertex -8.116 16.4576 7.6752
    endloop
  endfacet
  facet normal 0.193499 -0.314594 0.929295
    outer loop
      vertex -8.15295 16.4379 7.67621
      vertex -8.77943 17.8029 8.26875
      vertex -9.925 17.1906 8.3
    endloop
  endfacet
  facet normal 0.471385 -0.881928 0
    outer loop
      vertex -9.925 17.1906 8.3
      vertex -8.77943 17.8029 9.66875
      vertex -9.925 17.1906 9.7
    endloop
  endfacet
  facet normal 0.471385 -0.881928 0
    outer loop
      vertex -8.77943 17.8029 9.66875
      vertex -9.925 17.1906 8.3
      vertex -8.77943 17.8029 8.26875
    endloop
  endfacet
  facet normal 0.154054 -0.335662 -0.9293
    outer loop
      vertex -9.23659 17.0255 9.87376
      vertex -8.77943 17.8029 9.66875
      vertex -8.89367 17.2003 9.86747
    endloop
  endfacet
  facet normal 0.154067 -0.335642 -0.929305
    outer loop
      vertex -9.925 17.1906 9.7
      vertex -9.23659 17.0255 9.87376
      vertex -9.69483 16.7919 9.88216
    endloop
  endfacet
  facet normal 0.15406 -0.335664 -0.929298
    outer loop
      vertex -9.23659 17.0255 9.87376
      vertex -9.925 17.1906 9.7
      vertex -8.77943 17.8029 9.66875
    endloop
  endfacet
  facet normal 0.151817 -0.335391 -0.929766
    outer loop
      vertex -8.77943 17.8029 9.66875
      vertex -8.56463 17.3674 9.86092
      vertex -8.89367 17.2003 9.86747
    endloop
  endfacet
  facet normal 0.214555 -0.299119 0.929782
    outer loop
      vertex -10.1947 15.2575 7.7377
      vertex -9.21058 15.8694 7.70746
      vertex -11.0281 16.5047 8.33125
    endloop
  endfacet
  facet normal 0.214163 -0.300962 0.929277
    outer loop
      vertex -9.925 17.1906 8.3
      vertex -9.21058 15.8694 7.70746
      vertex -9.175 15.8916 7.70645
    endloop
  endfacet
  facet normal 0.213644 -0.301254 0.929302
    outer loop
      vertex -9.21058 15.8694 7.70746
      vertex -9.925 17.1906 8.3
      vertex -11.0281 16.5047 8.33125
    endloop
  endfacet
  facet normal 0.528039 -0.84922 0
    outer loop
      vertex -11.0281 16.5047 8.33125
      vertex -9.925 17.1906 9.7
      vertex -11.0281 16.5047 9.73125
    endloop
  endfacet
  facet normal 0.528039 -0.84922 0
    outer loop
      vertex -9.925 17.1906 9.7
      vertex -11.0281 16.5047 8.33125
      vertex -9.925 17.1906 8.3
    endloop
  endfacet
  facet normal 0.175389 -0.324824 -0.92937
    outer loop
      vertex -10.1249 16.5367 9.89082
      vertex -9.925 17.1906 9.7
      vertex -9.9957 16.6135 9.88836
    endloop
  endfacet
  facet normal 0.175691 -0.324868 -0.929297
    outer loop
      vertex -11.0281 16.5047 9.73125
      vertex -10.1249 16.5367 9.89082
      vertex -10.7864 16.143 9.90339
    endloop
  endfacet
  facet normal 0.17569 -0.324893 -0.929289
    outer loop
      vertex -10.1249 16.5367 9.89082
      vertex -11.0281 16.5047 9.73125
      vertex -9.925 17.1906 9.7
    endloop
  endfacet
  facet normal 0.173378 -0.324714 -0.929786
    outer loop
      vertex -9.925 17.1906 9.7
      vertex -9.69483 16.7919 9.88216
      vertex -9.9957 16.6135 9.88836
    endloop
  endfacet
  facet normal 0.233685 -0.284425 0.929782
    outer loop
      vertex -11.1708 14.558 7.76895
      vertex -10.2288 15.2331 7.73871
      vertex -12.0839 15.7481 8.3625
    endloop
  endfacet
  facet normal 0.232714 -0.28676 0.929308
    outer loop
      vertex -11.0281 16.5047 8.33125
      vertex -10.2288 15.2331 7.73871
      vertex -10.1947 15.2575 7.7377
    endloop
  endfacet
  facet normal 0.23291 -0.286632 0.929298
    outer loop
      vertex -10.2288 15.2331 7.73871
      vertex -11.0281 16.5047 8.33125
      vertex -12.0839 15.7481 8.3625
    endloop
  endfacet
  facet normal 0.58249 -0.812838 0
    outer loop
      vertex -12.0839 15.7481 8.3625
      vertex -11.0281 16.5047 9.73125
      vertex -12.0839 15.7481 9.7625
    endloop
  endfacet
  facet normal 0.58249 -0.812838 0
    outer loop
      vertex -11.0281 16.5047 9.73125
      vertex -12.0839 15.7481 8.3625
      vertex -11.0281 16.5047 8.33125
    endloop
  endfacet
  facet normal 0.196501 -0.312635 -0.929326
    outer loop
      vertex -11.4389 15.695 9.91678
      vertex -11.0281 16.5047 9.73125
      vertex -11.0591 15.9561 9.90925
    endloop
  endfacet
  facet normal 0.196547 -0.312646 -0.929312
    outer loop
      vertex -12.0839 15.7481 9.7625
      vertex -11.4389 15.695 9.91678
      vertex -11.8345 15.423 9.92462
    endloop
  endfacet
  facet normal 0.196546 -0.312654 -0.92931
    outer loop
      vertex -11.4389 15.695 9.91678
      vertex -12.0839 15.7481 9.7625
      vertex -11.0281 16.5047 9.73125
    endloop
  endfacet
  facet normal 0.194306 -0.312658 -0.92978
    outer loop
      vertex -11.0281 16.5047 9.73125
      vertex -10.7864 16.143 9.90339
      vertex -11.0591 15.9561 9.90925
    endloop
  endfacet
  facet normal 0.251792 -0.268551 0.929775
    outer loop
      vertex -12.099 13.7963 7.8002
      vertex -11.2032 14.5315 7.76996
      vertex -13.088 14.924 8.39375
    endloop
  endfacet
  facet normal 0.250721 -0.271123 0.929318
    outer loop
      vertex -12.0839 15.7481 8.3625
      vertex -11.2032 14.5315 7.76996
      vertex -11.1708 14.558 7.76895
    endloop
  endfacet
  facet normal 0.251167 -0.270788 0.929295
    outer loop
      vertex -11.2032 14.5315 7.76996
      vertex -12.0839 15.7481 8.3625
      vertex -13.088 14.924 8.39375
    endloop
  endfacet
  facet normal 0.634419 -0.772989 0
    outer loop
      vertex -13.088 14.924 8.39375
      vertex -12.0839 15.7481 9.7625
      vertex -13.088 14.924 9.79375
    endloop
  endfacet
  facet normal 0.634419 -0.772989 0
    outer loop
      vertex -12.0839 15.7481 9.7625
      vertex -13.088 14.924 8.39375
      vertex -12.0839 15.7481 8.3625
    endloop
  endfacet
  facet normal 0.216594 -0.299133 -0.929304
    outer loop
      vertex -12.2014 15.1343 9.93269
      vertex -12.0839 15.7481 9.7625
      vertex -12.0793 15.2306 9.93015
    endloop
  endfacet
  facet normal 0.216598 -0.299195 -0.929283
    outer loop
      vertex -13.088 14.924 9.79375
      vertex -12.2014 15.1343 9.93269
      vertex -12.8346 14.635 9.94586
    endloop
  endfacet
  facet normal 0.216586 -0.299132 -0.929306
    outer loop
      vertex -12.2014 15.1343 9.93269
      vertex -13.088 14.924 9.79375
      vertex -12.0839 15.7481 9.7625
    endloop
  endfacet
  facet normal 0.21424 -0.299312 -0.929792
    outer loop
      vertex -11.8345 15.423 9.92462
      vertex -12.0793 15.2306 9.93015
      vertex -12.0839 15.7481 9.7625
    endloop
  endfacet
  facet normal 0.268798 -0.251493 0.929784
    outer loop
      vertex -12.9754 12.9754 7.83145
      vertex -12.1296 13.7676 7.80121
      vertex -14.0361 14.0361 8.425
    endloop
  endfacet
  facet normal 0.268535 -0.25361 0.929285
    outer loop
      vertex -13.088 14.924 8.39375
      vertex -12.1296 13.7676 7.80121
      vertex -12.099 13.7963 7.8002
    endloop
  endfacet
  facet normal 0.268314 -0.253799 0.929297
    outer loop
      vertex -12.1296 13.7676 7.80121
      vertex -13.088 14.924 8.39375
      vertex -14.0361 14.0361 8.425
    endloop
  endfacet
  facet normal 0.683554 -0.7299 0
    outer loop
      vertex -14.0361 14.0361 8.425
      vertex -13.088 14.924 9.79375
      vertex -14.0361 14.0361 9.825
    endloop
  endfacet
  facet normal 0.683554 -0.7299 0
    outer loop
      vertex -13.088 14.924 9.79375
      vertex -14.0361 14.0361 8.425
      vertex -13.088 14.924 8.39375
    endloop
  endfacet
  facet normal 0.235712 -0.28436 -0.92929
    outer loop
      vertex -13.4509 14.0805 9.95981
      vertex -13.088 14.924 9.79375
      vertex -13.0519 14.4399 9.95104
    endloop
  endfacet
  facet normal 0.235655 -0.284404 -0.929291
    outer loop
      vertex -14.0361 14.0361 9.825
      vertex -13.4509 14.0805 9.95981
      vertex -13.7822 13.7822 9.96709
    endloop
  endfacet
  facet normal 0.235655 -0.284339 -0.929311
    outer loop
      vertex -13.4509 14.0805 9.95981
      vertex -14.0361 14.0361 9.825
      vertex -13.088 14.924 9.79375
    endloop
  endfacet
  facet normal 0.233436 -0.284684 -0.929765
    outer loop
      vertex -12.8346 14.635 9.94586
      vertex -13.0519 14.4399 9.95104
      vertex -13.088 14.924 9.79375
    endloop
  endfacet
  facet normal 0.284682 -0.233399 0.929775
    outer loop
      vertex -13.7963 12.099 7.8627
      vertex -13.0041 12.9448 7.83246
      vertex -14.924 13.088 8.45625
    endloop
  endfacet
  facet normal 0.284172 -0.235854 0.929311
    outer loop
      vertex -14.0361 14.0361 8.425
      vertex -13.0041 12.9448 7.83246
      vertex -12.9754 12.9754 7.83145
    endloop
  endfacet
  facet normal 0.284358 -0.235673 0.9293
    outer loop
      vertex -13.0041 12.9448 7.83246
      vertex -14.0361 14.0361 8.425
      vertex -14.924 13.088 8.45625
    endloop
  endfacet
  facet normal 0.7299 -0.683554 0
    outer loop
      vertex -14.924 13.088 8.45625
      vertex -14.0361 14.0361 9.825
      vertex -14.924 13.088 9.85625
    endloop
  endfacet
  facet normal 0.7299 -0.683554 0
    outer loop
      vertex -14.0361 14.0361 9.825
      vertex -14.924 13.088 8.45625
      vertex -14.0361 14.0361 8.425
    endloop
  endfacet
  facet normal 0.253483 -0.268332 -0.929378
    outer loop
      vertex -14.085 13.4719 9.97456
      vertex -14.0361 14.0361 9.825
      vertex -13.9728 13.587 9.97193
    endloop
  endfacet
  facet normal 0.253818 -0.268322 -0.92929
    outer loop
      vertex -14.924 13.088 9.85625
      vertex -14.085 13.4719 9.97456
      vertex -14.6731 12.8679 9.98833
    endloop
  endfacet
  facet normal 0.253824 -0.268337 -0.929284
    outer loop
      vertex -14.085 13.4719 9.97456
      vertex -14.924 13.088 9.85625
      vertex -14.0361 14.0361 9.825
    endloop
  endfacet
  facet normal 0.251603 -0.268727 -0.929775
    outer loop
      vertex -13.7822 13.7822 9.96709
      vertex -13.9728 13.587 9.97193
      vertex -14.0361 14.0361 9.825
    endloop
  endfacet
  facet normal 0.299321 -0.214271 0.929782
    outer loop
      vertex -14.558 11.1708 7.89395
      vertex -13.8228 12.0666 7.86371
      vertex -15.7481 12.0839 8.4875
    endloop
  endfacet
  facet normal 0.299606 -0.21608 0.929272
    outer loop
      vertex -14.924 13.088 8.45625
      vertex -13.8228 12.0666 7.86371
      vertex -13.7963 12.099 7.8627
    endloop
  endfacet
  facet normal 0.299144 -0.216596 0.929301
    outer loop
      vertex -13.8228 12.0666 7.86371
      vertex -14.924 13.088 8.45625
      vertex -15.7481 12.0839 8.4875
    endloop
  endfacet
  facet normal 0.772989 -0.634419 0
    outer loop
      vertex -15.7481 12.0839 8.4875
      vertex -14.924 13.088 9.85625
      vertex -15.7481 12.0839 9.8875
    endloop
  endfacet
  facet normal 0.772989 -0.634419 0
    outer loop
      vertex -14.924 13.088 9.85625
      vertex -15.7481 12.0839 8.4875
      vertex -14.924 13.088 8.45625
    endloop
  endfacet
  facet normal 0.270857 -0.251161 -0.929277
    outer loop
      vertex -15.2361 12.2092 10.0028
      vertex -14.924 13.088 9.85625
      vertex -14.8381 12.6753 9.99283
    endloop
  endfacet
  facet normal 0.270757 -0.251247 -0.929282
    outer loop
      vertex -15.7481 12.0839 9.8875
      vertex -15.2361 12.2092 10.0028
      vertex -15.5033 11.8961 10.0096
    endloop
  endfacet
  facet normal 0.270736 -0.251125 -0.929321
    outer loop
      vertex -15.2361 12.2092 10.0028
      vertex -15.7481 12.0839 9.8875
      vertex -14.924 13.088 9.85625
    endloop
  endfacet
  facet normal 0.268563 -0.251801 -0.929769
    outer loop
      vertex -14.6731 12.8679 9.98833
      vertex -14.8381 12.6753 9.99283
      vertex -14.924 13.088 9.85625
    endloop
  endfacet
  facet normal 0.31269 -0.194247 0.929781
    outer loop
      vertex -15.2575 10.1947 7.9252
      vertex -14.5824 11.1367 7.89496
      vertex -16.5047 11.0281 8.51875
    endloop
  endfacet
  facet normal 0.312843 -0.196328 0.929293
    outer loop
      vertex -15.7481 12.0839 8.4875
      vertex -14.5824 11.1367 7.89496
      vertex -14.558 11.1708 7.89395
    endloop
  endfacet
  facet normal 0.312665 -0.196554 0.929304
    outer loop
      vertex -14.5824 11.1367 7.89496
      vertex -15.7481 12.0839 8.4875
      vertex -16.5047 11.0281 8.51875
    endloop
  endfacet
  facet normal 0.812838 -0.58249 0
    outer loop
      vertex -16.5047 11.0281 8.51875
      vertex -15.7481 12.0839 9.8875
      vertex -16.5047 11.0281 9.91875
    endloop
  endfacet
  facet normal 0.812838 -0.58249 0
    outer loop
      vertex -15.7481 12.0839 9.8875
      vertex -16.5047 11.0281 8.51875
      vertex -15.7481 12.0839 8.4875
    endloop
  endfacet
  facet normal 0.286652 -0.232844 -0.929309
    outer loop
      vertex -15.7431 11.5756 10.0164
      vertex -15.7481 12.0839 9.8875
      vertex -15.6439 11.7085 10.0137
    endloop
  endfacet
  facet normal 0.28659 -0.232913 -0.92931
    outer loop
      vertex -16.5047 11.0281 9.91875
      vertex -15.7431 11.5756 10.0164
      vertex -16.2692 10.8708 10.0308
    endloop
  endfacet
  facet normal 0.28655 -0.232852 -0.929338
    outer loop
      vertex -15.7431 11.5756 10.0164
      vertex -16.5047 11.0281 9.91875
      vertex -15.7481 12.0839 9.8875
    endloop
  endfacet
  facet normal 0.284551 -0.233582 -0.929769
    outer loop
      vertex -15.5033 11.8961 10.0096
      vertex -15.6439 11.7085 10.0137
      vertex -15.7481 12.0839 9.8875
    endloop
  endfacet
  facet normal 0.324738 -0.17338 0.929777
    outer loop
      vertex -15.8916 9.175 7.95645
      vertex -15.2796 10.1591 7.92621
      vertex -17.1906 9.925 8.55
    endloop
  endfacet
  facet normal 0.325039 -0.175415 0.92929
    outer loop
      vertex -16.5047 11.0281 8.51875
      vertex -15.2796 10.1591 7.92621
      vertex -15.2575 10.1947 7.9252
    endloop
  endfacet
  facet normal 0.324864 -0.175671 0.929303
    outer loop
      vertex -15.2796 10.1591 7.92621
      vertex -16.5047 11.0281 8.51875
      vertex -17.1906 9.925 8.55
    endloop
  endfacet
  facet normal 0.84922 -0.528039 0
    outer loop
      vertex -17.1906 9.925 8.55
      vertex -16.5047 11.0281 9.91875
      vertex -17.1906 9.925 9.95
    endloop
  endfacet
  facet normal 0.84922 -0.528039 0
    outer loop
      vertex -16.5047 11.0281 9.91875
      vertex -17.1906 9.925 8.55
      vertex -16.5047 11.0281 8.51875
    endloop
  endfacet
  facet normal 0.301157 -0.213645 -0.929333
    outer loop
      vertex -16.7618 10.1126 10.0459
      vertex -16.5047 11.0281 9.91875
      vertex -16.3867 10.6905 10.0346
    endloop
  endfacet
  facet normal 0.301248 -0.213495 -0.929338
    outer loop
      vertex -16.7618 10.1126 10.0459
      vertex -16.9673 9.79608 10.052
      vertex -17.1906 9.925 9.95
    endloop
  endfacet
  facet normal 0.301315 -0.213681 -0.929274
    outer loop
      vertex -16.7618 10.1126 10.0459
      vertex -17.1906 9.925 9.95
      vertex -16.5047 11.0281 9.91875
    endloop
  endfacet
  facet normal 0.299105 -0.214521 -0.929794
    outer loop
      vertex -16.2692 10.8708 10.0308
      vertex -16.3867 10.6905 10.0346
      vertex -16.5047 11.0281 9.91875
    endloop
  endfacet
  facet normal 0.335383 -0.151757 0.929779
    outer loop
      vertex -16.4576 8.116 7.9877
      vertex -15.9113 9.13805 7.95746
      vertex -17.8029 8.77943 8.58125
    endloop
  endfacet
  facet normal 0.335886 -0.153678 0.929281
    outer loop
      vertex -17.1906 9.925 8.55
      vertex -15.9113 9.13805 7.95746
      vertex -15.8916 9.175 7.95645
    endloop
  endfacet
  facet normal 0.335661 -0.154058 0.9293
    outer loop
      vertex -15.9113 9.13805 7.95746
      vertex -17.1906 9.925 8.55
      vertex -17.8029 8.77943 8.58125
    endloop
  endfacet
  facet normal 0.881928 -0.471385 0
    outer loop
      vertex -17.8029 8.77943 8.58125
      vertex -17.1906 9.925 9.95
      vertex -17.8029 8.77943 9.98125
    endloop
  endfacet
  facet normal 0.881928 -0.471385 0
    outer loop
      vertex -17.1906 9.925 9.95
      vertex -17.8029 8.77943 8.58125
      vertex -17.1906 9.925 8.55
    endloop
  endfacet
  facet normal 0.314469 -0.193554 -0.929326
    outer loop
      vertex -17.1469 9.47601 10.0583
      vertex -17.1906 9.925 9.95
      vertex -17.0633 9.62528 10.0555
    endloop
  endfacet
  facet normal 0.314733 -0.193615 -0.929224
    outer loop
      vertex -17.8029 8.77943 9.98125
      vertex -17.1469 9.47601 10.0583
      vertex -17.5944 8.67658 10.0733
    endloop
  endfacet
  facet normal 0.314643 -0.193524 -0.929273
    outer loop
      vertex -17.1469 9.47601 10.0583
      vertex -17.8029 8.77943 9.98125
      vertex -17.1906 9.925 9.95
    endloop
  endfacet
  facet normal 0.312362 -0.19462 -0.929813
    outer loop
      vertex -16.9673 9.79608 10.052
      vertex -17.0633 9.62528 10.0555
      vertex -17.1906 9.925 9.95
    endloop
  endfacet
  facet normal 0.344589 -0.129502 0.929778
    outer loop
      vertex -18.339 7.59627 8.6125
      vertex -16.9532 7.02224 8.01895
      vertex -16.4749 8.07783 7.98871
    endloop
  endfacet
  facet normal 0.345019 -0.131785 0.929298
    outer loop
      vertex -17.8029 8.77943 8.58125
      vertex -16.4749 8.07783 7.98871
      vertex -16.4576 8.116 7.9877
    endloop
  endfacet
  facet normal 0.345019 -0.131786 0.929298
    outer loop
      vertex -16.4749 8.07783 7.98871
      vertex -17.8029 8.77943 8.58125
      vertex -18.339 7.59627 8.6125
    endloop
  endfacet
  facet normal 0.910859 -0.412718 0
    outer loop
      vertex -18.339 7.59627 8.6125
      vertex -17.8029 8.77943 9.98125
      vertex -18.339 7.59627 10.0125
    endloop
  endfacet
  facet normal 0.910859 -0.412718 0
    outer loop
      vertex -17.8029 8.77943 9.98125
      vertex -18.339 7.59627 8.6125
      vertex -17.8029 8.77943 8.58125
    endloop
  endfacet
  facet normal 0.326905 -0.172376 -0.929204
    outer loop
      vertex -17.7454 8.36047 10.0792
      vertex -17.8029 8.77943 9.98125
      vertex -17.6707 8.51723 10.0764
    endloop
  endfacet
  facet normal 0.326611 -0.172591 -0.929267
    outer loop
      vertex -18.339 7.59627 10.0125
      vertex -17.7454 8.36047 10.0792
      vertex -18.1476 7.51697 10.0945
    endloop
  endfacet
  facet normal 0.326462 -0.172469 -0.929342
    outer loop
      vertex -17.7454 8.36047 10.0792
      vertex -18.339 7.59627 10.0125
      vertex -17.8029 8.77943 9.98125
    endloop
  endfacet
  facet normal 0.324812 -0.173613 -0.929707
    outer loop
      vertex -17.5944 8.67658 10.0733
      vertex -17.6707 8.51723 10.0764
      vertex -17.8029 8.77943 9.98125
    endloop
  endfacet
  facet normal 0.352311 -0.106704 0.92978
    outer loop
      vertex -18.7966 6.38057 8.64375
      vertex -17.3762 5.89841 8.0502
      vertex -16.9679 6.98302 8.01996
    endloop
  endfacet
  facet normal 0.353109 -0.108417 0.929279
    outer loop
      vertex -18.339 7.59627 8.6125
      vertex -16.9679 6.98302 8.01996
      vertex -16.9532 7.02224 8.01895
    endloop
  endfacet
  facet normal 0.352885 -0.108941 0.929303
    outer loop
      vertex -16.9679 6.98302 8.01996
      vertex -18.339 7.59627 8.6125
      vertex -18.7966 6.38057 8.64375
    endloop
  endfacet
  facet normal 0.935895 -0.352279 0
    outer loop
      vertex -18.7966 6.38057 8.64375
      vertex -18.339 7.59627 10.0125
      vertex -18.7966 6.38057 10.0437
    endloop
  endfacet
  facet normal 0.935895 -0.352279 0
    outer loop
      vertex -18.339 7.59627 10.0125
      vertex -18.7966 6.38057 8.64375
      vertex -18.339 7.59627 8.6125
    endloop
  endfacet
  facet normal 0.33715 -0.15079 -0.929297
    outer loop
      vertex -18.5036 6.6249 10.1104
      vertex -18.339 7.59627 10.0125
      vertex -18.2061 7.37081 10.0973
    endloop
  endfacet
  facet normal 0.337198 -0.150677 -0.929297
    outer loop
      vertex -18.7966 6.38057 10.0437
      vertex -18.5036 6.6249 10.1104
      vertex -18.6243 6.3221 10.1157
    endloop
  endfacet
  facet normal 0.337295 -0.150809 -0.929241
    outer loop
      vertex -18.5036 6.6249 10.1104
      vertex -18.7966 6.38057 10.0437
      vertex -18.339 7.59627 10.0125
    endloop
  endfacet
  facet normal 0.335338 -0.152029 -0.92975
    outer loop
      vertex -18.1476 7.51697 10.0945
      vertex -18.2061 7.37081 10.0973
      vertex -18.339 7.59627 10.0125
    endloop
  endfacet
  facet normal 0.358541 -0.0834063 0.92978
    outer loop
      vertex -17.7247 4.74933 8.08145
      vertex -17.3883 5.85832 8.05121
      vertex -19.1736 5.13756 8.675
    endloop
  endfacet
  facet normal 0.359444 -0.085076 0.92928
    outer loop
      vertex -18.7966 6.38057 8.64375
      vertex -17.3883 5.85832 8.05121
      vertex -17.3762 5.89841 8.0502
    endloop
  endfacet
  facet normal 0.35926 -0.0855988 0.929304
    outer loop
      vertex -17.3883 5.85832 8.05121
      vertex -18.7966 6.38057 8.64375
      vertex -19.1736 5.13756 8.675
    endloop
  endfacet
  facet normal 0.956954 -0.29024 0
    outer loop
      vertex -19.1736 5.13756 8.675
      vertex -18.7966 6.38057 10.0437
      vertex -19.1736 5.13756 10.075
    endloop
  endfacet
  facet normal 0.956954 -0.29024 0
    outer loop
      vertex -18.7966 6.38057 10.0437
      vertex -19.1736 5.13756 8.675
      vertex -18.7966 6.38057 8.64375
    endloop
  endfacet
  facet normal 0.346472 -0.128481 -0.92922
    outer loop
      vertex -18.7225 6.02061 10.1211
      vertex -18.7966 6.38057 10.0437
      vertex -18.6672 6.19071 10.1182
    endloop
  endfacet
  facet normal 0.34656 -0.12853 -0.92918
    outer loop
      vertex -19.1736 5.13756 10.075
      vertex -18.7225 6.02061 10.1211
      vertex -19.0224 5.09703 10.137
    endloop
  endfacet
  facet normal 0.34647 -0.128482 -0.929221
    outer loop
      vertex -18.7225 6.02061 10.1211
      vertex -19.1736 5.13756 10.075
      vertex -18.7966 6.38057 10.0437
    endloop
  endfacet
  facet normal 0.344369 -0.130131 -0.929772
    outer loop
      vertex -18.7966 6.38057 10.0437
      vertex -18.6243 6.3221 10.1157
      vertex -18.6672 6.19071 10.1182
    endloop
  endfacet
  facet normal 0.363229 -0.059763 0.929781
    outer loop
      vertex -17.9974 3.57991 8.1127
      vertex -17.7343 4.70852 8.08246
      vertex -19.4686 3.87254 8.70625
    endloop
  endfacet
  facet normal 0.363926 -0.062609 0.929321
    outer loop
      vertex -19.1736 5.13756 8.675
      vertex -17.7343 4.70852 8.08246
      vertex -17.7247 4.74933 8.08145
    endloop
  endfacet
  facet normal 0.36411 -0.0619531 0.929293
    outer loop
      vertex -17.7343 4.70852 8.08246
      vertex -19.1736 5.13756 8.675
      vertex -19.4686 3.87254 8.70625
    endloop
  endfacet
  facet normal 0.97387 -0.227105 0
    outer loop
      vertex -19.4686 3.87254 8.70625
      vertex -19.1736 5.13756 10.075
      vertex -19.4686 3.87254 10.1062
    endloop
  endfacet
  facet normal 0.97387 -0.227105 0
    outer loop
      vertex -19.1736 5.13756 10.075
      vertex -19.4686 3.87254 8.70625
      vertex -19.1736 5.13756 8.675
    endloop
  endfacet
  facet normal 0.354238 -0.105357 -0.929202
    outer loop
      vertex -19.0965 4.80588 10.142
      vertex -19.1736 5.13756 10.075
      vertex -19.0518 4.98175 10.1391
    endloop
  endfacet
  facet normal 0.354159 -0.105553 -0.929209
    outer loop
      vertex -19.4686 3.87254 10.1062
      vertex -19.0965 4.80588 10.142
      vertex -19.3398 3.84693 10.1582
    endloop
  endfacet
  facet normal 0.353919 -0.105453 -0.929312
    outer loop
      vertex -19.0965 4.80588 10.142
      vertex -19.4686 3.87254 10.1062
      vertex -19.1736 5.13756 10.075
    endloop
  endfacet
  facet normal 0.35257 -0.106852 -0.929665
    outer loop
      vertex -19.1736 5.13756 10.075
      vertex -19.0224 5.09703 10.137
      vertex -19.0518 4.98175 10.1391
    endloop
  endfacet
  facet normal 0.366355 -0.0359028 0.929782
    outer loop
      vertex -18.193 2.39516 8.14395
      vertex -18.0042 3.53856 8.11371
      vertex -19.6802 2.59094 8.7375
    endloop
  endfacet
  facet normal 0.367416 -0.0377229 0.929291
    outer loop
      vertex -19.4686 3.87254 8.70625
      vertex -18.0042 3.53856 8.11371
      vertex -17.9974 3.57991 8.1127
    endloop
  endfacet
  facet normal 0.367359 -0.0379934 0.929303
    outer loop
      vertex -18.0042 3.53856 8.11371
      vertex -19.4686 3.87254 8.70625
      vertex -19.6802 2.59094 8.7375
    endloop
  endfacet
  facet normal 0.986642 -0.162901 0
    outer loop
      vertex -19.6802 2.59094 8.7375
      vertex -19.4686 3.87254 10.1062
      vertex -19.6802 2.59094 10.1375
    endloop
  endfacet
  facet normal 0.986642 -0.162901 0
    outer loop
      vertex -19.4686 3.87254 10.1062
      vertex -19.6802 2.59094 8.7375
      vertex -19.4686 3.87254 8.70625
    endloop
  endfacet
  facet normal 0.360691 -0.0821791 -0.929058
    outer loop
      vertex -19.3917 3.56792 10.163
      vertex -19.4686 3.87254 10.1062
      vertex -19.3582 3.74887 10.16
    endloop
  endfacet
  facet normal 0.359751 -0.0819745 -0.92944
    outer loop
      vertex -19.6802 2.59094 10.1375
      vertex -19.3917 3.56792 10.163
      vertex -19.5751 2.57711 10.1794
    endloop
  endfacet
  facet normal 0.360558 -0.0822215 -0.929106
    outer loop
      vertex -19.3917 3.56792 10.163
      vertex -19.6802 2.59094 10.1375
      vertex -19.4686 3.87254 10.1062
    endloop
  endfacet
  facet normal 0.358568 -0.0843471 -0.929685
    outer loop
      vertex -19.4686 3.87254 10.1062
      vertex -19.3398 3.84693 10.1582
      vertex -19.3582 3.74887 10.16
    endloop
  endfacet
  facet normal 0.367923 -0.0118611 0.92978
    outer loop
      vertex -18.3107 1.20015 8.1752
      vertex -18.1971 2.35346 8.14496
      vertex -19.8075 1.29825 8.76875
    endloop
  endfacet
  facet normal 0.239191 0 0.970973
    outer loop
      vertex -18.193 2.39516 8.14395
      vertex -18.1971 2.35346 8.14496
      vertex -18.193 2.39515 8.14395
    endloop
  endfacet
  facet normal 0.369074 -0.0137797 0.929298
    outer loop
      vertex -19.6802 2.59094 8.7375
      vertex -18.1971 2.35346 8.14496
      vertex -18.193 2.39516 8.14395
    endloop
  endfacet
  facet normal 0.36906 -0.0138785 0.929302
    outer loop
      vertex -18.1971 2.35346 8.14496
      vertex -19.6802 2.59094 8.7375
      vertex -19.8075 1.29825 8.76875
    endloop
  endfacet
  facet normal 0.995186 -0.0980028 0
    outer loop
      vertex -19.8075 1.29825 8.76875
      vertex -19.6802 2.59094 10.1375
      vertex -19.8075 1.29825 10.1687
    endloop
  endfacet
  facet normal 0.995186 -0.0980028 0
    outer loop
      vertex -19.6802 2.59094 10.1375
      vertex -19.8075 1.29825 8.76875
      vertex -19.6802 2.59094 8.7375
    endloop
  endfacet
  facet normal 0.364917 -0.0584134 -0.929206
    outer loop
      vertex -19.6968 1.5487 10.1965
      vertex -19.6802 2.59094 10.1375
      vertex -19.5847 2.49716 10.1809
    endloop
  endfacet
  facet normal 0.365464 -0.0584185 -0.928991
    outer loop
      vertex -19.8075 1.29825 10.1687
      vertex -19.6968 1.5487 10.1965
      vertex -19.727 1.29298 10.2007
    endloop
  endfacet
  facet normal 0.365447 -0.05841 -0.928998
    outer loop
      vertex -19.6968 1.5487 10.1965
      vertex -19.8075 1.29825 10.1687
      vertex -19.6802 2.59094 10.1375
    endloop
  endfacet
  facet normal 0.362698 -0.0609977 -0.929908
    outer loop
      vertex -19.6802 2.59094 10.1375
      vertex -19.5751 2.57711 10.1794
      vertex -19.5847 2.49716 10.1809
    endloop
  endfacet
  facet normal 0.367914 0.012236 0.929779
    outer loop
      vertex -18.35 0 8.20645
      vertex -18.3121 1.15827 8.17621
      vertex -19.85 0 8.8
    endloop
  endfacet
  facet normal 0.369173 0.0100706 0.929306
    outer loop
      vertex -19.8075 1.29825 8.76875
      vertex -18.3121 1.15827 8.17621
      vertex -18.3107 1.20015 8.1752
    endloop
  endfacet
  facet normal 0.369189 0.0102831 0.929297
    outer loop
      vertex -18.3121 1.15827 8.17621
      vertex -19.8075 1.29825 8.76875
      vertex -19.85 0 8.8
    endloop
  endfacet
  facet normal 0.999465 -0.0327188 0
    outer loop
      vertex -19.85 0 8.8
      vertex -19.8075 1.29825 10.1687
      vertex -19.85 0 10.2
    endloop
  endfacet
  facet normal 0.999465 -0.0327188 0
    outer loop
      vertex -19.8075 1.29825 10.1687
      vertex -19.85 0 8.8
      vertex -19.8075 1.29825 8.76875
    endloop
  endfacet
  facet normal 0.368908 -0.0340745 -0.928841
    outer loop
      vertex -19.7402 1.04282 10.2048
      vertex -19.8075 1.29825 10.1687
      vertex -19.7303 1.23178 10.2018
    endloop
  endfacet
  facet normal 0.367981 -0.0344683 -0.929194
    outer loop
      vertex -19.85 0 10.2
      vertex -19.7402 1.04282 10.2048
      vertex -19.7947 0 10.2219
    endloop
  endfacet
  facet normal 0.367748 -0.0344433 -0.929287
    outer loop
      vertex -19.7402 1.04282 10.2048
      vertex -19.85 0 10.2
      vertex -19.8075 1.29825 10.1687
    endloop
  endfacet
  facet normal 0.367089 -0.0365002 -0.929469
    outer loop
      vertex -19.8075 1.29825 10.1687
      vertex -19.727 1.29298 10.2007
      vertex -19.7303 1.23178 10.2018
    endloop
  endfacet
  facet normal 0.366324 0.0362612 0.92978
    outer loop
      vertex -18.3107 -1.20015 8.2377
      vertex -18.3486 -0.0418793 8.20746
      vertex -19.8075 -1.29825 8.83125
    endloop
  endfacet
  facet normal 0.36772 0.0347042 0.929289
    outer loop
      vertex -19.85 0 8.8
      vertex -18.3486 -0.0418793 8.20746
      vertex -18.35 0 8.20645
    endloop
  endfacet
  facet normal 0.367716 0.0344068 0.929301
    outer loop
      vertex -18.3486 -0.0418793 8.20746
      vertex -19.85 0 8.8
      vertex -19.8075 -1.29825 8.83125
    endloop
  endfacet
  facet normal 0.999465 0.0327188 -0
    outer loop
      vertex -19.8075 -1.29825 8.83125
      vertex -19.85 0 10.2
      vertex -19.8075 -1.29825 10.2312
    endloop
  endfacet
  facet normal 0.999465 0.0327188 0
    outer loop
      vertex -19.85 0 10.2
      vertex -19.8075 -1.29825 8.83125
      vertex -19.85 0 8.8
    endloop
  endfacet
  facet normal 0.369265 -0.0100232 -0.92927
    outer loop
      vertex -19.7775 -1.29629 10.2431
      vertex -19.8075 -1.29825 10.2312
      vertex -19.7805 -1.07305 10.2395
    endloop
  endfacet
  facet normal 0.370514 -0.0101913 -0.928771
    outer loop
      vertex -19.85 0 10.2
      vertex -19.7805 -1.07305 10.2395
      vertex -19.8075 -1.29825 10.2312
    endloop
  endfacet
  facet normal 0.368674 -0.0103373 -0.929501
    outer loop
      vertex -19.7805 -1.07305 10.2395
      vertex -19.85 0 10.2
      vertex -19.7942 -0.0420524 10.2226
    endloop
  endfacet
  facet normal 0.368177 -0.0110979 -0.929689
    outer loop
      vertex -19.7947 0 10.2219
      vertex -19.7942 -0.0420524 10.2226
      vertex -19.85 0 10.2
    endloop
  endfacet
  facet normal 0.363163 0.0601508 0.929782
    outer loop
      vertex -19.6802 -2.59094 8.8625
      vertex -18.193 -2.39515 8.26895
      vertex -18.3066 -1.24185 8.23871
    endloop
  endfacet
  facet normal 0.370675 0 0.928763
    outer loop
      vertex -18.193 -2.39515 8.26895
      vertex -19.6802 -2.59094 8.8625
      vertex -18.193 -2.39516 8.26895
    endloop
  endfacet
  facet normal 0.364685 0.0583645 0.9293
    outer loop
      vertex -19.8075 -1.29825 8.83125
      vertex -18.3066 -1.24185 8.23871
      vertex -18.3107 -1.20015 8.2377
    endloop
  endfacet
  facet normal 0.364684 0.0583782 0.929299
    outer loop
      vertex -18.3066 -1.24185 8.23871
      vertex -19.8075 -1.29825 8.83125
      vertex -19.6802 -2.59094 8.8625
    endloop
  endfacet
  facet normal 0.995186 0.0980028 -0
    outer loop
      vertex -19.6802 -2.59094 8.8625
      vertex -19.8075 -1.29825 10.2312
      vertex -19.6802 -2.59094 10.2625
    endloop
  endfacet
  facet normal 0.995186 0.0980028 0
    outer loop
      vertex -19.8075 -1.29825 10.2312
      vertex -19.6802 -2.59094 8.8625
      vertex -19.8075 -1.29825 8.83125
    endloop
  endfacet
  facet normal 0.373167 0.0141994 -0.927656
    outer loop
      vertex -19.6802 -2.59094 10.2625
      vertex -19.7605 -1.51284 10.2467
      vertex -19.6755 -2.59033 10.2644
    endloop
  endfacet
  facet normal 0.370022 0.0139466 -0.928918
    outer loop
      vertex -19.8075 -1.29825 10.2312
      vertex -19.7605 -1.51284 10.2467
      vertex -19.6802 -2.59094 10.2625
    endloop
  endfacet
  facet normal 0.369576 0.0138359 -0.929098
    outer loop
      vertex -19.7605 -1.51284 10.2467
      vertex -19.8075 -1.29825 10.2312
      vertex -19.7758 -1.31904 10.2435
    endloop
  endfacet
  facet normal 0.368065 0.0111568 -0.929733
    outer loop
      vertex -19.7775 -1.29629 10.2431
      vertex -19.7758 -1.31904 10.2435
      vertex -19.8075 -1.29825 10.2312
    endloop
  endfacet
  facet normal 0.358453 0.0837779 0.929781
    outer loop
      vertex -19.4686 -3.87254 8.89375
      vertex -17.9974 -3.57991 8.3002
      vertex -18.1862 -2.4365 8.26996
    endloop
  endfacet
  facet normal 0.360105 0.0819379 0.929307
    outer loop
      vertex -19.6802 -2.59094 8.8625
      vertex -18.1862 -2.4365 8.26996
      vertex -18.193 -2.39516 8.26895
    endloop
  endfacet
  facet normal 0.360084 0.0821117 0.929299
    outer loop
      vertex -18.1862 -2.4365 8.26996
      vertex -19.6802 -2.59094 8.8625
      vertex -19.4686 -3.87254 8.89375
    endloop
  endfacet
  facet normal 0.986638 0.162927 0
    outer loop
      vertex -19.6407 -2.83014 10.2683
      vertex -19.6802 -2.59094 8.8625
      vertex -19.6802 -2.59094 10.2625
    endloop
  endfacet
  facet normal 0.986643 0.162895 -5.318e-07
    outer loop
      vertex -19.4686 -3.87254 8.89375
      vertex -19.6407 -2.83014 10.2683
      vertex -19.5012 -3.67508 10.2683
    endloop
  endfacet
  facet normal 0.986644 0.162892 -0
    outer loop
      vertex -19.4686 -3.87254 8.89375
      vertex -19.5012 -3.67508 10.2683
      vertex -19.4686 -3.87254 10.2683
    endloop
  endfacet
  facet normal 0.986642 0.162901 -4.66321e-06
    outer loop
      vertex -19.6407 -2.83014 10.2683
      vertex -19.4686 -3.87254 8.89375
      vertex -19.6802 -2.59094 8.8625
    endloop
  endfacet
  facet normal 0.361389 0.0370867 -0.931677
    outer loop
      vertex -19.675 -2.59388 10.2644
      vertex -19.6407 -2.83014 10.2683
      vertex -19.6802 -2.59094 10.2625
    endloop
  endfacet
  facet normal 0.368487 0.0518996 -0.928183
    outer loop
      vertex -19.6755 -2.59033 10.2644
      vertex -19.675 -2.59388 10.2644
      vertex -19.6802 -2.59094 10.2625
    endloop
  endfacet
  facet normal 0.352206 0.107049 0.92978
    outer loop
      vertex -19.1736 -5.13756 8.925
      vertex -17.7247 -4.74933 8.33145
      vertex -17.9879 -3.62071 8.30121
    endloop
  endfacet
  facet normal 0.353955 0.105421 0.929302
    outer loop
      vertex -19.4686 -3.87254 8.89375
      vertex -17.9879 -3.62071 8.30121
      vertex -17.9974 -3.57991 8.3002
    endloop
  endfacet
  facet normal 0.353941 0.105495 0.929299
    outer loop
      vertex -17.9879 -3.62071 8.30121
      vertex -19.4686 -3.87254 8.89375
      vertex -19.1736 -5.13756 8.925
    endloop
  endfacet
  facet normal 0.97388 0.227064 0
    outer loop
      vertex -19.2191 -4.94265 10.2683
      vertex -19.4686 -3.87254 8.89375
      vertex -19.4686 -3.87254 10.2683
    endloop
  endfacet
  facet normal 0.973818 0.227329 -0
    outer loop
      vertex -19.1736 -5.13756 8.925
      vertex -19.2191 -4.94265 10.2683
      vertex -19.1736 -5.13756 10.2683
    endloop
  endfacet
  facet normal 0.97387 0.227105 3.42404e-05
    outer loop
      vertex -19.2191 -4.94265 10.2683
      vertex -19.1736 -5.13756 8.925
      vertex -19.4686 -3.87254 8.89375
    endloop
  endfacet
  facet normal 0.344457 0.129842 0.92978
    outer loop
      vertex -17.3762 -5.89841 8.3627
      vertex -17.7126 -4.78943 8.33246
      vertex -18.7966 -6.38057 8.95625
    endloop
  endfacet
  facet normal 0.346419 0.127937 0.929315
    outer loop
      vertex -19.1736 -5.13756 8.925
      vertex -17.7126 -4.78943 8.33246
      vertex -17.7247 -4.74933 8.33145
    endloop
  endfacet
  facet normal 0.346302 0.128395 0.929295
    outer loop
      vertex -17.7126 -4.78943 8.33246
      vertex -19.1736 -5.13756 8.925
      vertex -18.7966 -6.38057 8.95625
    endloop
  endfacet
  facet normal 0.956958 0.290227 0
    outer loop
      vertex -18.8547 -6.18906 10.2683
      vertex -19.1736 -5.13756 8.925
      vertex -19.1736 -5.13756 10.2683
    endloop
  endfacet
  facet normal 0.956932 0.290312 -0
    outer loop
      vertex -18.7966 -6.38057 8.95625
      vertex -18.8547 -6.18906 10.2683
      vertex -18.7966 -6.38057 10.2683
    endloop
  endfacet
  facet normal 0.956954 0.290241 1.1465e-05
    outer loop
      vertex -18.8547 -6.18906 10.2683
      vertex -18.7966 -6.38057 8.95625
      vertex -19.1736 -5.13756 8.925
    endloop
  endfacet
  facet normal 0.335233 0.15209 0.929778
    outer loop
      vertex -16.9532 -7.02224 8.39395
      vertex -17.3614 -5.93763 8.36371
      vertex -18.339 -7.59627 8.9875
    endloop
  endfacet
  facet normal 0.337144 0.150792 0.929299
    outer loop
      vertex -17.3762 -5.89841 8.3627
      vertex -18.7966 -6.38057 8.95625
      vertex -18.339 -7.59627 8.9875
    endloop
  endfacet
  facet normal 0.336791 0.151025 0.929389
    outer loop
      vertex -17.3614 -5.93763 8.36371
      vertex -17.3762 -5.89841 8.3627
      vertex -18.339 -7.59627 8.9875
    endloop
  endfacet
  facet normal 0.935903 0.352257 0
    outer loop
      vertex -18.7261 -6.56788 10.2683
      vertex -18.7966 -6.38057 8.95625
      vertex -18.7966 -6.38057 10.2683
    endloop
  endfacet
  facet normal 0.935894 0.352283 -0
    outer loop
      vertex -18.339 -7.59627 8.9875
      vertex -18.7261 -6.56788 10.2683
      vertex -18.339 -7.59627 10.2683
    endloop
  endfacet
  facet normal 0.935895 0.352279 3.65476e-06
    outer loop
      vertex -18.7261 -6.56788 10.2683
      vertex -18.339 -7.59627 8.9875
      vertex -18.7966 -6.38057 8.95625
    endloop
  endfacet
  facet normal 0.324562 0.173699 0.929779
    outer loop
      vertex -16.4576 -8.116 8.4252
      vertex -16.9359 -7.06041 8.39496
      vertex -17.8029 -8.77943 9.01875
    endloop
  endfacet
  facet normal 0.326566 0.172515 0.929297
    outer loop
      vertex -16.9532 -7.02224 8.39395
      vertex -18.339 -7.59627 8.9875
      vertex -17.8029 -8.77943 9.01875
    endloop
  endfacet
  facet normal 0.326481 0.172563 0.929318
    outer loop
      vertex -16.9359 -7.06041 8.39496
      vertex -16.9532 -7.02224 8.39395
      vertex -17.8029 -8.77943 9.01875
    endloop
  endfacet
  facet normal 0.91086 0.412716 0
    outer loop
      vertex -17.8855 -8.59714 10.2683
      vertex -18.339 -7.59627 8.9875
      vertex -18.339 -7.59627 10.2683
    endloop
  endfacet
  facet normal 0.910854 0.41273 -0
    outer loop
      vertex -17.8029 -8.77943 9.01875
      vertex -17.8855 -8.59714 10.2683
      vertex -17.8029 -8.77943 10.2683
    endloop
  endfacet
  facet normal 0.910859 0.412718 2.05418e-06
    outer loop
      vertex -17.8855 -8.59714 10.2683
      vertex -17.8029 -8.77943 9.01875
      vertex -18.339 -7.59627 8.9875
    endloop
  endfacet
  facet normal 0.312513 0.194553 0.929777
    outer loop
      vertex -15.8916 -9.175 8.45645
      vertex -16.4379 -8.15295 8.42621
      vertex -17.1906 -9.925 9.05
    endloop
  endfacet
  facet normal 0.314735 0.193204 0.929308
    outer loop
      vertex -17.8029 -8.77943 9.01875
      vertex -16.4379 -8.15295 8.42621
      vertex -16.4576 -8.116 8.4252
    endloop
  endfacet
  facet normal 0.314594 0.193499 0.929295
    outer loop
      vertex -16.4379 -8.15295 8.42621
      vertex -17.8029 -8.77943 9.01875
      vertex -17.1906 -9.925 9.05
    endloop
  endfacet
  facet normal 0.881913 0.471412 0
    outer loop
      vertex -17.2849 -9.7485 10.2683
      vertex -17.8029 -8.77943 9.01875
      vertex -17.8029 -8.77943 10.2683
    endloop
  endfacet
  facet normal 0.882007 0.471237 -0
    outer loop
      vertex -17.1906 -9.925 9.05
      vertex -17.2849 -9.7485 10.2683
      vertex -17.1906 -9.925 10.2683
    endloop
  endfacet
  facet normal 0.881928 0.471384 -2.75053e-05
    outer loop
      vertex -17.2849 -9.7485 10.2683
      vertex -17.1906 -9.925 9.05
      vertex -17.8029 -8.77943 9.01875
    endloop
  endfacet
  facet normal 0.299119 0.214555 0.929782
    outer loop
      vertex -15.2575 -10.1947 8.4877
      vertex -15.8694 -9.21058 8.45746
      vertex -16.5047 -11.0281 9.08125
    endloop
  endfacet
  facet normal 0.300962 0.214163 0.929277
    outer loop
      vertex -17.1906 -9.925 9.05
      vertex -15.8694 -9.21058 8.45746
      vertex -15.8916 -9.175 8.45645
    endloop
  endfacet
  facet normal 0.301254 0.213644 0.929302
    outer loop
      vertex -15.8694 -9.21058 8.45746
      vertex -17.1906 -9.925 9.05
      vertex -16.5047 -11.0281 9.08125
    endloop
  endfacet
  facet normal 0.849231 0.528022 0
    outer loop
      vertex -17.0849 -10.095 10.2683
      vertex -17.1906 -9.925 9.05
      vertex -17.1906 -9.925 10.2683
    endloop
  endfacet
  facet normal 0.849218 0.528042 -0
    outer loop
      vertex -16.5047 -11.0281 9.08125
      vertex -17.0849 -10.095 10.2683
      vertex -16.5047 -11.0281 10.2683
    endloop
  endfacet
  facet normal 0.84922 0.528039 3.38141e-06
    outer loop
      vertex -17.0849 -10.095 10.2683
      vertex -16.5047 -11.0281 9.08125
      vertex -17.1906 -9.925 9.05
    endloop
  endfacet
  facet normal 0.284425 0.233685 0.929782
    outer loop
      vertex -14.558 -11.1708 8.51895
      vertex -15.2331 -10.2288 8.48871
      vertex -15.7481 -12.0839 9.1125
    endloop
  endfacet
  facet normal 0.28676 0.232714 0.929308
    outer loop
      vertex -16.5047 -11.0281 9.08125
      vertex -15.2331 -10.2288 8.48871
      vertex -15.2575 -10.1947 8.4877
    endloop
  endfacet
  facet normal 0.286632 0.23291 0.929298
    outer loop
      vertex -15.2331 -10.2288 8.48871
      vertex -16.5047 -11.0281 9.08125
      vertex -15.7481 -12.0839 9.1125
    endloop
  endfacet
  facet normal 0.812798 0.582546 0
    outer loop
      vertex -15.8646 -11.9212 10.2683
      vertex -16.5047 -11.0281 9.08125
      vertex -16.5047 -11.0281 10.2683
    endloop
  endfacet
  facet normal 0.813058 0.582183 -0
    outer loop
      vertex -15.7481 -12.0839 9.1125
      vertex -15.8646 -11.9212 10.2683
      vertex -15.7481 -12.0839 10.2683
    endloop
  endfacet
  facet normal 0.812839 0.582489 -6.50866e-05
    outer loop
      vertex -15.8646 -11.9212 10.2683
      vertex -15.7481 -12.0839 9.1125
      vertex -16.5047 -11.0281 9.08125
    endloop
  endfacet
  facet normal 0.268551 0.251792 0.929775
    outer loop
      vertex -13.7963 -12.099 8.5502
      vertex -14.5315 -11.2032 8.51996
      vertex -14.924 -13.088 9.14375
    endloop
  endfacet
  facet normal 0.271123 0.250721 0.929318
    outer loop
      vertex -15.7481 -12.0839 9.1125
      vertex -14.5315 -11.2032 8.51996
      vertex -14.558 -11.1708 8.51895
    endloop
  endfacet
  facet normal 0.270788 0.251167 0.929295
    outer loop
      vertex -14.5315 -11.2032 8.51996
      vertex -15.7481 -12.0839 9.1125
      vertex -14.924 -13.088 9.14375
    endloop
  endfacet
  facet normal 0.77291 0.634516 0
    outer loop
      vertex -15.6211 -12.2386 10.2683
      vertex -15.7481 -12.0839 9.1125
      vertex -15.7481 -12.0839 10.2683
    endloop
  endfacet
  facet normal 0.773004 0.634402 -0
    outer loop
      vertex -14.924 -13.088 9.14375
      vertex -15.6211 -12.2386 10.2683
      vertex -14.924 -13.088 10.2683
    endloop
  endfacet
  facet normal 0.772989 0.634419 -2.16907e-05
    outer loop
      vertex -15.6211 -12.2386 10.2683
      vertex -14.924 -13.088 9.14375
      vertex -15.7481 -12.0839 9.1125
    endloop
  endfacet
  facet normal 0.251493 0.268798 0.929784
    outer loop
      vertex -12.9754 -12.9754 8.58145
      vertex -13.7676 -12.1296 8.55121
      vertex -14.0361 -14.0361 9.175
    endloop
  endfacet
  facet normal 0.25361 0.268535 0.929285
    outer loop
      vertex -14.924 -13.088 9.14375
      vertex -13.7676 -12.1296 8.55121
      vertex -13.7963 -12.099 8.5502
    endloop
  endfacet
  facet normal 0.253799 0.268314 0.929297
    outer loop
      vertex -13.7676 -12.1296 8.55121
      vertex -14.924 -13.088 9.14375
      vertex -14.0361 -14.0361 9.175
    endloop
  endfacet
  facet normal 0.729889 0.683566 0
    outer loop
      vertex -14.1729 -13.89 10.2683
      vertex -14.924 -13.088 9.14375
      vertex -14.924 -13.088 10.2683
    endloop
  endfacet
  facet normal 0.729958 0.683492 -0
    outer loop
      vertex -14.0361 -14.0361 9.175
      vertex -14.1729 -13.89 10.2683
      vertex -14.0361 -14.0361 10.2683
    endloop
  endfacet
  facet normal 0.7299 0.683554 -1.55006e-05
    outer loop
      vertex -14.1729 -13.89 10.2683
      vertex -14.0361 -14.0361 9.175
      vertex -14.924 -13.088 9.14375
    endloop
  endfacet
  facet normal 0.233399 0.284682 0.929775
    outer loop
      vertex -12.099 -13.7963 8.6127
      vertex -12.9448 -13.0041 8.58246
      vertex -13.088 -14.924 9.20625
    endloop
  endfacet
  facet normal 0.235854 0.284172 0.929311
    outer loop
      vertex -14.0361 -14.0361 9.175
      vertex -12.9448 -13.0041 8.58246
      vertex -12.9754 -12.9754 8.58145
    endloop
  endfacet
  facet normal 0.235673 0.284358 0.9293
    outer loop
      vertex -12.9448 -13.0041 8.58246
      vertex -14.0361 -14.0361 9.175
      vertex -13.088 -14.924 9.20625
    endloop
  endfacet
  facet normal 0.683566 0.729889 0
    outer loop
      vertex -13.088 -14.924 10.2683
      vertex -13.088 -14.924 9.20625
      vertex -13.89 -14.1729 10.2683
    endloop
  endfacet
  facet normal 0.683555 0.729899 -1.56378e-05
    outer loop
      vertex -14.0361 -14.0361 9.175
      vertex -13.89 -14.1729 10.2683
      vertex -13.088 -14.924 9.20625
    endloop
  endfacet
  facet normal 0.683492 0.729958 0
    outer loop
      vertex -13.89 -14.1729 10.2683
      vertex -14.0361 -14.0361 9.175
      vertex -14.0361 -14.0361 10.2683
    endloop
  endfacet
  facet normal 0.214271 0.299321 0.929782
    outer loop
      vertex -11.1708 -14.558 8.64395
      vertex -12.0666 -13.8228 8.61371
      vertex -12.0839 -15.7481 9.2375
    endloop
  endfacet
  facet normal 0.21608 0.299606 0.929272
    outer loop
      vertex -13.088 -14.924 9.20625
      vertex -12.0666 -13.8228 8.61371
      vertex -12.099 -13.7963 8.6127
    endloop
  endfacet
  facet normal 0.216596 0.299144 0.929301
    outer loop
      vertex -12.0666 -13.8228 8.61371
      vertex -13.088 -14.924 9.20625
      vertex -12.0839 -15.7481 9.2375
    endloop
  endfacet
  facet normal 0.634516 0.77291 -0
    outer loop
      vertex -12.0839 -15.7481 9.2375
      vertex -12.2386 -15.6211 10.2683
      vertex -12.0839 -15.7481 10.2683
    endloop
  endfacet
  facet normal 0.63442 0.772989 -2.41071e-05
    outer loop
      vertex -13.088 -14.924 9.20625
      vertex -12.2386 -15.6211 10.2683
      vertex -12.0839 -15.7481 9.2375
    endloop
  endfacet
  facet normal 0.634402 0.773004 0
    outer loop
      vertex -12.2386 -15.6211 10.2683
      vertex -13.088 -14.924 9.20625
      vertex -13.088 -14.924 10.2683
    endloop
  endfacet
  facet normal 0.194247 0.31269 0.929781
    outer loop
      vertex -11.0281 -16.5047 9.26875
      vertex -10.1947 -15.2575 8.6752
      vertex -11.1367 -14.5824 8.64496
    endloop
  endfacet
  facet normal 0.196328 0.312843 0.929293
    outer loop
      vertex -12.0839 -15.7481 9.2375
      vertex -11.1367 -14.5824 8.64496
      vertex -11.1708 -14.558 8.64395
    endloop
  endfacet
  facet normal 0.196554 0.312665 0.929304
    outer loop
      vertex -11.1367 -14.5824 8.64496
      vertex -12.0839 -15.7481 9.2375
      vertex -11.0281 -16.5047 9.26875
    endloop
  endfacet
  facet normal 0.582546 0.812798 -0
    outer loop
      vertex -11.0281 -16.5047 9.26875
      vertex -11.9212 -15.8646 10.2683
      vertex -11.0281 -16.5047 10.2683
    endloop
  endfacet
  facet normal 0.582492 0.812837 -7.36272e-05
    outer loop
      vertex -12.0839 -15.7481 9.2375
      vertex -11.9212 -15.8646 10.2683
      vertex -11.0281 -16.5047 9.26875
    endloop
  endfacet
  facet normal 0.582183 0.813058 0
    outer loop
      vertex -11.9212 -15.8646 10.2683
      vertex -12.0839 -15.7481 9.2375
      vertex -12.0839 -15.7481 10.2683
    endloop
  endfacet
  facet normal 0.17338 0.324738 0.929777
    outer loop
      vertex -9.925 -17.1906 9.3
      vertex -9.175 -15.8916 8.70645
      vertex -10.1591 -15.2796 8.67621
    endloop
  endfacet
  facet normal 0.175415 0.325039 0.92929
    outer loop
      vertex -11.0281 -16.5047 9.26875
      vertex -10.1591 -15.2796 8.67621
      vertex -10.1947 -15.2575 8.6752
    endloop
  endfacet
  facet normal 0.175671 0.324864 0.929303
    outer loop
      vertex -10.1591 -15.2796 8.67621
      vertex -11.0281 -16.5047 9.26875
      vertex -9.925 -17.1906 9.3
    endloop
  endfacet
  facet normal 0.528022 0.849231 -0
    outer loop
      vertex -9.925 -17.1906 9.3
      vertex -10.095 -17.0849 10.2683
      vertex -9.925 -17.1906 10.2683
    endloop
  endfacet
  facet normal 0.528039 0.84922 4.21665e-06
    outer loop
      vertex -11.0281 -16.5047 9.26875
      vertex -10.095 -17.0849 10.2683
      vertex -9.925 -17.1906 9.3
    endloop
  endfacet
  facet normal 0.528042 0.849218 0
    outer loop
      vertex -10.095 -17.0849 10.2683
      vertex -11.0281 -16.5047 9.26875
      vertex -11.0281 -16.5047 10.2683
    endloop
  endfacet
  facet normal 0.151757 0.335383 0.929779
    outer loop
      vertex -8.77943 -17.8029 9.33125
      vertex -8.116 -16.4576 8.7377
      vertex -9.13805 -15.9113 8.70746
    endloop
  endfacet
  facet normal 0.153678 0.335886 0.929281
    outer loop
      vertex -9.925 -17.1906 9.3
      vertex -9.13805 -15.9113 8.70746
      vertex -9.175 -15.8916 8.70645
    endloop
  endfacet
  facet normal 0.154058 0.335661 0.9293
    outer loop
      vertex -9.13805 -15.9113 8.70746
      vertex -9.925 -17.1906 9.3
      vertex -8.77943 -17.8029 9.33125
    endloop
  endfacet
  facet normal 0.471412 0.881913 -0
    outer loop
      vertex -8.77943 -17.8029 9.33125
      vertex -9.7485 -17.2849 10.2683
      vertex -8.77943 -17.8029 10.2683
    endloop
  endfacet
  facet normal 0.471386 0.881927 -3.49171e-05
    outer loop
      vertex -9.925 -17.1906 9.3
      vertex -9.7485 -17.2849 10.2683
      vertex -8.77943 -17.8029 9.33125
    endloop
  endfacet
  facet normal 0.471237 0.882007 0
    outer loop
      vertex -9.7485 -17.2849 10.2683
      vertex -9.925 -17.1906 9.3
      vertex -9.925 -17.1906 10.2683
    endloop
  endfacet
  facet normal 0.129502 0.344589 0.929778
    outer loop
      vertex -7.59627 -18.339 9.3625
      vertex -7.02224 -16.9532 8.76895
      vertex -8.07783 -16.4749 8.73871
    endloop
  endfacet
  facet normal 0.131785 0.345019 0.929298
    outer loop
      vertex -8.77943 -17.8029 9.33125
      vertex -8.07783 -16.4749 8.73871
      vertex -8.116 -16.4576 8.7377
    endloop
  endfacet
  facet normal 0.131786 0.345019 0.929298
    outer loop
      vertex -8.07783 -16.4749 8.73871
      vertex -8.77943 -17.8029 9.33125
      vertex -7.59627 -18.339 9.3625
    endloop
  endfacet
  facet normal 0.412716 0.91086 0
    outer loop
      vertex -7.59627 -18.339 10.2683
      vertex -7.59627 -18.339 9.3625
      vertex -8.59714 -17.8855 10.2683
    endloop
  endfacet
  facet normal 0.412718 0.910859 2.764e-06
    outer loop
      vertex -8.77943 -17.8029 9.33125
      vertex -8.59714 -17.8855 10.2683
      vertex -7.59627 -18.339 9.3625
    endloop
  endfacet
  facet normal 0.41273 0.910854 0
    outer loop
      vertex -8.59714 -17.8855 10.2683
      vertex -8.77943 -17.8029 9.33125
      vertex -8.77943 -17.8029 10.2683
    endloop
  endfacet
  facet normal 0.106704 0.352311 0.92978
    outer loop
      vertex -6.38057 -18.7966 9.39375
      vertex -5.89841 -17.3762 8.8002
      vertex -6.98302 -16.9679 8.76996
    endloop
  endfacet
  facet normal 0.108417 0.353109 0.929279
    outer loop
      vertex -7.59627 -18.339 9.3625
      vertex -6.98302 -16.9679 8.76996
      vertex -7.02224 -16.9532 8.76895
    endloop
  endfacet
  facet normal 0.108941 0.352885 0.929303
    outer loop
      vertex -6.98302 -16.9679 8.76996
      vertex -7.59627 -18.339 9.3625
      vertex -6.38057 -18.7966 9.39375
    endloop
  endfacet
  facet normal 0.352257 0.935903 0
    outer loop
      vertex -6.38057 -18.7966 10.2683
      vertex -6.38057 -18.7966 9.39375
      vertex -6.56788 -18.7261 10.2683
    endloop
  endfacet
  facet normal 0.352279 0.935895 5.43305e-06
    outer loop
      vertex -7.59627 -18.339 9.3625
      vertex -6.56788 -18.7261 10.2683
      vertex -6.38057 -18.7966 9.39375
    endloop
  endfacet
  facet normal 0.352283 0.935894 0
    outer loop
      vertex -6.56788 -18.7261 10.2683
      vertex -7.59627 -18.339 9.3625
      vertex -7.59627 -18.339 10.2683
    endloop
  endfacet
  facet normal 0.0834063 0.358541 0.92978
    outer loop
      vertex -5.13756 -19.1736 9.425
      vertex -4.74933 -17.7247 8.83145
      vertex -5.85832 -17.3883 8.80121
    endloop
  endfacet
  facet normal 0.085076 0.359444 0.92928
    outer loop
      vertex -6.38057 -18.7966 9.39375
      vertex -5.85832 -17.3883 8.80121
      vertex -5.89841 -17.3762 8.8002
    endloop
  endfacet
  facet normal 0.0855988 0.35926 0.929304
    outer loop
      vertex -5.85832 -17.3883 8.80121
      vertex -6.38057 -18.7966 9.39375
      vertex -5.13756 -19.1736 9.425
    endloop
  endfacet
  facet normal 0.290227 0.956958 -0
    outer loop
      vertex -5.13756 -19.1736 9.425
      vertex -6.18906 -18.8547 10.2683
      vertex -5.13756 -19.1736 10.2683
    endloop
  endfacet
  facet normal 0.29024 0.956954 1.73592e-05
    outer loop
      vertex -6.38057 -18.7966 9.39375
      vertex -6.18906 -18.8547 10.2683
      vertex -5.13756 -19.1736 9.425
    endloop
  endfacet
  facet normal 0.290312 0.956932 0
    outer loop
      vertex -6.18906 -18.8547 10.2683
      vertex -6.38057 -18.7966 9.39375
      vertex -6.38057 -18.7966 10.2683
    endloop
  endfacet
  facet normal 0.059763 0.363229 0.929781
    outer loop
      vertex -3.87254 -19.4686 9.45625
      vertex -3.57991 -17.9974 8.8627
      vertex -4.70852 -17.7343 8.83246
    endloop
  endfacet
  facet normal 0.062609 0.363926 0.929321
    outer loop
      vertex -5.13756 -19.1736 9.425
      vertex -4.70852 -17.7343 8.83246
      vertex -4.74933 -17.7247 8.83145
    endloop
  endfacet
  facet normal 0.0619531 0.36411 0.929293
    outer loop
      vertex -4.70852 -17.7343 8.83246
      vertex -5.13756 -19.1736 9.425
      vertex -3.87254 -19.4686 9.45625
    endloop
  endfacet
  facet normal 0.227064 0.97388 -0
    outer loop
      vertex -3.87254 -19.4686 9.45625
      vertex -4.94265 -19.2191 10.2683
      vertex -3.87254 -19.4686 10.2683
    endloop
  endfacet
  facet normal 0.227103 0.973871 5.50516e-05
    outer loop
      vertex -5.13756 -19.1736 9.425
      vertex -4.94265 -19.2191 10.2683
      vertex -3.87254 -19.4686 9.45625
    endloop
  endfacet
  facet normal 0.227329 0.973818 0
    outer loop
      vertex -4.94265 -19.2191 10.2683
      vertex -5.13756 -19.1736 9.425
      vertex -5.13756 -19.1736 10.2683
    endloop
  endfacet
  facet normal 0.0359028 0.366355 0.929782
    outer loop
      vertex -2.59094 -19.6802 9.4875
      vertex -2.39516 -18.193 8.89395
      vertex -3.53856 -18.0042 8.86371
    endloop
  endfacet
  facet normal 0.0377229 0.367416 0.929291
    outer loop
      vertex -3.53856 -18.0042 8.86371
      vertex -3.57991 -17.9974 8.8627
      vertex -3.87254 -19.4686 9.45625
    endloop
  endfacet
  facet normal 0.0379934 0.367359 0.929303
    outer loop
      vertex -3.53856 -18.0042 8.86371
      vertex -3.87254 -19.4686 9.45625
      vertex -2.59094 -19.6802 9.4875
    endloop
  endfacet
  facet normal 0.162902 0.986642 -0
    outer loop
      vertex -2.59094 -19.6802 9.4875
      vertex -3.67508 -19.5012 10.2683
      vertex -2.59094 -19.6802 10.2683
    endloop
  endfacet
  facet normal 0.162901 0.986642 -2.26597e-06
    outer loop
      vertex -3.87254 -19.4686 9.45625
      vertex -3.67508 -19.5012 10.2683
      vertex -2.59094 -19.6802 9.4875
    endloop
  endfacet
  facet normal 0.162892 0.986644 0
    outer loop
      vertex -3.67508 -19.5012 10.2683
      vertex -3.87254 -19.4686 9.45625
      vertex -3.87254 -19.4686 10.2683
    endloop
  endfacet
  facet normal 0.0118611 0.367923 0.92978
    outer loop
      vertex -1.29825 -19.8075 9.51875
      vertex -1.20015 -18.3107 8.9252
      vertex -2.35346 -18.1971 8.89496
    endloop
  endfacet
  facet normal -0 0.239191 0.970973
    outer loop
      vertex -2.39516 -18.193 8.89395
      vertex -2.35346 -18.1971 8.89496
      vertex -2.39515 -18.193 8.89395
    endloop
  endfacet
  facet normal 0.0137797 0.369074 0.929298
    outer loop
      vertex -2.35346 -18.1971 8.89496
      vertex -2.39516 -18.193 8.89395
      vertex -2.59094 -19.6802 9.4875
    endloop
  endfacet
  facet normal 0.0138785 0.36906 0.929302
    outer loop
      vertex -2.35346 -18.1971 8.89496
      vertex -2.59094 -19.6802 9.4875
      vertex -1.29825 -19.8075 9.51875
    endloop
  endfacet
  facet normal 0.0979353 0.995193 -0
    outer loop
      vertex -1.29825 -19.8075 9.51875
      vertex -1.49742 -19.7879 10.2683
      vertex -1.29825 -19.8075 10.2683
    endloop
  endfacet
  facet normal 0.0980023 0.995186 1.79788e-05
    outer loop
      vertex -2.59094 -19.6802 9.4875
      vertex -1.49742 -19.7879 10.2683
      vertex -1.29825 -19.8075 9.51875
    endloop
  endfacet
  facet normal 0.098015 0.995185 0
    outer loop
      vertex -1.49742 -19.7879 10.2683
      vertex -2.59094 -19.6802 9.4875
      vertex -2.59094 -19.6802 10.2683
    endloop
  endfacet
  facet normal -0.012236 0.367914 0.929779
    outer loop
      vertex 0 -19.85 9.55
      vertex 0 -18.35 8.95645
      vertex -1.15827 -18.3121 8.92621
    endloop
  endfacet
  facet normal -0.0100706 0.369173 0.929306
    outer loop
      vertex -1.29825 -19.8075 9.51875
      vertex -1.15827 -18.3121 8.92621
      vertex -1.20015 -18.3107 8.9252
    endloop
  endfacet
  facet normal -0.0102831 0.369189 0.929297
    outer loop
      vertex -1.15827 -18.3121 8.92621
      vertex -1.29825 -19.8075 9.51875
      vertex 0 -19.85 9.55
    endloop
  endfacet
  facet normal 0.0327624 0.999463 -0
    outer loop
      vertex 0 -19.85 9.55
      vertex -1.09823 -19.814 10.2683
      vertex 0 -19.85 10.2683
    endloop
  endfacet
  facet normal 0.0327204 0.999465 -6.43238e-05
    outer loop
      vertex -1.29825 -19.8075 9.51875
      vertex -1.09823 -19.814 10.2683
      vertex 0 -19.85 9.55
    endloop
  endfacet
  facet normal 0.0324796 0.999472 0
    outer loop
      vertex -1.09823 -19.814 10.2683
      vertex -1.29825 -19.8075 9.51875
      vertex -1.29825 -19.8075 10.2683
    endloop
  endfacet
  facet normal -0.0362612 0.366324 0.92978
    outer loop
      vertex 1.29825 -19.8075 9.58125
      vertex 1.20015 -18.3107 8.9877
      vertex 0.0418793 -18.3486 8.95746
    endloop
  endfacet
  facet normal -0.0347042 0.36772 0.929289
    outer loop
      vertex 0 -19.85 9.55
      vertex 0.0418793 -18.3486 8.95746
      vertex 0 -18.35 8.95645
    endloop
  endfacet
  facet normal -0.0344068 0.367716 0.929301
    outer loop
      vertex 0.0418793 -18.3486 8.95746
      vertex 0 -19.85 9.55
      vertex 1.29825 -19.8075 9.58125
    endloop
  endfacet
  facet normal -0.0324796 0.999472 0
    outer loop
      vertex 1.29825 -19.8075 10.2683
      vertex 1.29825 -19.8075 9.58125
      vertex 1.09823 -19.814 10.2683
    endloop
  endfacet
  facet normal -0.0327172 0.999465 -6.92393e-05
    outer loop
      vertex 0 -19.85 9.55
      vertex 1.09823 -19.814 10.2683
      vertex 1.29825 -19.8075 9.58125
    endloop
  endfacet
  facet normal -0.0327624 0.999463 0
    outer loop
      vertex 1.09823 -19.814 10.2683
      vertex 0 -19.85 9.55
      vertex 0 -19.85 10.2683
    endloop
  endfacet
  facet normal -0.0617367 0.362936 0.929766
    outer loop
      vertex 2.39779 -18.213 9.02695
      vertex 2.38357 -18.2136 9.02624
      vertex 2.59094 -19.6802 9.6125
    endloop
  endfacet
  facet normal -0.0600961 0.363174 0.929781
    outer loop
      vertex 2.05375 -18.2266 9.01
      vertex 2.59094 -19.6802 9.6125
      vertex 2.38357 -18.2136 9.02624
    endloop
  endfacet
  facet normal -0.0601641 0.363151 0.929786
    outer loop
      vertex 2.59094 -19.6802 9.6125
      vertex 2.05375 -18.2266 9.01
      vertex 1.24185 -18.3066 8.98871
    endloop
  endfacet
  facet normal -0.0583782 0.364684 0.929299
    outer loop
      vertex 1.24185 -18.3066 8.98871
      vertex 1.29825 -19.8075 9.58125
      vertex 2.59094 -19.6802 9.6125
    endloop
  endfacet
  facet normal -0.0583645 0.364685 0.9293
    outer loop
      vertex 1.29825 -19.8075 9.58125
      vertex 1.24185 -18.3066 8.98871
      vertex 1.20015 -18.3107 8.9877
    endloop
  endfacet
  facet normal -0.098015 0.995185 0
    outer loop
      vertex 2.59094 -19.6802 9.6125
      vertex 1.49742 -19.7879 10.2683
      vertex 2.59094 -19.6802 10.2683
    endloop
  endfacet
  facet normal -0.0980032 0.995186 1.98796e-05
    outer loop
      vertex 1.29825 -19.8075 9.58125
      vertex 1.49742 -19.7879 10.2683
      vertex 2.59094 -19.6802 9.6125
    endloop
  endfacet
  facet normal -0.0979353 0.995193 0
    outer loop
      vertex 1.49742 -19.7879 10.2683
      vertex 1.29825 -19.8075 9.58125
      vertex 1.29825 -19.8075 10.2683
    endloop
  endfacet
  facet normal -0.0837657 0.358458 0.92978
    outer loop
      vertex 3.87254 -19.4686 9.64375
      vertex 3.5976 -18.0864 9.0861
      vertex 2.45904 -18.2063 9.02975
    endloop
  endfacet
  facet normal -0.0821109 0.360079 0.929301
    outer loop
      vertex 2.45904 -18.2063 9.02975
      vertex 2.59094 -19.6802 9.6125
      vertex 3.87254 -19.4686 9.64375
    endloop
  endfacet
  facet normal -0.0824669 0.36004 0.929285
    outer loop
      vertex 2.41311 -18.2114 9.02765
      vertex 2.59094 -19.6802 9.6125
      vertex 2.45904 -18.2063 9.02975
    endloop
  endfacet
  facet normal -0.0801001 0.36036 0.929368
    outer loop
      vertex 2.59094 -19.6802 9.6125
      vertex 2.41311 -18.2114 9.02765
      vertex 2.39779 -18.213 9.02695
    endloop
  endfacet
  facet normal -0.162892 0.986644 0
    outer loop
      vertex 3.87254 -19.4686 10.2683
      vertex 3.87254 -19.4686 9.64375
      vertex 3.67508 -19.5012 10.2683
    endloop
  endfacet
  facet normal -0.162901 0.986642 -2.90637e-06
    outer loop
      vertex 2.59094 -19.6802 9.6125
      vertex 3.67508 -19.5012 10.2683
      vertex 3.87254 -19.4686 9.64375
    endloop
  endfacet
  facet normal -0.162902 0.986642 0
    outer loop
      vertex 3.67508 -19.5012 10.2683
      vertex 2.59094 -19.6802 9.6125
      vertex 2.59094 -19.6802 10.2683
    endloop
  endfacet
  facet normal -0.107033 0.352224 0.929775
    outer loop
      vertex 5.13756 -19.1736 9.675
      vertex 4.79106 -17.8805 9.14525
      vertex 3.71923 -18.0649 9.09172
    endloop
  endfacet
  facet normal -0.105495 0.353941 0.929299
    outer loop
      vertex 3.71923 -18.0649 9.09172
      vertex 3.87254 -19.4686 9.64375
      vertex 5.13756 -19.1736 9.675
    endloop
  endfacet
  facet normal -0.105102 0.353994 0.929323
    outer loop
      vertex 3.66573 -18.0743 9.08925
      vertex 3.87254 -19.4686 9.64375
      vertex 3.71923 -18.0649 9.09172
    endloop
  endfacet
  facet normal -0.105814 0.353874 0.929288
    outer loop
      vertex 3.87254 -19.4686 9.64375
      vertex 3.66573 -18.0743 9.08925
      vertex 3.5976 -18.0864 9.0861
    endloop
  endfacet
  facet normal -0.227329 0.973818 0
    outer loop
      vertex 5.13756 -19.1736 10.2683
      vertex 5.13756 -19.1736 9.675
      vertex 4.94265 -19.2191 10.2683
    endloop
  endfacet
  facet normal -0.227106 0.97387 7.71757e-05
    outer loop
      vertex 3.87254 -19.4686 9.64375
      vertex 4.94265 -19.2191 10.2683
      vertex 5.13756 -19.1736 9.675
    endloop
  endfacet
  facet normal -0.227064 0.97388 0
    outer loop
      vertex 4.94265 -19.2191 10.2683
      vertex 3.87254 -19.4686 9.64375
      vertex 3.87254 -19.4686 10.2683
    endloop
  endfacet
  facet normal -0.129859 0.34444 0.929784
    outer loop
      vertex 6.38057 -18.7966 9.70625
      vertex 5.9729 -17.5956 9.2044
      vertex 4.97112 -17.8364 9.15369
    endloop
  endfacet
  facet normal -0.128396 0.346306 0.929294
    outer loop
      vertex 4.97112 -17.8364 9.15369
      vertex 5.13756 -19.1736 9.675
      vertex 6.38057 -18.7966 9.70625
    endloop
  endfacet
  facet normal -0.128057 0.346358 0.929321
    outer loop
      vertex 4.91048 -17.8512 9.15085
      vertex 5.13756 -19.1736 9.675
      vertex 4.97112 -17.8364 9.15369
    endloop
  endfacet
  facet normal -0.128534 0.346264 0.92929
    outer loop
      vertex 5.13756 -19.1736 9.675
      vertex 4.91048 -17.8512 9.15085
      vertex 4.79106 -17.8805 9.14525
    endloop
  endfacet
  facet normal -0.290312 0.956932 0
    outer loop
      vertex 6.38057 -18.7966 10.2683
      vertex 6.38057 -18.7966 9.70625
      vertex 6.18906 -18.8547 10.2683
    endloop
  endfacet
  facet normal -0.290241 0.956954 2.6634e-05
    outer loop
      vertex 5.13756 -19.1736 9.675
      vertex 6.18906 -18.8547 10.2683
      vertex 6.38057 -18.7966 9.70625
    endloop
  endfacet
  facet normal -0.290227 0.956958 0
    outer loop
      vertex 6.18906 -18.8547 10.2683
      vertex 5.13756 -19.1736 9.675
      vertex 5.13756 -19.1736 10.2683
    endloop
  endfacet
  facet normal -0.152049 0.335239 0.929783
    outer loop
      vertex 6.93447 -17.2956 9.25307
      vertex 7.59627 -18.339 9.7375
      vertex 7.1379 -17.2324 9.26355
    endloop
  endfacet
  facet normal -0.152123 0.335194 0.929787
    outer loop
      vertex 7.59627 -18.339 9.7375
      vertex 6.93447 -17.2956 9.25307
      vertex 6.20872 -17.5212 9.21566
    endloop
  endfacet
  facet normal -0.150791 0.337142 0.929299
    outer loop
      vertex 6.20872 -17.5212 9.21566
      vertex 6.38057 -18.7966 9.70625
      vertex 7.59627 -18.339 9.7375
    endloop
  endfacet
  facet normal -0.150742 0.337151 0.929304
    outer loop
      vertex 6.38057 -18.7966 9.70625
      vertex 6.20872 -17.5212 9.21566
      vertex 5.9729 -17.5956 9.2044
    endloop
  endfacet
  facet normal -0.352283 0.935894 0
    outer loop
      vertex 7.59627 -18.339 9.7375
      vertex 6.56788 -18.7261 10.2683
      vertex 7.59627 -18.339 10.2683
    endloop
  endfacet
  facet normal -0.352279 0.935895 8.57381e-06
    outer loop
      vertex 6.38057 -18.7966 9.70625
      vertex 6.56788 -18.7261 10.2683
      vertex 7.59627 -18.339 9.7375
    endloop
  endfacet
  facet normal -0.352257 0.935903 0
    outer loop
      vertex 6.56788 -18.7261 10.2683
      vertex 6.38057 -18.7966 9.70625
      vertex 6.38057 -18.7966 10.2683
    endloop
  endfacet
  facet normal -0.173704 0.324555 0.92978
    outer loop
      vertex 8.77943 -17.8029 9.76875
      vertex 8.28086 -16.7919 9.3227
      vertex 7.42602 -17.1203 9.27763
    endloop
  endfacet
  facet normal -0.172515 0.326566 0.929297
    outer loop
      vertex 7.42602 -17.1203 9.27763
      vertex 7.59627 -18.339 9.7375
      vertex 8.77943 -17.8029 9.76875
    endloop
  endfacet
  facet normal -0.172371 0.326592 0.929315
    outer loop
      vertex 7.35272 -17.1488 9.27405
      vertex 7.59627 -18.339 9.7375
      vertex 7.42602 -17.1203 9.27763
    endloop
  endfacet
  facet normal -0.172514 0.326557 0.9293
    outer loop
      vertex 7.13791 -17.2324 9.26355
      vertex 7.59627 -18.339 9.7375
      vertex 7.35272 -17.1488 9.27405
    endloop
  endfacet
  facet normal 0 0.393704 0.919237
    outer loop
      vertex 7.59627 -18.339 9.7375
      vertex 7.13791 -17.2324 9.26355
      vertex 7.1379 -17.2324 9.26355
    endloop
  endfacet
  facet normal -0.41273 0.910854 0
    outer loop
      vertex 8.77943 -17.8029 10.2683
      vertex 8.77943 -17.8029 9.76875
      vertex 8.59714 -17.8855 10.2683
    endloop
  endfacet
  facet normal -0.412716 0.91086 0
    outer loop
      vertex 7.59627 -18.339 9.7375
      vertex 7.59627 -18.339 10.2683
      vertex 8.59714 -17.8855 10.2683
    endloop
  endfacet
  facet normal -0.412718 0.910859 5.1088e-06
    outer loop
      vertex 7.59627 -18.339 9.7375
      vertex 8.59714 -17.8855 10.2683
      vertex 8.77943 -17.8029 9.76875
    endloop
  endfacet
  facet normal -0.194553 0.312493 0.929784
    outer loop
      vertex 9.925 -17.1906 9.8
      vertex 9.39663 -16.2754 9.38185
      vertex 8.61712 -16.635 9.3396
    endloop
  endfacet
  facet normal -0.193494 0.314584 0.929299
    outer loop
      vertex 8.61712 -16.635 9.3396
      vertex 8.77943 -17.8029 9.76875
      vertex 9.925 -17.1906 9.8
    endloop
  endfacet
  facet normal -0.193489 0.314585 0.9293
    outer loop
      vertex 8.53848 -16.6717 9.33565
      vertex 8.77943 -17.8029 9.76875
      vertex 8.61712 -16.635 9.3396
    endloop
  endfacet
  facet normal -0.193492 0.314584 0.929299
    outer loop
      vertex 8.28086 -16.7919 9.3227
      vertex 8.77943 -17.8029 9.76875
      vertex 8.53848 -16.6717 9.33565
    endloop
  endfacet
  facet normal -0.471237 0.882007 0
    outer loop
      vertex 9.925 -17.1906 9.8
      vertex 9.7485 -17.2849 10.2683
      vertex 9.925 -17.1906 10.2683
    endloop
  endfacet
  facet normal -0.471383 0.881928 -7.11077e-05
    outer loop
      vertex 8.77943 -17.8029 9.76875
      vertex 9.7485 -17.2849 10.2683
      vertex 9.925 -17.1906 9.8
    endloop
  endfacet
  facet normal -0.471412 0.881913 0
    outer loop
      vertex 9.7485 -17.2849 10.2683
      vertex 8.77943 -17.8029 9.76875
      vertex 8.77943 -17.8029 10.2683
    endloop
  endfacet
  facet normal -0.214527 0.299154 0.929777
    outer loop
      vertex 10.162 -15.8575 9.42318
      vertex 11.0281 -16.5047 9.83125
      vertex 10.4802 -15.6847 9.441
    endloop
  endfacet
  facet normal -0.214561 0.299111 0.929783
    outer loop
      vertex 11.0281 -16.5047 9.83125
      vertex 10.162 -15.8575 9.42318
      vertex 9.77616 -16.0671 9.40157
    endloop
  endfacet
  facet normal -0.213646 0.301257 0.929301
    outer loop
      vertex 9.77616 -16.0671 9.40157
      vertex 9.925 -17.1906 9.8
      vertex 11.0281 -16.5047 9.83125
    endloop
  endfacet
  facet normal -0.213628 0.30126 0.929304
    outer loop
      vertex 9.925 -17.1906 9.8
      vertex 9.77616 -16.0671 9.40157
      vertex 9.39663 -16.2754 9.38185
    endloop
  endfacet
  facet normal -0.528042 0.849218 0
    outer loop
      vertex 11.0281 -16.5047 9.83125
      vertex 10.095 -17.0849 10.2683
      vertex 11.0281 -16.5047 10.2683
    endloop
  endfacet
  facet normal -0.528039 0.84922 8.85315e-06
    outer loop
      vertex 9.925 -17.1906 9.8
      vertex 10.095 -17.0849 10.2683
      vertex 11.0281 -16.5047 9.83125
    endloop
  endfacet
  facet normal -0.528022 0.849231 0
    outer loop
      vertex 10.095 -17.0849 10.2683
      vertex 9.925 -17.1906 9.8
      vertex 9.925 -17.1906 10.2683
    endloop
  endfacet
  facet normal -0.233664 0.28446 0.929776
    outer loop
      vertex 12.0839 -15.7481 9.8625
      vertex 11.5265 -15.0216 9.50015
      vertex 10.8974 -15.4187 9.46354
    endloop
  endfacet
  facet normal -0.232904 0.286624 0.929302
    outer loop
      vertex 10.8974 -15.4187 9.46354
      vertex 11.0281 -16.5047 9.83125
      vertex 12.0839 -15.7481 9.8625
    endloop
  endfacet
  facet normal -0.232829 0.286638 0.929317
    outer loop
      vertex 10.8106 -15.474 9.45885
      vertex 11.0281 -16.5047 9.83125
      vertex 10.8974 -15.4187 9.46354
    endloop
  endfacet
  facet normal -0.232973 0.286598 0.929293
    outer loop
      vertex 11.0281 -16.5047 9.83125
      vertex 10.8106 -15.474 9.45885
      vertex 10.4802 -15.6847 9.441
    endloop
  endfacet
  facet normal -0.582183 0.813058 0
    outer loop
      vertex 12.0839 -15.7481 9.8625
      vertex 11.9212 -15.8646 10.2683
      vertex 12.0839 -15.7481 10.2683
    endloop
  endfacet
  facet normal -0.582487 0.81284 -0.000183969
    outer loop
      vertex 11.0281 -16.5047 9.83125
      vertex 11.9212 -15.8646 10.2683
      vertex 12.0839 -15.7481 9.8625
    endloop
  endfacet
  facet normal -0.582546 0.812798 0
    outer loop
      vertex 11.9212 -15.8646 10.2683
      vertex 11.0281 -16.5047 9.83125
      vertex 11.0281 -16.5047 10.2683
    endloop
  endfacet
  facet normal -0.251769 0.268562 0.929778
    outer loop
      vertex 12.1574 -14.5599 9.53659
      vertex 13.088 -14.924 9.89375
      vertex 12.5307 -14.2886 9.55931
    endloop
  endfacet
  facet normal -0.251795 0.268504 0.929788
    outer loop
      vertex 13.088 -14.924 9.89375
      vertex 12.1574 -14.5599 9.53659
      vertex 11.9753 -14.6923 9.52551
    endloop
  endfacet
  facet normal -0.25116 0.270779 0.929299
    outer loop
      vertex 11.9753 -14.6923 9.52551
      vertex 12.0839 -15.7481 9.8625
      vertex 13.088 -14.924 9.89375
    endloop
  endfacet
  facet normal -0.251187 0.270774 0.929293
    outer loop
      vertex 12.0839 -15.7481 9.8625
      vertex 11.9753 -14.6923 9.52551
      vertex 11.5265 -15.0216 9.50015
    endloop
  endfacet
  facet normal -0.634402 0.773004 0
    outer loop
      vertex 13.088 -14.924 9.89375
      vertex 12.2386 -15.6211 10.2683
      vertex 13.088 -14.924 10.2683
    endloop
  endfacet
  facet normal -0.634418 0.77299 -6.22609e-05
    outer loop
      vertex 12.0839 -15.7481 9.8625
      vertex 12.2386 -15.6211 10.2683
      vertex 13.088 -14.924 9.89375
    endloop
  endfacet
  facet normal -0.634516 0.77291 0
    outer loop
      vertex 12.2386 -15.6211 10.2683
      vertex 12.0839 -15.7481 9.8625
      vertex 12.0839 -15.7481 10.2683
    endloop
  endfacet
  facet normal -0.268783 0.251509 0.929784
    outer loop
      vertex 14.0361 -14.0361 9.925
      vertex 13.4883 -13.4883 9.61846
      vertex 13.0045 -13.8908 9.58748
    endloop
  endfacet
  facet normal -0.268304 0.253788 0.929303
    outer loop
      vertex 13.0045 -13.8908 9.58748
      vertex 13.088 -14.924 9.89375
      vertex 14.0361 -14.0361 9.925
    endloop
  endfacet
  facet normal -0.268453 0.253766 0.929266
    outer loop
      vertex 12.9132 -13.9675 9.58205
      vertex 13.088 -14.924 9.89375
      vertex 13.0045 -13.8908 9.58748
    endloop
  endfacet
  facet normal -0.268309 0.253802 0.929298
    outer loop
      vertex 12.5307 -14.2886 9.55931
      vertex 13.088 -14.924 9.89375
      vertex 12.9132 -13.9675 9.58205
    endloop
  endfacet
  facet normal -0.683492 0.729958 0
    outer loop
      vertex 14.0361 -14.0361 9.925
      vertex 13.89 -14.1729 10.2683
      vertex 14.0361 -14.0361 10.2683
    endloop
  endfacet
  facet normal -0.683553 0.7299 -4.88962e-05
    outer loop
      vertex 13.088 -14.924 9.89375
      vertex 13.89 -14.1729 10.2683
      vertex 14.0361 -14.0361 9.925
    endloop
  endfacet
  facet normal -0.683566 0.729889 0
    outer loop
      vertex 13.89 -14.1729 10.2683
      vertex 13.088 -14.924 9.89375
      vertex 13.088 -14.924 10.2683
    endloop
  endfacet
  facet normal -0.284679 0.233393 0.929777
    outer loop
      vertex 13.9878 -13.0099 9.65
      vertex 14.924 -13.088 9.95625
      vertex 14.3946 -12.6237 9.67761
    endloop
  endfacet
  facet normal -0.284564 0.234153 0.929621
    outer loop
      vertex 14.924 -13.088 9.95625
      vertex 13.9878 -13.0099 9.65
      vertex 13.9797 -13.0176 9.64946
    endloop
  endfacet
  facet normal -0.284349 0.235664 0.929305
    outer loop
      vertex 13.9797 -13.0176 9.64946
      vertex 14.0361 -14.0361 9.925
      vertex 14.924 -13.088 9.95625
    endloop
  endfacet
  facet normal -0.28436 0.235662 0.929302
    outer loop
      vertex 14.0361 -14.0361 9.925
      vertex 13.9797 -13.0176 9.64946
      vertex 13.4883 -13.4883 9.61846
    endloop
  endfacet
  facet normal -0.729889 0.683566 0
    outer loop
      vertex 14.924 -13.088 9.95625
      vertex 14.1729 -13.89 10.2683
      vertex 14.924 -13.088 10.2683
    endloop
  endfacet
  facet normal -0.729899 0.683555 -5.02873e-05
    outer loop
      vertex 14.0361 -14.0361 9.925
      vertex 14.1729 -13.89 10.2683
      vertex 14.924 -13.088 9.95625
    endloop
  endfacet
  facet normal -0.729958 0.683492 0
    outer loop
      vertex 14.1729 -13.89 10.2683
      vertex 14.0361 -14.0361 9.925
      vertex 14.0361 -14.0361 10.2683
    endloop
  endfacet
  facet normal -0.299329 0.21424 0.929787
    outer loop
      vertex 15.7481 -12.0839 9.9875
      vertex 15.2453 -11.6982 9.73676
      vertex 14.896 -12.0763 9.71143
    endloop
  endfacet
  facet normal -0.299133 0.216806 0.929255
    outer loop
      vertex 14.8045 -12.1761 9.70526
      vertex 15.7481 -12.0839 9.9875
      vertex 14.896 -12.0763 9.71143
    endloop
  endfacet
  facet normal -0.299128 0.216582 0.929309
    outer loop
      vertex 15.7481 -12.0839 9.9875
      vertex 14.8045 -12.1761 9.70526
      vertex 14.924 -13.088 9.95625
    endloop
  endfacet
  facet normal -0.299177 0.216572 0.929295
    outer loop
      vertex 14.924 -13.088 9.95625
      vertex 14.8045 -12.1761 9.70526
      vertex 14.3946 -12.6237 9.67761
    endloop
  endfacet
  facet normal -0.77291 0.634516 0
    outer loop
      vertex 15.7481 -12.0839 9.9875
      vertex 15.6211 -12.2386 10.2683
      vertex 15.7481 -12.0839 10.2683
    endloop
  endfacet
  facet normal -0.772988 0.634421 -8.74102e-05
    outer loop
      vertex 14.924 -13.088 9.95625
      vertex 15.6211 -12.2386 10.2683
      vertex 15.7481 -12.0839 9.9875
    endloop
  endfacet
  facet normal -0.773004 0.634402 0
    outer loop
      vertex 15.6211 -12.2386 10.2683
      vertex 14.924 -13.088 9.95625
      vertex 14.924 -13.088 10.2683
    endloop
  endfacet
  facet normal -0.312625 0.19416 0.929821
    outer loop
      vertex 16.5047 -11.0281 10.0187
      vertex 16.0364 -10.7152 9.79591
      vertex 15.7486 -11.0708 9.7734
    endloop
  endfacet
  facet normal -0.312602 0.196392 0.92936
    outer loop
      vertex 15.6214 -11.2294 9.76413
      vertex 16.5047 -11.0281 10.0187
      vertex 15.7486 -11.0708 9.7734
    endloop
  endfacet
  facet normal -0.312629 0.196572 0.929313
    outer loop
      vertex 16.5047 -11.0281 10.0187
      vertex 15.6214 -11.2294 9.76413
      vertex 15.7481 -12.0839 9.9875
    endloop
  endfacet
  facet normal -0.312646 0.196568 0.929308
    outer loop
      vertex 15.7481 -12.0839 9.9875
      vertex 15.6214 -11.2294 9.76413
      vertex 15.2453 -11.6982 9.73676
    endloop
  endfacet
  facet normal -0.812798 0.582546 0
    outer loop
      vertex 16.5047 -11.0281 10.0187
      vertex 15.8646 -11.9212 10.2683
      vertex 16.5047 -11.0281 10.2683
    endloop
  endfacet
  facet normal -0.812834 0.582495 -0.000273704
    outer loop
      vertex 15.7481 -12.0839 9.9875
      vertex 15.8646 -11.9212 10.2683
      vertex 16.5047 -11.0281 10.0187
    endloop
  endfacet
  facet normal -0.813058 0.582183 0
    outer loop
      vertex 15.8646 -11.9212 10.2683
      vertex 15.7481 -12.0839 9.9875
      vertex 15.7481 -12.0839 10.2683
    endloop
  endfacet
  facet normal -0.324761 0.173376 0.929769
    outer loop
      vertex 17.1906 -9.925 10.05
      vertex 16.764 -9.67868 9.85506
      vertex 16.5331 -10.0056 9.83537
    endloop
  endfacet
  facet normal -0.324899 0.175887 0.929249
    outer loop
      vertex 16.4461 -10.1298 9.82846
      vertex 17.1906 -9.925 10.05
      vertex 16.5331 -10.0056 9.83537
    endloop
  endfacet
  facet normal -0.324846 0.175618 0.929319
    outer loop
      vertex 17.1906 -9.925 10.05
      vertex 16.4461 -10.1298 9.82846
      vertex 16.5047 -11.0281 10.0187
    endloop
  endfacet
  facet normal -0.324779 0.175627 0.92934
    outer loop
      vertex 16.5047 -11.0281 10.0187
      vertex 16.4461 -10.1298 9.82846
      vertex 16.0364 -10.7152 9.79591
    endloop
  endfacet
  facet normal -0.849231 0.528022 0
    outer loop
      vertex 17.1906 -9.925 10.05
      vertex 17.0849 -10.095 10.2683
      vertex 17.1906 -9.925 10.2683
    endloop
  endfacet
  facet normal -0.84922 0.528039 1.83902e-05
    outer loop
      vertex 16.5047 -11.0281 10.0187
      vertex 17.0849 -10.095 10.2683
      vertex 17.1906 -9.925 10.05
    endloop
  endfacet
  facet normal -0.849218 0.528042 0
    outer loop
      vertex 17.0849 -10.095 10.2683
      vertex 16.5047 -11.0281 10.0187
      vertex 16.5047 -11.0281 10.2683
    endloop
  endfacet
  facet normal -0.3353 0.151716 0.929815
    outer loop
      vertex 17.8029 -8.77943 10.0812
      vertex 17.4243 -8.59273 9.91421
      vertex 17.2452 -8.88516 9.89734
    endloop
  endfacet
  facet normal -0.335575 0.153988 0.929342
    outer loop
      vertex 17.0285 -9.24249 9.8783
      vertex 17.8029 -8.77943 10.0812
      vertex 17.2452 -8.88516 9.89734
    endloop
  endfacet
  facet normal -0.33562 0.154077 0.929311
    outer loop
      vertex 17.8029 -8.77943 10.0812
      vertex 17.0285 -9.24249 9.8783
      vertex 17.1906 -9.925 10.05
    endloop
  endfacet
  facet normal -0.335699 0.154052 0.929287
    outer loop
      vertex 17.1906 -9.925 10.05
      vertex 17.0285 -9.24249 9.8783
      vertex 16.764 -9.67868 9.85506
    endloop
  endfacet
  facet normal -0.881913 0.471412 0
    outer loop
      vertex 17.8029 -8.77943 10.0812
      vertex 17.2849 -9.7485 10.2683
      vertex 17.8029 -8.77943 10.2683
    endloop
  endfacet
  facet normal -0.881926 0.471388 -0.000157579
    outer loop
      vertex 17.1906 -9.925 10.05
      vertex 17.2849 -9.7485 10.2683
      vertex 17.8029 -8.77943 10.0812
    endloop
  endfacet
  facet normal -0.882007 0.471237 0
    outer loop
      vertex 17.2849 -9.7485 10.2683
      vertex 17.1906 -9.925 10.05
      vertex 17.1906 -9.925 10.2683
    endloop
  endfacet
  facet normal -0.3446 0.129613 0.929759
    outer loop
      vertex 18.339 -7.59627 10.1125
      vertex 18.0142 -7.46171 9.97336
      vertex 17.8812 -7.71453 9.95931
    endloop
  endfacet
  facet normal -0.345005 0.131768 0.929305
    outer loop
      vertex 17.6388 -8.18043 9.93538
      vertex 18.339 -7.59627 10.1125
      vertex 17.8812 -7.71453 9.95931
    endloop
  endfacet
  facet normal -0.344974 0.131726 0.929323
    outer loop
      vertex 18.339 -7.59627 10.1125
      vertex 17.6388 -8.18043 9.93538
      vertex 17.8029 -8.77943 10.0812
    endloop
  endfacet
  facet normal -0.344939 0.131738 0.929334
    outer loop
      vertex 17.8029 -8.77943 10.0812
      vertex 17.6388 -8.18043 9.93538
      vertex 17.4243 -8.59273 9.91421
    endloop
  endfacet
  facet normal -0.91086 0.412716 0
    outer loop
      vertex 18.339 -7.59627 10.1125
      vertex 17.8855 -8.59714 10.2683
      vertex 18.339 -7.59627 10.2683
    endloop
  endfacet
  facet normal -0.910859 0.412718 1.41361e-05
    outer loop
      vertex 17.8029 -8.77943 10.0812
      vertex 17.8855 -8.59714 10.2683
      vertex 18.339 -7.59627 10.1125
    endloop
  endfacet
  facet normal -0.910854 0.41273 0
    outer loop
      vertex 17.8855 -8.59714 10.2683
      vertex 17.8029 -8.77943 10.0812
      vertex 17.8029 -8.77943 10.2683
    endloop
  endfacet
  facet normal -0.352139 0.106876 0.929826
    outer loop
      vertex 18.7966 -6.38057 10.1437
      vertex 18.5304 -6.29021 10.0325
      vertex 18.4375 -6.49886 10.0213
    endloop
  endfacet
  facet normal -0.352635 0.108809 0.929413
    outer loop
      vertex 18.3667 -6.65998 10.0133
      vertex 18.7966 -6.38057 10.1437
      vertex 18.4375 -6.49886 10.0213
    endloop
  endfacet
  facet normal -0.352687 0.108902 0.929383
    outer loop
      vertex 18.3667 -6.65998 10.0133
      vertex 18.339 -7.59627 10.1125
      vertex 18.7966 -6.38057 10.1437
    endloop
  endfacet
  facet normal -0.352973 0.108899 0.929274
    outer loop
      vertex 18.339 -7.59627 10.1125
      vertex 18.3667 -6.65998 10.0133
      vertex 18.0142 -7.46171 9.97336
    endloop
  endfacet
  facet normal -0.935903 0.352257 0
    outer loop
      vertex 18.7966 -6.38057 10.1437
      vertex 18.7261 -6.56788 10.2683
      vertex 18.7966 -6.38057 10.2683
    endloop
  endfacet
  facet normal -0.935895 0.352278 3.69194e-05
    outer loop
      vertex 18.339 -7.59627 10.1125
      vertex 18.7261 -6.56788 10.2683
      vertex 18.7966 -6.38057 10.1437
    endloop
  endfacet
  facet normal -0.935894 0.352283 0
    outer loop
      vertex 18.7261 -6.56788 10.2683
      vertex 18.339 -7.59627 10.1125
      vertex 18.339 -7.59627 10.2683
    endloop
  endfacet
  facet normal -0.358551 0.0829977 0.929813
    outer loop
      vertex 19.1736 -5.13756 10.175
      vertex 18.9702 -5.08305 10.0917
      vertex 18.911 -5.24357 10.0832
    endloop
  endfacet
  facet normal -0.359473 0.0858115 0.929202
    outer loop
      vertex 18.6582 -5.93874 10.0496
      vertex 19.1736 -5.13756 10.175
      vertex 18.911 -5.24357 10.0832
    endloop
  endfacet
  facet normal -0.359015 0.0854846 0.929409
    outer loop
      vertex 19.1736 -5.13756 10.175
      vertex 18.6582 -5.93874 10.0496
      vertex 18.7966 -6.38057 10.1437
    endloop
  endfacet
  facet normal -0.359223 0.0854041 0.929336
    outer loop
      vertex 18.7966 -6.38057 10.1437
      vertex 18.6582 -5.93874 10.0496
      vertex 18.5304 -6.29021 10.0325
    endloop
  endfacet
  facet normal -0.956958 0.290227 0
    outer loop
      vertex 19.1736 -5.13756 10.175
      vertex 18.8547 -6.18906 10.2683
      vertex 19.1736 -5.13756 10.2683
    endloop
  endfacet
  facet normal -0.956955 0.290237 0.000126049
    outer loop
      vertex 18.7966 -6.38057 10.1437
      vertex 18.8547 -6.18906 10.2683
      vertex 19.1736 -5.13756 10.175
    endloop
  endfacet
  facet normal -0.956932 0.290312 0
    outer loop
      vertex 18.8547 -6.18906 10.2683
      vertex 18.7966 -6.38057 10.1437
      vertex 18.7966 -6.38057 10.2683
    endloop
  endfacet
  facet normal -0.363038 0.0597408 0.929857
    outer loop
      vertex 19.4686 -3.87254 10.2062
      vertex 19.3312 -3.84521 10.1508
      vertex 19.2989 -3.95433 10.1452
    endloop
  endfacet
  facet normal -0.363884 0.0618453 0.929389
    outer loop
      vertex 19.0621 -4.76754 10.1066
      vertex 19.4686 -3.87254 10.2062
      vertex 19.2989 -3.95433 10.1452
    endloop
  endfacet
  facet normal -0.364231 0.0620193 0.929241
    outer loop
      vertex 19.4686 -3.87254 10.2062
      vertex 19.0621 -4.76754 10.1066
      vertex 19.1736 -5.13756 10.175
    endloop
  endfacet
  facet normal -0.363953 0.0621218 0.929343
    outer loop
      vertex 18.9702 -5.08305 10.0917
      vertex 19.1736 -5.13756 10.175
      vertex 19.0621 -4.76754 10.1066
    endloop
  endfacet
  facet normal -0.97388 0.227064 0
    outer loop
      vertex 19.4686 -3.87254 10.2062
      vertex 19.2191 -4.94265 10.2683
      vertex 19.4686 -3.87254 10.2683
    endloop
  endfacet
  facet normal -0.973873 0.227092 0.000521625
    outer loop
      vertex 19.1736 -5.13756 10.175
      vertex 19.2191 -4.94265 10.2683
      vertex 19.4686 -3.87254 10.2062
    endloop
  endfacet
  facet normal -0.973818 0.227329 0
    outer loop
      vertex 19.2191 -4.94265 10.2683
      vertex 19.1736 -5.13756 10.175
      vertex 19.1736 -5.13756 10.2683
    endloop
  endfacet
  facet normal -0.365931 0.0357386 0.929955
    outer loop
      vertex 19.6802 -2.59094 10.2375
      vertex 19.6112 -2.58186 10.21
      vertex 19.5987 -2.63699 10.2072
    endloop
  endfacet
  facet normal -0.366947 0.0378551 0.929471
    outer loop
      vertex 19.3924 -3.56868 10.1637
      vertex 19.6802 -2.59094 10.2375
      vertex 19.5987 -2.63699 10.2072
    endloop
  endfacet
  facet normal -0.367147 0.0379202 0.92939
    outer loop
      vertex 19.6802 -2.59094 10.2375
      vertex 19.3924 -3.56868 10.1637
      vertex 19.4686 -3.87254 10.2062
    endloop
  endfacet
  facet normal -0.367186 0.0379085 0.929375
    outer loop
      vertex 19.3312 -3.84521 10.1508
      vertex 19.4686 -3.87254 10.2062
      vertex 19.3924 -3.56868 10.1637
    endloop
  endfacet
  facet normal -0.986642 0.162902 0
    outer loop
      vertex 19.6802 -2.59094 10.2375
      vertex 19.5012 -3.67508 10.2683
      vertex 19.6802 -2.59094 10.2683
    endloop
  endfacet
  facet normal -0.986642 0.162901 -3.19352e-05
    outer loop
      vertex 19.4686 -3.87254 10.2062
      vertex 19.5012 -3.67508 10.2683
      vertex 19.6802 -2.59094 10.2375
    endloop
  endfacet
  facet normal -0.986644 0.162892 0
    outer loop
      vertex 19.5012 -3.67508 10.2683
      vertex 19.4686 -3.87254 10.2062
      vertex 19.4686 -3.87254 10.2683
    endloop
  endfacet
  facet normal -0.364161 0.013373 0.93124
    outer loop
      vertex 19.7769 -1.50361 10.2597
      vertex 19.6802 -2.59094 10.2375
      vertex 19.8058 -1.3155 10.2683
    endloop
  endfacet
  facet normal -0.368626 0.0138061 0.929475
    outer loop
      vertex 19.6802 -2.59094 10.2375
      vertex 19.7769 -1.50361 10.2597
      vertex 19.6112 -2.58186 10.21
    endloop
  endfacet
  facet normal -0.995189 0.0979215 0.00333486
    outer loop
      vertex 19.6802 -2.59094 10.2375
      vertex 19.7879 -1.49742 10.2683
      vertex 19.8058 -1.3155 10.2683
    endloop
  endfacet
  facet normal -0.995185 0.098015 0
    outer loop
      vertex 19.7879 -1.49742 10.2683
      vertex 19.6802 -2.59094 10.2375
      vertex 19.6802 -2.59094 10.2683
    endloop
  endfacet
  facet normal 0 0 1
    outer loop
      vertex 13 0 2
      vertex 19.85 0 2
      vertex 19.8075 1.29825 2
    endloop
  endfacet
  facet normal 0 0 1
    outer loop
      vertex 12.9722 0.85024 2
      vertex 19.8075 1.29825 2
      vertex 19.6802 2.59094 2
    endloop
  endfacet
  facet normal 0 0 1
    outer loop
      vertex 19.85 0 2
      vertex 13 0 2
      vertex 19.8075 -1.29825 2
    endloop
  endfacet
  facet normal 0 0 1
    outer loop
      vertex 12.8888 1.69684 2
      vertex 19.6802 2.59094 2
      vertex 19.4686 3.87254 2
    endloop
  endfacet
  facet normal -0 0 1
    outer loop
      vertex 12.9722 -0.85024 2
      vertex 19.8075 -1.29825 2
      vertex 13 0 2
    endloop
  endfacet
  facet normal 0 0 1
    outer loop
      vertex 12.7502 2.53617 2
      vertex 19.4686 3.87254 2
      vertex 19.1736 5.13756 2
    endloop
  endfacet
  facet normal 0 0 1
    outer loop
      vertex 19.8075 -1.29825 2
      vertex 12.9722 -0.85024 2
      vertex 19.6802 -2.59094 2
    endloop
  endfacet
  facet normal 0 0 1
    outer loop
      vertex 12.557 3.36465 2
      vertex 19.1736 5.13756 2
      vertex 18.7966 6.38057 2
    endloop
  endfacet
  facet normal -0 0 1
    outer loop
      vertex 12.8888 -1.69684 2
      vertex 19.6802 -2.59094 2
      vertex 12.9722 -0.85024 2
    endloop
  endfacet
  facet normal 0 0 1
    outer loop
      vertex 12.3101 4.17871 2
      vertex 18.7966 6.38057 2
      vertex 18.339 7.59627 2
    endloop
  endfacet
  facet normal 0 0 1
    outer loop
      vertex 19.6802 -2.59094 2
      vertex 12.8888 -1.69684 2
      vertex 19.4686 -3.87254 2
    endloop
  endfacet
  facet normal 0 0 1
    outer loop
      vertex 12.0104 4.97488 2
      vertex 18.339 7.59627 2
      vertex 17.8029 8.77943 2
    endloop
  endfacet
  facet normal -0 0 1
    outer loop
      vertex 12.7502 -2.53617 2
      vertex 19.4686 -3.87254 2
      vertex 12.8888 -1.69684 2
    endloop
  endfacet
  facet normal 0 0 1
    outer loop
      vertex 11.6593 5.74975 2
      vertex 17.8029 8.77943 2
      vertex 17.1906 9.925 2
    endloop
  endfacet
  facet normal 0 0 1
    outer loop
      vertex 19.4686 -3.87254 2
      vertex 12.7502 -2.53617 2
      vertex 19.1736 -5.13756 2
    endloop
  endfacet
  facet normal 0 0 1
    outer loop
      vertex 11.2583 6.5 2
      vertex 17.1906 9.925 2
      vertex 16.5047 11.0281 2
    endloop
  endfacet
  facet normal -0 0 1
    outer loop
      vertex 12.557 -3.36465 2
      vertex 19.1736 -5.13756 2
      vertex 12.7502 -2.53617 2
    endloop
  endfacet
  facet normal 0 0 1
    outer loop
      vertex 10.8091 7.22241 2
      vertex 16.5047 11.0281 2
      vertex 15.7481 12.0839 2
    endloop
  endfacet
  facet normal 0 0 1
    outer loop
      vertex 19.1736 -5.13756 2
      vertex 12.557 -3.36465 2
      vertex 18.7966 -6.38057 2
    endloop
  endfacet
  facet normal 0 0 1
    outer loop
      vertex 10.3136 7.9139 2
      vertex 15.7481 12.0839 2
      vertex 14.924 13.088 2
    endloop
  endfacet
  facet normal -0 0 1
    outer loop
      vertex 12.3101 -4.17871 2
      vertex 18.7966 -6.38057 2
      vertex 12.557 -3.36465 2
    endloop
  endfacet
  facet normal 0 0 1
    outer loop
      vertex 9.77392 8.5715 2
      vertex 14.924 13.088 2
      vertex 14.0361 14.0361 2
    endloop
  endfacet
  facet normal 0 0 1
    outer loop
      vertex 18.7966 -6.38057 2
      vertex 12.3101 -4.17871 2
      vertex 18.339 -7.59627 2
    endloop
  endfacet
  facet normal 0 0 1
    outer loop
      vertex 9.19239 9.19239 2
      vertex 14.0361 14.0361 2
      vertex 13.088 14.924 2
    endloop
  endfacet
  facet normal -0 0 1
    outer loop
      vertex 12.0104 -4.97488 2
      vertex 18.339 -7.59627 2
      vertex 12.3101 -4.17871 2
    endloop
  endfacet
  facet normal 0 0 1
    outer loop
      vertex 18.339 -7.59627 2
      vertex 12.0104 -4.97488 2
      vertex 17.8029 -8.77943 2
    endloop
  endfacet
  facet normal 0 0 1
    outer loop
      vertex 19.8075 1.29825 2
      vertex 12.9722 0.85024 2
      vertex 13 0 2
    endloop
  endfacet
  facet normal 0 0 1
    outer loop
      vertex 19.6802 2.59094 2
      vertex 12.8888 1.69684 2
      vertex 12.9722 0.85024 2
    endloop
  endfacet
  facet normal 0 0 1
    outer loop
      vertex 19.4686 3.87254 2
      vertex 12.7502 2.53617 2
      vertex 12.8888 1.69684 2
    endloop
  endfacet
  facet normal 0 0 1
    outer loop
      vertex 19.1736 5.13756 2
      vertex 12.557 3.36465 2
      vertex 12.7502 2.53617 2
    endloop
  endfacet
  facet normal 0 0 1
    outer loop
      vertex 18.7966 6.38057 2
      vertex 12.3101 4.17871 2
      vertex 12.557 3.36465 2
    endloop
  endfacet
  facet normal 0 0 1
    outer loop
      vertex 8.5715 9.77392 2
      vertex 13.088 14.924 2
      vertex 12.0839 15.7481 2
    endloop
  endfacet
  facet normal 0 0 1
    outer loop
      vertex 18.339 7.59627 2
      vertex 12.0104 4.97488 2
      vertex 12.3101 4.17871 2
    endloop
  endfacet
  facet normal 0 0 1
    outer loop
      vertex 17.8029 8.77943 2
      vertex 11.6593 5.74975 2
      vertex 12.0104 4.97488 2
    endloop
  endfacet
  facet normal 0 0 1
    outer loop
      vertex 17.1906 9.925 2
      vertex 11.2583 6.5 2
      vertex 11.6593 5.74975 2
    endloop
  endfacet
  facet normal 0 0 1
    outer loop
      vertex 7.9139 10.3136 2
      vertex 12.0839 15.7481 2
      vertex 11.0281 16.5047 2
    endloop
  endfacet
  facet normal 0 0 1
    outer loop
      vertex 16.5047 11.0281 2
      vertex 10.8091 7.22241 2
      vertex 11.2583 6.5 2
    endloop
  endfacet
  facet normal 0 0 1
    outer loop
      vertex 15.7481 12.0839 2
      vertex 10.3136 7.9139 2
      vertex 10.8091 7.22241 2
    endloop
  endfacet
  facet normal 0 0 1
    outer loop
      vertex 7.22241 10.8091 2
      vertex 11.0281 16.5047 2
      vertex 9.925 17.1906 2
    endloop
  endfacet
  facet normal 0 0 1
    outer loop
      vertex 14.924 13.088 2
      vertex 9.77392 8.5715 2
      vertex 10.3136 7.9139 2
    endloop
  endfacet
  facet normal 0 0 1
    outer loop
      vertex 14.0361 14.0361 2
      vertex 9.19239 9.19239 2
      vertex 9.77392 8.5715 2
    endloop
  endfacet
  facet normal 0 0 1
    outer loop
      vertex 6.5 11.2583 2
      vertex 9.925 17.1906 2
      vertex 8.77943 17.8029 2
    endloop
  endfacet
  facet normal 0 0 1
    outer loop
      vertex 13.088 14.924 2
      vertex 8.5715 9.77392 2
      vertex 9.19239 9.19239 2
    endloop
  endfacet
  facet normal 0 0 1
    outer loop
      vertex 12.0839 15.7481 2
      vertex 7.9139 10.3136 2
      vertex 8.5715 9.77392 2
    endloop
  endfacet
  facet normal 0 0 1
    outer loop
      vertex 5.74975 11.6593 2
      vertex 8.77943 17.8029 2
      vertex 7.59627 18.339 2
    endloop
  endfacet
  facet normal 0 0 1
    outer loop
      vertex 11.0281 16.5047 2
      vertex 7.22241 10.8091 2
      vertex 7.9139 10.3136 2
    endloop
  endfacet
  facet normal 0 0 1
    outer loop
      vertex 9.925 17.1906 2
      vertex 6.5 11.2583 2
      vertex 7.22241 10.8091 2
    endloop
  endfacet
  facet normal 0 0 1
    outer loop
      vertex 4.97488 12.0104 2
      vertex 7.59627 18.339 2
      vertex 6.38057 18.7966 2
    endloop
  endfacet
  facet normal 0 0 1
    outer loop
      vertex 8.77943 17.8029 2
      vertex 5.74975 11.6593 2
      vertex 6.5 11.2583 2
    endloop
  endfacet
  facet normal 0 0 1
    outer loop
      vertex 4.17871 12.3101 2
      vertex 6.38057 18.7966 2
      vertex 5.13756 19.1736 2
    endloop
  endfacet
  facet normal 0 0 1
    outer loop
      vertex 7.59627 18.339 2
      vertex 4.97488 12.0104 2
      vertex 5.74975 11.6593 2
    endloop
  endfacet
  facet normal 0 0 1
    outer loop
      vertex 6.38057 18.7966 2
      vertex 4.17871 12.3101 2
      vertex 4.97488 12.0104 2
    endloop
  endfacet
  facet normal 0 0 1
    outer loop
      vertex 3.36465 12.557 2
      vertex 5.13756 19.1736 2
      vertex 3.87254 19.4686 2
    endloop
  endfacet
  facet normal 0 0 1
    outer loop
      vertex 5.13756 19.1736 2
      vertex 3.36465 12.557 2
      vertex 4.17871 12.3101 2
    endloop
  endfacet
  facet normal 0 0 1
    outer loop
      vertex 2.53617 12.7502 2
      vertex 3.87254 19.4686 2
      vertex 2.59094 19.6802 2
    endloop
  endfacet
  facet normal 0 0 1
    outer loop
      vertex 3.87254 19.4686 2
      vertex 2.53617 12.7502 2
      vertex 3.36465 12.557 2
    endloop
  endfacet
  facet normal 0 0 1
    outer loop
      vertex 1.69684 12.8888 2
      vertex 2.59094 19.6802 2
      vertex 2.07386 19.7311 2
    endloop
  endfacet
  facet normal 0 0 1
    outer loop
      vertex 2.59094 19.6802 2
      vertex 1.69684 12.8888 2
      vertex 2.53617 12.7502 2
    endloop
  endfacet
  facet normal 0 0 1
    outer loop
      vertex 0.85024 12.9722 2
      vertex 2.07386 19.7311 2
      vertex 1.32997 19.7591 2
    endloop
  endfacet
  facet normal 0 0 1
    outer loop
      vertex 0.85024 12.9722 2
      vertex 1.32997 19.7591 2
      vertex 1.29515 19.7602 2
    endloop
  endfacet
  facet normal 0 0 1
    outer loop
      vertex 2.07386 19.7311 2
      vertex 0.85024 12.9722 2
      vertex 1.69684 12.8888 2
    endloop
  endfacet
  facet normal -0 0 1
    outer loop
      vertex 0.0928399 19.7267 2
      vertex 0.85024 12.9722 2
      vertex 1.29515 19.7602 2
    endloop
  endfacet
  facet normal 0 0 1
    outer loop
      vertex 0 13 2
      vertex 0.0928399 19.7267 2
      vertex 0 19.7236 2
    endloop
  endfacet
  facet normal 0 0 1
    outer loop
      vertex 0.0928399 19.7267 2
      vertex 0 13 2
      vertex 0.85024 12.9722 2
    endloop
  endfacet
  facet normal -0 0 1
    outer loop
      vertex -1.13461 19.6175 2
      vertex 0 13 2
      vertex 0 19.7236 2
    endloop
  endfacet
  facet normal 0 0 1
    outer loop
      vertex 0 13 2
      vertex -1.13461 19.6175 2
      vertex -0.85024 12.9722 2
    endloop
  endfacet
  facet normal -0 0 1
    outer loop
      vertex -1.28482 19.6026 2
      vertex -0.85024 12.9722 2
      vertex -1.13461 19.6175 2
    endloop
  endfacet
  facet normal -0 0 1
    outer loop
      vertex -2.34764 19.4325 2
      vertex -0.85024 12.9722 2
      vertex -1.28482 19.6026 2
    endloop
  endfacet
  facet normal 0 0 1
    outer loop
      vertex -0.85024 12.9722 2
      vertex -2.34764 19.4325 2
      vertex -1.69684 12.8888 2
    endloop
  endfacet
  facet normal -0 0 1
    outer loop
      vertex -2.55383 19.3983 2
      vertex -1.69684 12.8888 2
      vertex -2.34764 19.4325 2
    endloop
  endfacet
  facet normal -0 0 1
    outer loop
      vertex -3.54161 19.1731 2
      vertex -1.69684 12.8888 2
      vertex -2.55383 19.3983 2
    endloop
  endfacet
  facet normal 0 0 1
    outer loop
      vertex -1.69684 12.8888 2
      vertex -3.54161 19.1731 2
      vertex -2.53617 12.7502 2
    endloop
  endfacet
  facet normal -0 0 1
    outer loop
      vertex -3.80167 19.1123 2
      vertex -2.53617 12.7502 2
      vertex -3.54161 19.1731 2
    endloop
  endfacet
  facet normal -0 0 1
    outer loop
      vertex -4.71202 18.841 2
      vertex -2.53617 12.7502 2
      vertex -3.80167 19.1123 2
    endloop
  endfacet
  facet normal 0 0 1
    outer loop
      vertex -2.53617 12.7502 2
      vertex -4.71202 18.841 2
      vertex -3.36465 12.557 2
    endloop
  endfacet
  facet normal -0 0 1
    outer loop
      vertex -5.02309 18.7464 2
      vertex -3.36465 12.557 2
      vertex -4.71202 18.841 2
    endloop
  endfacet
  facet normal -0 0 1
    outer loop
      vertex -5.85448 18.4382 2
      vertex -3.36465 12.557 2
      vertex -5.02309 18.7464 2
    endloop
  endfacet
  facet normal 0 0 1
    outer loop
      vertex -3.36465 12.557 2
      vertex -5.85448 18.4382 2
      vertex -4.17871 12.3101 2
    endloop
  endfacet
  facet normal -0 0 1
    outer loop
      vertex -6.21303 18.303 2
      vertex -4.17871 12.3101 2
      vertex -5.85448 18.4382 2
    endloop
  endfacet
  facet normal -0 0 1
    outer loop
      vertex -6.96476 17.9668 2
      vertex -4.17871 12.3101 2
      vertex -6.21303 18.303 2
    endloop
  endfacet
  facet normal 0 0 1
    outer loop
      vertex -4.17871 12.3101 2
      vertex -6.96476 17.9668 2
      vertex -4.97488 12.0104 2
    endloop
  endfacet
  facet normal -0 0 1
    outer loop
      vertex -7.36658 17.7845 2
      vertex -4.97488 12.0104 2
      vertex -6.96476 17.9668 2
    endloop
  endfacet
  facet normal -0 0 1
    outer loop
      vertex -8.03882 17.4294 2
      vertex -4.97488 12.0104 2
      vertex -7.36658 17.7845 2
    endloop
  endfacet
  facet normal 0 0 1
    outer loop
      vertex -4.97488 12.0104 2
      vertex -8.03882 17.4294 2
      vertex -5.74975 11.6593 2
    endloop
  endfacet
  facet normal -0 0 1
    outer loop
      vertex -8.47904 17.1938 2
      vertex -5.74975 11.6593 2
      vertex -8.03882 17.4294 2
    endloop
  endfacet
  facet normal -0 0 1
    outer loop
      vertex -9.07277 16.8286 2
      vertex -5.74975 11.6593 2
      vertex -8.47904 17.1938 2
    endloop
  endfacet
  facet normal 0 0 1
    outer loop
      vertex -5.74975 11.6593 2
      vertex -9.07277 16.8286 2
      vertex -6.5 11.2583 2
    endloop
  endfacet
  facet normal -0 0 1
    outer loop
      vertex -9.54592 16.534 2
      vertex -6.5 11.2583 2
      vertex -9.07277 16.8286 2
    endloop
  endfacet
  facet normal -0 0 1
    outer loop
      vertex -10.0629 16.1673 2
      vertex -6.5 11.2583 2
      vertex -9.54592 16.534 2
    endloop
  endfacet
  facet normal 0 0 1
    outer loop
      vertex -6.5 11.2583 2
      vertex -10.0629 16.1673 2
      vertex -7.22241 10.8091 2
    endloop
  endfacet
  facet normal -0 0 1
    outer loop
      vertex -10.563 15.8086 2
      vertex -7.22241 10.8091 2
      vertex -10.0629 16.1673 2
    endloop
  endfacet
  facet normal -0 0 1
    outer loop
      vertex -11.0058 15.4488 2
      vertex -7.22241 10.8091 2
      vertex -10.563 15.8086 2
    endloop
  endfacet
  facet normal 0 0 1
    outer loop
      vertex -7.22241 10.8091 2
      vertex -11.0058 15.4488 2
      vertex -7.9139 10.3136 2
    endloop
  endfacet
  facet normal -0 0 1
    outer loop
      vertex -11.5262 15.0213 2
      vertex -7.9139 10.3136 2
      vertex -11.0058 15.4488 2
    endloop
  endfacet
  facet normal -0 0 1
    outer loop
      vertex -11.8983 14.6762 2
      vertex -7.9139 10.3136 2
      vertex -11.5262 15.0213 2
    endloop
  endfacet
  facet normal 0 0 1
    outer loop
      vertex -7.9139 10.3136 2
      vertex -11.8983 14.6762 2
      vertex -8.5715 9.77392 2
    endloop
  endfacet
  facet normal -0 0 1
    outer loop
      vertex -12.4319 14.1759 2
      vertex -8.5715 9.77392 2
      vertex -11.8983 14.6762 2
    endloop
  endfacet
  facet normal -0 0 1
    outer loop
      vertex -12.7371 13.8532 2
      vertex -8.5715 9.77392 2
      vertex -12.4319 14.1759 2
    endloop
  endfacet
  facet normal 0 0 1
    outer loop
      vertex -8.5715 9.77392 2
      vertex -12.7371 13.8532 2
      vertex -9.19239 9.19239 2
    endloop
  endfacet
  facet normal -0 0 1
    outer loop
      vertex -13.2766 13.2766 2
      vertex -9.19239 9.19239 2
      vertex -12.7371 13.8532 2
    endloop
  endfacet
  facet normal -0 0 1
    outer loop
      vertex -13.5197 12.9833 2
      vertex -9.19239 9.19239 2
      vertex -13.2766 13.2766 2
    endloop
  endfacet
  facet normal 0 0 1
    outer loop
      vertex -9.19239 9.19239 2
      vertex -13.5197 12.9833 2
      vertex -9.77392 8.5715 2
    endloop
  endfacet
  facet normal -0 0 1
    outer loop
      vertex -14.0571 12.3278 2
      vertex -9.77392 8.5715 2
      vertex -13.5197 12.9833 2
    endloop
  endfacet
  facet normal -0 0 1
    outer loop
      vertex -14.2435 12.0704 2
      vertex -9.77392 8.5715 2
      vertex -14.0571 12.3278 2
    endloop
  endfacet
  facet normal -0 0 1
    outer loop
      vertex -14.7707 11.3339 2
      vertex -9.77392 8.5715 2
      vertex -14.2435 12.0704 2
    endloop
  endfacet
  facet normal 0 0 1
    outer loop
      vertex -9.77392 8.5715 2
      vertex -14.7707 11.3339 2
      vertex -10.3136 7.9139 2
    endloop
  endfacet
  facet normal -0 0 1
    outer loop
      vertex -14.9061 11.1184 2
      vertex -10.3136 7.9139 2
      vertex -14.7707 11.3339 2
    endloop
  endfacet
  facet normal -0 0 1
    outer loop
      vertex -15.4146 10.2997 2
      vertex -10.3136 7.9139 2
      vertex -14.9061 11.1184 2
    endloop
  endfacet
  facet normal 0 0 1
    outer loop
      vertex -10.3136 7.9139 2
      vertex -15.4146 10.2997 2
      vertex -10.8091 7.22241 2
    endloop
  endfacet
  facet normal -0 0 1
    outer loop
      vertex -15.5057 10.1314 2
      vertex -10.8091 7.22241 2
      vertex -15.4146 10.2997 2
    endloop
  endfacet
  facet normal -0 0 1
    outer loop
      vertex -15.9869 9.23003 2
      vertex -10.8091 7.22241 2
      vertex -15.5057 10.1314 2
    endloop
  endfacet
  facet normal 0 0 1
    outer loop
      vertex -10.8091 7.22241 2
      vertex -15.9869 9.23003 2
      vertex -11.2583 6.5 2
    endloop
  endfacet
  facet normal -0 0 1
    outer loop
      vertex 11.6593 -5.74975 2
      vertex 17.8029 -8.77943 2
      vertex 12.0104 -4.97488 2
    endloop
  endfacet
  facet normal 0 0 1
    outer loop
      vertex 17.8029 -8.77943 2
      vertex 11.6593 -5.74975 2
      vertex 17.1906 -9.925 2
    endloop
  endfacet
  facet normal -0 0 1
    outer loop
      vertex 11.2583 -6.5 2
      vertex 17.1906 -9.925 2
      vertex 11.6593 -5.74975 2
    endloop
  endfacet
  facet normal 0 0 1
    outer loop
      vertex 17.1906 -9.925 2
      vertex 11.2583 -6.5 2
      vertex 16.5047 -11.0281 2
    endloop
  endfacet
  facet normal -0 0 1
    outer loop
      vertex 10.8091 -7.22241 2
      vertex 16.5047 -11.0281 2
      vertex 11.2583 -6.5 2
    endloop
  endfacet
  facet normal 0 0 1
    outer loop
      vertex 16.5047 -11.0281 2
      vertex 10.8091 -7.22241 2
      vertex 15.7481 -12.0839 2
    endloop
  endfacet
  facet normal -0 0 1
    outer loop
      vertex 10.3136 -7.9139 2
      vertex 15.7481 -12.0839 2
      vertex 10.8091 -7.22241 2
    endloop
  endfacet
  facet normal 0 0 1
    outer loop
      vertex 15.7481 -12.0839 2
      vertex 10.3136 -7.9139 2
      vertex 14.924 -13.088 2
    endloop
  endfacet
  facet normal -0 0 1
    outer loop
      vertex 9.77392 -8.5715 2
      vertex 14.924 -13.088 2
      vertex 10.3136 -7.9139 2
    endloop
  endfacet
  facet normal 0 0 1
    outer loop
      vertex 14.924 -13.088 2
      vertex 9.77392 -8.5715 2
      vertex 14.0361 -14.0361 2
    endloop
  endfacet
  facet normal -0 0 1
    outer loop
      vertex 9.19239 -9.19239 2
      vertex 14.0361 -14.0361 2
      vertex 9.77392 -8.5715 2
    endloop
  endfacet
  facet normal 0 0 1
    outer loop
      vertex 14.0361 -14.0361 2
      vertex 9.19239 -9.19239 2
      vertex 13.088 -14.924 2
    endloop
  endfacet
  facet normal -0 0 1
    outer loop
      vertex 8.5715 -9.77392 2
      vertex 13.088 -14.924 2
      vertex 9.19239 -9.19239 2
    endloop
  endfacet
  facet normal 0 0 1
    outer loop
      vertex 13.088 -14.924 2
      vertex 8.5715 -9.77392 2
      vertex 12.0839 -15.7481 2
    endloop
  endfacet
  facet normal -0 0 1
    outer loop
      vertex 7.9139 -10.3136 2
      vertex 12.0839 -15.7481 2
      vertex 8.5715 -9.77392 2
    endloop
  endfacet
  facet normal 0 0 1
    outer loop
      vertex 12.0839 -15.7481 2
      vertex 7.9139 -10.3136 2
      vertex 11.0281 -16.5047 2
    endloop
  endfacet
  facet normal -0 0 1
    outer loop
      vertex 7.22241 -10.8091 2
      vertex 11.0281 -16.5047 2
      vertex 7.9139 -10.3136 2
    endloop
  endfacet
  facet normal 0 0 1
    outer loop
      vertex 11.0281 -16.5047 2
      vertex 7.22241 -10.8091 2
      vertex 9.925 -17.1906 2
    endloop
  endfacet
  facet normal -0 0 1
    outer loop
      vertex 6.5 -11.2583 2
      vertex 9.925 -17.1906 2
      vertex 7.22241 -10.8091 2
    endloop
  endfacet
  facet normal 0 0 1
    outer loop
      vertex 9.925 -17.1906 2
      vertex 6.5 -11.2583 2
      vertex 8.77943 -17.8029 2
    endloop
  endfacet
  facet normal -0 0 1
    outer loop
      vertex 5.74975 -11.6593 2
      vertex 8.77943 -17.8029 2
      vertex 6.5 -11.2583 2
    endloop
  endfacet
  facet normal 0 0 1
    outer loop
      vertex 8.77943 -17.8029 2
      vertex 5.74975 -11.6593 2
      vertex 7.59627 -18.339 2
    endloop
  endfacet
  facet normal -0 0 1
    outer loop
      vertex 4.97488 -12.0104 2
      vertex 7.59627 -18.339 2
      vertex 5.74975 -11.6593 2
    endloop
  endfacet
  facet normal 0 0 1
    outer loop
      vertex 7.59627 -18.339 2
      vertex 4.97488 -12.0104 2
      vertex 6.38057 -18.7966 2
    endloop
  endfacet
  facet normal -0 0 1
    outer loop
      vertex 4.17871 -12.3101 2
      vertex 6.38057 -18.7966 2
      vertex 4.97488 -12.0104 2
    endloop
  endfacet
  facet normal 0 0 1
    outer loop
      vertex 6.38057 -18.7966 2
      vertex 4.17871 -12.3101 2
      vertex 5.13756 -19.1736 2
    endloop
  endfacet
  facet normal -0 0 1
    outer loop
      vertex 3.36465 -12.557 2
      vertex 5.13756 -19.1736 2
      vertex 4.17871 -12.3101 2
    endloop
  endfacet
  facet normal 0 0 1
    outer loop
      vertex 5.13756 -19.1736 2
      vertex 3.36465 -12.557 2
      vertex 3.87254 -19.4686 2
    endloop
  endfacet
  facet normal -0 0 1
    outer loop
      vertex 2.53617 -12.7502 2
      vertex 3.87254 -19.4686 2
      vertex 3.36465 -12.557 2
    endloop
  endfacet
  facet normal 0 0 1
    outer loop
      vertex 3.87254 -19.4686 2
      vertex 2.53617 -12.7502 2
      vertex 2.59094 -19.6802 2
    endloop
  endfacet
  facet normal -0 0 1
    outer loop
      vertex 1.69684 -12.8888 2
      vertex 2.59094 -19.6802 2
      vertex 2.53617 -12.7502 2
    endloop
  endfacet
  facet normal 0 0 1
    outer loop
      vertex 2.59094 -19.6802 2
      vertex 1.69684 -12.8888 2
      vertex 2.07386 -19.7311 2
    endloop
  endfacet
  facet normal -0 0 1
    outer loop
      vertex 0.85024 -12.9722 2
      vertex 2.07386 -19.7311 2
      vertex 1.69684 -12.8888 2
    endloop
  endfacet
  facet normal 0 0 1
    outer loop
      vertex 2.07386 -19.7311 2
      vertex 0.85024 -12.9722 2
      vertex 1.32997 -19.7591 2
    endloop
  endfacet
  facet normal 0 0 1
    outer loop
      vertex 1.32997 -19.7591 2
      vertex 0.85024 -12.9722 2
      vertex 1.29515 -19.7602 2
    endloop
  endfacet
  facet normal 0 0 1
    outer loop
      vertex 0.85024 -12.9722 2
      vertex 0.0928399 -19.7267 2
      vertex 1.29515 -19.7602 2
    endloop
  endfacet
  facet normal -0 0 1
    outer loop
      vertex 0 -13 2
      vertex 0.0928399 -19.7267 2
      vertex 0.85024 -12.9722 2
    endloop
  endfacet
  facet normal 0 0 1
    outer loop
      vertex 0 -13 2
      vertex 0 -19.7236 2
      vertex 0.0928399 -19.7267 2
    endloop
  endfacet
  facet normal 0 0 1
    outer loop
      vertex -1.13461 -19.6175 2
      vertex 0 -13 2
      vertex -0.85024 -12.9722 2
    endloop
  endfacet
  facet normal 0 0 1
    outer loop
      vertex 0 -13 2
      vertex -1.13461 -19.6175 2
      vertex 0 -19.7236 2
    endloop
  endfacet
  facet normal 0 0 1
    outer loop
      vertex -0.85024 -12.9722 2
      vertex -1.28482 -19.6026 2
      vertex -1.13461 -19.6175 2
    endloop
  endfacet
  facet normal 0 0 1
    outer loop
      vertex -2.34764 -19.4325 2
      vertex -0.85024 -12.9722 2
      vertex -1.69684 -12.8888 2
    endloop
  endfacet
  facet normal 0 0 1
    outer loop
      vertex -0.85024 -12.9722 2
      vertex -2.34764 -19.4325 2
      vertex -1.28482 -19.6026 2
    endloop
  endfacet
  facet normal 0 0 1
    outer loop
      vertex -3.54161 -19.1731 2
      vertex -1.69684 -12.8888 2
      vertex -2.53617 -12.7502 2
    endloop
  endfacet
  facet normal 0 0 1
    outer loop
      vertex -1.69684 -12.8888 2
      vertex -2.55383 -19.3983 2
      vertex -2.34764 -19.4325 2
    endloop
  endfacet
  facet normal 0 0 1
    outer loop
      vertex -4.71202 -18.841 2
      vertex -2.53617 -12.7502 2
      vertex -3.36465 -12.557 2
    endloop
  endfacet
  facet normal 0 0 1
    outer loop
      vertex -1.69684 -12.8888 2
      vertex -3.54161 -19.1731 2
      vertex -2.55383 -19.3983 2
    endloop
  endfacet
  facet normal 0 0 1
    outer loop
      vertex -2.53617 -12.7502 2
      vertex -3.80167 -19.1123 2
      vertex -3.54161 -19.1731 2
    endloop
  endfacet
  facet normal 0 0 1
    outer loop
      vertex -5.85448 -18.4382 2
      vertex -3.36465 -12.557 2
      vertex -4.17871 -12.3101 2
    endloop
  endfacet
  facet normal 0 0 1
    outer loop
      vertex -2.53617 -12.7502 2
      vertex -4.71202 -18.841 2
      vertex -3.80167 -19.1123 2
    endloop
  endfacet
  facet normal 0 0 1
    outer loop
      vertex -6.96476 -17.9668 2
      vertex -4.17871 -12.3101 2
      vertex -4.97488 -12.0104 2
    endloop
  endfacet
  facet normal 0 0 1
    outer loop
      vertex -3.36465 -12.557 2
      vertex -5.02309 -18.7464 2
      vertex -4.71202 -18.841 2
    endloop
  endfacet
  facet normal 0 0 1
    outer loop
      vertex -8.03882 -17.4294 2
      vertex -4.97488 -12.0104 2
      vertex -5.74975 -11.6593 2
    endloop
  endfacet
  facet normal 0 0 1
    outer loop
      vertex -3.36465 -12.557 2
      vertex -5.85448 -18.4382 2
      vertex -5.02309 -18.7464 2
    endloop
  endfacet
  facet normal 0 0 1
    outer loop
      vertex -4.17871 -12.3101 2
      vertex -6.21303 -18.303 2
      vertex -5.85448 -18.4382 2
    endloop
  endfacet
  facet normal 0 0 1
    outer loop
      vertex -9.07277 -16.8286 2
      vertex -5.74975 -11.6593 2
      vertex -6.5 -11.2583 2
    endloop
  endfacet
  facet normal 0 0 1
    outer loop
      vertex -4.17871 -12.3101 2
      vertex -6.96476 -17.9668 2
      vertex -6.21303 -18.303 2
    endloop
  endfacet
  facet normal 0 0 1
    outer loop
      vertex -10.0629 -16.1673 2
      vertex -6.5 -11.2583 2
      vertex -7.22241 -10.8091 2
    endloop
  endfacet
  facet normal 0 0 1
    outer loop
      vertex -4.97488 -12.0104 2
      vertex -7.36658 -17.7845 2
      vertex -6.96476 -17.9668 2
    endloop
  endfacet
  facet normal 0 0 1
    outer loop
      vertex -11.0058 -15.4488 2
      vertex -7.22241 -10.8091 2
      vertex -7.9139 -10.3136 2
    endloop
  endfacet
  facet normal 0 0 1
    outer loop
      vertex -4.97488 -12.0104 2
      vertex -8.03882 -17.4294 2
      vertex -7.36658 -17.7845 2
    endloop
  endfacet
  facet normal 0 0 1
    outer loop
      vertex -5.74975 -11.6593 2
      vertex -8.47904 -17.1938 2
      vertex -8.03882 -17.4294 2
    endloop
  endfacet
  facet normal 0 0 1
    outer loop
      vertex -11.8983 -14.6762 2
      vertex -7.9139 -10.3136 2
      vertex -8.5715 -9.77392 2
    endloop
  endfacet
  facet normal 0 0 1
    outer loop
      vertex -5.74975 -11.6593 2
      vertex -9.07277 -16.8286 2
      vertex -8.47904 -17.1938 2
    endloop
  endfacet
  facet normal 0 0 1
    outer loop
      vertex -12.7371 -13.8532 2
      vertex -8.5715 -9.77392 2
      vertex -9.19239 -9.19239 2
    endloop
  endfacet
  facet normal 0 0 1
    outer loop
      vertex -6.5 -11.2583 2
      vertex -9.54592 -16.534 2
      vertex -9.07277 -16.8286 2
    endloop
  endfacet
  facet normal 0 0 1
    outer loop
      vertex -13.5197 -12.9833 2
      vertex -9.19239 -9.19239 2
      vertex -9.77392 -8.5715 2
    endloop
  endfacet
  facet normal 0 0 1
    outer loop
      vertex -6.5 -11.2583 2
      vertex -10.0629 -16.1673 2
      vertex -9.54592 -16.534 2
    endloop
  endfacet
  facet normal 0 0 1
    outer loop
      vertex -14.7707 -11.3339 2
      vertex -9.77392 -8.5715 2
      vertex -10.3136 -7.9139 2
    endloop
  endfacet
  facet normal 0 0 1
    outer loop
      vertex -7.22241 -10.8091 2
      vertex -10.563 -15.8086 2
      vertex -10.0629 -16.1673 2
    endloop
  endfacet
  facet normal 0 0 1
    outer loop
      vertex -15.4146 -10.2997 2
      vertex -10.3136 -7.9139 2
      vertex -10.8091 -7.22241 2
    endloop
  endfacet
  facet normal 0 0 1
    outer loop
      vertex -7.22241 -10.8091 2
      vertex -11.0058 -15.4488 2
      vertex -10.563 -15.8086 2
    endloop
  endfacet
  facet normal 0 0 1
    outer loop
      vertex -15.9869 -9.23003 2
      vertex -10.8091 -7.22241 2
      vertex -11.2583 -6.5 2
    endloop
  endfacet
  facet normal 0 0 1
    outer loop
      vertex -7.9139 -10.3136 2
      vertex -11.5262 -15.0213 2
      vertex -11.0058 -15.4488 2
    endloop
  endfacet
  facet normal 0 0 1
    outer loop
      vertex -16.4855 -8.12974 2
      vertex -11.2583 -6.5 2
      vertex -11.6593 -5.74975 2
    endloop
  endfacet
  facet normal 0 0 1
    outer loop
      vertex -7.9139 -10.3136 2
      vertex -11.8983 -14.6762 2
      vertex -11.5262 -15.0213 2
    endloop
  endfacet
  facet normal 0 0 1
    outer loop
      vertex -16.6535 -7.68377 2
      vertex -11.6593 -5.74975 2
      vertex -12.0104 -4.97488 2
    endloop
  endfacet
  facet normal 0 0 1
    outer loop
      vertex -16.9532 -7.02224 2
      vertex -12.0104 -4.97488 2
      vertex -12.3101 -4.17871 2
    endloop
  endfacet
  facet normal 0 0 1
    outer loop
      vertex -8.5715 -9.77392 2
      vertex -12.4319 -14.1759 2
      vertex -11.8983 -14.6762 2
    endloop
  endfacet
  facet normal 0 0 1
    outer loop
      vertex -17.3762 -5.89841 2
      vertex -12.3101 -4.17871 2
      vertex -12.557 -3.36465 2
    endloop
  endfacet
  facet normal 0 0 1
    outer loop
      vertex -8.5715 -9.77392 2
      vertex -12.7371 -13.8532 2
      vertex -12.4319 -14.1759 2
    endloop
  endfacet
  facet normal 0 0 1
    outer loop
      vertex -17.7247 -4.74933 2
      vertex -12.557 -3.36465 2
      vertex -12.7502 -2.53617 2
    endloop
  endfacet
  facet normal 0 0 1
    outer loop
      vertex -17.9974 -3.57991 2
      vertex -12.7502 -2.53617 2
      vertex -12.8888 -1.69684 2
    endloop
  endfacet
  facet normal 0 0 1
    outer loop
      vertex -18.193 -2.39515 2
      vertex -12.8888 -1.69684 2
      vertex -12.9722 -0.85024 2
    endloop
  endfacet
  facet normal 0 0 1
    outer loop
      vertex -18.3107 -1.20015 2
      vertex -12.9722 -0.85024 2
      vertex -13 0 2
    endloop
  endfacet
  facet normal -0 0 1
    outer loop
      vertex -16.4855 8.12974 2
      vertex -11.2583 6.5 2
      vertex -16.0403 9.11359 2
    endloop
  endfacet
  facet normal 0 0 1
    outer loop
      vertex -11.2583 6.5 2
      vertex -16.4855 8.12974 2
      vertex -11.6593 5.74975 2
    endloop
  endfacet
  facet normal -0 0 1
    outer loop
      vertex -17.9974 3.57991 2
      vertex -12.7502 2.53617 2
      vertex -17.7247 4.74933 2
    endloop
  endfacet
  facet normal 0 0 1
    outer loop
      vertex -9.19239 -9.19239 2
      vertex -13.2766 -13.2766 2
      vertex -12.7371 -13.8532 2
    endloop
  endfacet
  facet normal -0 0 1
    outer loop
      vertex -16.0403 9.11359 2
      vertex -11.2583 6.5 2
      vertex -15.9869 9.23003 2
    endloop
  endfacet
  facet normal -0 0 1
    outer loop
      vertex -16.6535 7.68377 2
      vertex -11.6593 5.74975 2
      vertex -16.5086 8.06911 2
    endloop
  endfacet
  facet normal 0 0 1
    outer loop
      vertex -11.6593 -5.74975 2
      vertex -16.6535 -7.68377 2
      vertex -16.5086 -8.06911 2
    endloop
  endfacet
  facet normal 0 0 1
    outer loop
      vertex -9.77392 -8.5715 2
      vertex -14.0571 -12.3278 2
      vertex -13.5197 -12.9833 2
    endloop
  endfacet
  facet normal -0 0 1
    outer loop
      vertex -16.5086 8.06911 2
      vertex -11.6593 5.74975 2
      vertex -16.4855 8.12974 2
    endloop
  endfacet
  facet normal 0 0 1
    outer loop
      vertex -11.6593 5.74975 2
      vertex -16.6535 7.68377 2
      vertex -12.0104 4.97488 2
    endloop
  endfacet
  facet normal 0 0 1
    outer loop
      vertex -9.19239 -9.19239 2
      vertex -13.5197 -12.9833 2
      vertex -13.2766 -13.2766 2
    endloop
  endfacet
  facet normal 0 0 1
    outer loop
      vertex -9.77392 -8.5715 2
      vertex -14.7707 -11.3339 2
      vertex -14.2435 -12.0704 2
    endloop
  endfacet
  facet normal -0 0 1
    outer loop
      vertex -16.9532 7.02224 2
      vertex -12.0104 4.97488 2
      vertex -16.6535 7.68377 2
    endloop
  endfacet
  facet normal 0 0 1
    outer loop
      vertex -12.0104 4.97488 2
      vertex -16.9532 7.02224 2
      vertex -12.3101 4.17871 2
    endloop
  endfacet
  facet normal 0 0 1
    outer loop
      vertex -9.77392 -8.5715 2
      vertex -14.2435 -12.0704 2
      vertex -14.0571 -12.3278 2
    endloop
  endfacet
  facet normal 0 0 1
    outer loop
      vertex -10.3136 -7.9139 2
      vertex -15.4146 -10.2997 2
      vertex -14.9061 -11.1184 2
    endloop
  endfacet
  facet normal -0 0 1
    outer loop
      vertex -17.3762 5.89841 2
      vertex -12.3101 4.17871 2
      vertex -16.9532 7.02224 2
    endloop
  endfacet
  facet normal 0 0 1
    outer loop
      vertex -12.3101 4.17871 2
      vertex -17.3762 5.89841 2
      vertex -12.557 3.36465 2
    endloop
  endfacet
  facet normal 0 0 1
    outer loop
      vertex -10.3136 -7.9139 2
      vertex -14.9061 -11.1184 2
      vertex -14.7707 -11.3339 2
    endloop
  endfacet
  facet normal 0 0 1
    outer loop
      vertex -10.8091 -7.22241 2
      vertex -15.9869 -9.23003 2
      vertex -15.5057 -10.1314 2
    endloop
  endfacet
  facet normal -0 0 1
    outer loop
      vertex -17.7247 4.74933 2
      vertex -12.557 3.36465 2
      vertex -17.3762 5.89841 2
    endloop
  endfacet
  facet normal 0 0 1
    outer loop
      vertex -12.557 3.36465 2
      vertex -17.7247 4.74933 2
      vertex -12.7502 2.53617 2
    endloop
  endfacet
  facet normal 0 0 1
    outer loop
      vertex -10.8091 -7.22241 2
      vertex -15.5057 -10.1314 2
      vertex -15.4146 -10.2997 2
    endloop
  endfacet
  facet normal 0 0 1
    outer loop
      vertex -11.2583 -6.5 2
      vertex -16.4855 -8.12974 2
      vertex -16.0403 -9.11359 2
    endloop
  endfacet
  facet normal 0 0 1
    outer loop
      vertex -11.2583 -6.5 2
      vertex -16.0403 -9.11359 2
      vertex -15.9869 -9.23003 2
    endloop
  endfacet
  facet normal 0 0 1
    outer loop
      vertex -11.6593 -5.74975 2
      vertex -16.5086 -8.06911 2
      vertex -16.4855 -8.12974 2
    endloop
  endfacet
  facet normal 0 0 1
    outer loop
      vertex -12.7502 2.53617 2
      vertex -17.9974 3.57991 2
      vertex -12.8888 1.69684 2
    endloop
  endfacet
  facet normal -0 0 1
    outer loop
      vertex -18.193 2.39515 2
      vertex -12.8888 1.69684 2
      vertex -17.9974 3.57991 2
    endloop
  endfacet
  facet normal 0 0 1
    outer loop
      vertex -12.3101 -4.17871 2
      vertex -17.3762 -5.89841 2
      vertex -16.9532 -7.02224 2
    endloop
  endfacet
  facet normal 0 0 1
    outer loop
      vertex -12.0104 -4.97488 2
      vertex -16.9532 -7.02224 2
      vertex -16.6535 -7.68377 2
    endloop
  endfacet
  facet normal 0 0 1
    outer loop
      vertex -12.8888 1.69684 2
      vertex -18.193 2.39515 2
      vertex -12.9722 0.85024 2
    endloop
  endfacet
  facet normal 0 0 1
    outer loop
      vertex -12.557 -3.36465 2
      vertex -17.7247 -4.74933 2
      vertex -17.3762 -5.89841 2
    endloop
  endfacet
  facet normal -0 0 1
    outer loop
      vertex -18.3107 1.20015 2
      vertex -12.9722 0.85024 2
      vertex -18.193 2.39515 2
    endloop
  endfacet
  facet normal 0 0 1
    outer loop
      vertex -12.7502 -2.53617 2
      vertex -17.9974 -3.57991 2
      vertex -17.7247 -4.74933 2
    endloop
  endfacet
  facet normal 0 0 1
    outer loop
      vertex -12.9722 0.85024 2
      vertex -18.3107 1.20015 2
      vertex -13 0 2
    endloop
  endfacet
  facet normal 0 0 1
    outer loop
      vertex -12.8888 -1.69684 2
      vertex -18.193 -2.39515 2
      vertex -17.9974 -3.57991 2
    endloop
  endfacet
  facet normal 0 0 1
    outer loop
      vertex -18.35 0 2
      vertex -13 0 2
      vertex -18.3107 1.20015 2
    endloop
  endfacet
  facet normal 0 0 1
    outer loop
      vertex -12.9722 -0.85024 2
      vertex -18.3107 -1.20015 2
      vertex -18.193 -2.39515 2
    endloop
  endfacet
  facet normal 0 0 1
    outer loop
      vertex -13 0 2
      vertex -18.35 0 2
      vertex -18.3107 -1.20015 2
    endloop
  endfacet
  facet normal -0.995199 -0.0978728 0
    outer loop
      vertex 18.1971 2.35346 3.35504
      vertex 18.193 2.39515 3.76895
      vertex 18.193 2.39515 3.35605
    endloop
  endfacet
  facet normal -0.995184 -0.098026 1.55809e-05
    outer loop
      vertex 18.1971 2.35346 3.35504
      vertex 18.3066 1.24185 3.73871
      vertex 18.193 2.39515 3.76895
    endloop
  endfacet
  facet normal -0.995184 -0.0980252 1.78696e-05
    outer loop
      vertex 18.3107 1.20015 3.3248
      vertex 18.3066 1.24185 3.73871
      vertex 18.1971 2.35346 3.35504
    endloop
  endfacet
  facet normal -0.995201 -0.0978495 0
    outer loop
      vertex 18.3066 1.24185 3.73871
      vertex 18.3107 1.20015 3.3248
      vertex 18.3107 1.20015 3.7377
    endloop
  endfacet
  facet normal -0.995199 -0.0978728 0
    outer loop
      vertex 18.1971 2.35346 6.35504
      vertex 18.193 2.39515 6.76895
      vertex 18.193 2.39515 6.35605
    endloop
  endfacet
  facet normal -0.995184 -0.098026 1.55809e-05
    outer loop
      vertex 18.1971 2.35346 6.35504
      vertex 18.3066 1.24185 6.73871
      vertex 18.193 2.39515 6.76895
    endloop
  endfacet
  facet normal -0.995184 -0.0980252 1.78696e-05
    outer loop
      vertex 18.3107 1.20015 6.3248
      vertex 18.3066 1.24185 6.73871
      vertex 18.1971 2.35346 6.35504
    endloop
  endfacet
  facet normal -0.995201 -0.0978495 0
    outer loop
      vertex 18.3066 1.24185 6.73871
      vertex 18.3107 1.20015 6.3248
      vertex 18.3107 1.20015 6.7377
    endloop
  endfacet
  facet normal -0.999442 -0.0334102 0
    outer loop
      vertex 18.3121 1.15827 3.32379
      vertex 18.3107 1.20015 3.7377
      vertex 18.3107 1.20015 3.3248
    endloop
  endfacet
  facet normal -0.999465 -0.0327018 -7.17523e-05
    outer loop
      vertex 18.3121 1.15827 3.32379
      vertex 18.3486 0.0418793 3.70746
      vertex 18.3107 1.20015 3.7377
    endloop
  endfacet
  facet normal -0.999465 -0.0327018 -7.18058e-05
    outer loop
      vertex 18.35 0 3.29355
      vertex 18.3486 0.0418793 3.70746
      vertex 18.3121 1.15827 3.32379
    endloop
  endfacet
  facet normal -0.999442 -0.0334107 0
    outer loop
      vertex 18.3486 0.0418793 3.70746
      vertex 18.35 0 3.29355
      vertex 18.35 0 3.70645
    endloop
  endfacet
  facet normal -0.999442 -0.0334102 0
    outer loop
      vertex 18.3121 1.15827 6.32379
      vertex 18.3107 1.20015 6.7377
      vertex 18.3107 1.20015 6.3248
    endloop
  endfacet
  facet normal -0.999465 -0.0327018 -7.17523e-05
    outer loop
      vertex 18.3121 1.15827 6.32379
      vertex 18.3486 0.0418793 6.70746
      vertex 18.3107 1.20015 6.7377
    endloop
  endfacet
  facet normal -0.999465 -0.0327018 -7.18058e-05
    outer loop
      vertex 18.35 0 6.29355
      vertex 18.3486 0.0418793 6.70746
      vertex 18.3121 1.15827 6.32379
    endloop
  endfacet
  facet normal -0.999442 -0.0334107 0
    outer loop
      vertex 18.3486 0.0418793 6.70746
      vertex 18.35 0 6.29355
      vertex 18.35 0 6.70645
    endloop
  endfacet
  facet normal -0.986746 -0.16227 0
    outer loop
      vertex 18.0042 3.53856 3.38629
      vertex 17.9974 3.57991 3.8002
      vertex 17.9974 3.57991 3.3873
    endloop
  endfacet
  facet normal -0.98664 -0.162916 6.62444e-05
    outer loop
      vertex 18.0042 3.53856 3.38629
      vertex 18.1862 2.4365 3.76996
      vertex 17.9974 3.57991 3.8002
    endloop
  endfacet
  facet normal -0.98664 -0.162917 6.24407e-05
    outer loop
      vertex 18.193 2.39516 3.35605
      vertex 18.1862 2.4365 3.76996
      vertex 18.0042 3.53856 3.38629
    endloop
  endfacet
  facet normal -0.98674 -0.162308 0
    outer loop
      vertex 18.193 2.39516 3.35605
      vertex 18.193 2.39516 3.76895
      vertex 18.1862 2.4365 3.76996
    endloop
  endfacet
  facet normal -1 0 0
    outer loop
      vertex 18.193 2.39515 3.35605
      vertex 18.193 2.39516 3.76895
      vertex 18.193 2.39516 3.35605
    endloop
  endfacet
  facet normal -1 -0 0
    outer loop
      vertex 18.193 2.39516 3.76895
      vertex 18.193 2.39515 3.35605
      vertex 18.193 2.39515 3.76895
    endloop
  endfacet
  facet normal -0.986746 -0.16227 0
    outer loop
      vertex 18.0042 3.53856 6.38629
      vertex 17.9974 3.57991 6.8002
      vertex 17.9974 3.57991 6.3873
    endloop
  endfacet
  facet normal -0.98664 -0.162916 6.62444e-05
    outer loop
      vertex 18.0042 3.53856 6.38629
      vertex 18.1862 2.4365 6.76996
      vertex 17.9974 3.57991 6.8002
    endloop
  endfacet
  facet normal -0.98664 -0.162917 6.24407e-05
    outer loop
      vertex 18.193 2.39516 6.35605
      vertex 18.1862 2.4365 6.76996
      vertex 18.0042 3.53856 6.38629
    endloop
  endfacet
  facet normal -0.98674 -0.162308 0
    outer loop
      vertex 18.193 2.39516 6.35605
      vertex 18.193 2.39516 6.76895
      vertex 18.1862 2.4365 6.76996
    endloop
  endfacet
  facet normal -1 0 0
    outer loop
      vertex 18.193 2.39515 6.35605
      vertex 18.193 2.39516 6.76895
      vertex 18.193 2.39516 6.35605
    endloop
  endfacet
  facet normal -1 -0 0
    outer loop
      vertex 18.193 2.39516 6.76895
      vertex 18.193 2.39515 6.35605
      vertex 18.193 2.39515 6.76895
    endloop
  endfacet
  facet normal -0.97343 -0.228986 0
    outer loop
      vertex 17.7343 4.70852 3.41754
      vertex 17.7247 4.74933 3.83145
      vertex 17.7247 4.74933 3.41855
    endloop
  endfacet
  facet normal -0.97387 -0.227106 -0.000195563
    outer loop
      vertex 17.7343 4.70852 3.41754
      vertex 17.9879 3.62071 3.80121
      vertex 17.7247 4.74933 3.83145
    endloop
  endfacet
  facet normal -0.973887 -0.227032 2.65154e-05
    outer loop
      vertex 17.9974 3.57991 3.3873
      vertex 17.9879 3.62071 3.80121
      vertex 17.7343 4.70852 3.41754
    endloop
  endfacet
  facet normal -0.973947 -0.226777 0
    outer loop
      vertex 17.9974 3.57991 3.3873
      vertex 17.9974 3.57991 3.8002
      vertex 17.9879 3.62071 3.80121
    endloop
  endfacet
  facet normal -0.97343 -0.228986 0
    outer loop
      vertex 17.7343 4.70852 6.41754
      vertex 17.7247 4.74933 6.83145
      vertex 17.7247 4.74933 6.41855
    endloop
  endfacet
  facet normal -0.97387 -0.227106 -0.000195563
    outer loop
      vertex 17.7343 4.70852 6.41754
      vertex 17.9879 3.62071 6.80121
      vertex 17.7247 4.74933 6.83145
    endloop
  endfacet
  facet normal -0.973887 -0.227032 2.65154e-05
    outer loop
      vertex 17.9974 3.57991 6.3873
      vertex 17.9879 3.62071 6.80121
      vertex 17.7343 4.70852 6.41754
    endloop
  endfacet
  facet normal -0.973947 -0.226777 0
    outer loop
      vertex 17.9974 3.57991 6.3873
      vertex 17.9974 3.57991 6.8002
      vertex 17.9879 3.62071 6.80121
    endloop
  endfacet
  facet normal 0.527422 -0.849603 0
    outer loop
      vertex -10.1591 15.2796 4.32379
      vertex -10.1947 15.2575 4.7377
      vertex -10.1947 15.2575 4.3248
    endloop
  endfacet
  facet normal 0.528029 -0.849226 7.2301e-05
    outer loop
      vertex -10.1947 15.2575 4.7377
      vertex -10.1591 15.2796 4.32379
      vertex -9.21058 15.8694 4.70746
    endloop
  endfacet
  facet normal 0.528094 -0.849186 -0.000150626
    outer loop
      vertex -9.175 15.8916 4.29355
      vertex -9.21058 15.8694 4.70746
      vertex -10.1591 15.2796 4.32379
    endloop
  endfacet
  facet normal 0.529356 -0.8484 0
    outer loop
      vertex -9.21058 15.8694 4.70746
      vertex -9.175 15.8916 4.29355
      vertex -9.175 15.8916 4.70645
    endloop
  endfacet
  facet normal 0.527422 -0.849603 0
    outer loop
      vertex -10.1591 15.2796 7.32379
      vertex -10.1947 15.2575 7.7377
      vertex -10.1947 15.2575 7.3248
    endloop
  endfacet
  facet normal 0.528029 -0.849226 7.2301e-05
    outer loop
      vertex -10.1947 15.2575 7.7377
      vertex -10.1591 15.2796 7.32379
      vertex -9.21058 15.8694 7.70746
    endloop
  endfacet
  facet normal 0.528094 -0.849186 -0.000150626
    outer loop
      vertex -9.175 15.8916 7.29355
      vertex -9.21058 15.8694 7.70746
      vertex -10.1591 15.2796 7.32379
    endloop
  endfacet
  facet normal 0.529356 -0.8484 0
    outer loop
      vertex -9.21058 15.8694 7.70746
      vertex -9.175 15.8916 7.29355
      vertex -9.175 15.8916 7.70645
    endloop
  endfacet
  facet normal 0.774064 0.633108 0
    outer loop
      vertex -14.5315 -11.2032 2.51996
      vertex -14.558 -11.1708 2.10605
      vertex -14.558 -11.1708 2.51895
    endloop
  endfacet
  facet normal 0.772992 0.634415 0.000170944
    outer loop
      vertex -14.5315 -11.2032 2.51996
      vertex -13.8228 -12.0666 2.13629
      vertex -14.558 -11.1708 2.10605
    endloop
  endfacet
  facet normal 0.772992 0.634415 0.000170944
    outer loop
      vertex -13.7963 -12.099 2.5502
      vertex -13.8228 -12.0666 2.13629
      vertex -14.5315 -11.2032 2.51996
    endloop
  endfacet
  facet normal 0.774064 0.633108 0
    outer loop
      vertex -13.8228 -12.0666 2.13629
      vertex -13.7963 -12.099 2.5502
      vertex -13.7963 -12.099 2.1373
    endloop
  endfacet
  facet normal 0.774064 0.633108 0
    outer loop
      vertex -14.5315 -11.2032 5.51996
      vertex -14.558 -11.1708 5.10605
      vertex -14.558 -11.1708 5.51895
    endloop
  endfacet
  facet normal 0.772992 0.634415 0.000170944
    outer loop
      vertex -14.5315 -11.2032 5.51996
      vertex -13.8228 -12.0666 5.13629
      vertex -14.558 -11.1708 5.10605
    endloop
  endfacet
  facet normal 0.772992 0.634415 0.000170944
    outer loop
      vertex -13.7963 -12.099 5.5502
      vertex -13.8228 -12.0666 5.13629
      vertex -14.5315 -11.2032 5.51996
    endloop
  endfacet
  facet normal 0.774064 0.633108 0
    outer loop
      vertex -13.8228 -12.0666 5.13629
      vertex -13.7963 -12.099 5.5502
      vertex -13.7963 -12.099 5.1373
    endloop
  endfacet
  facet normal 0.774064 0.633108 0
    outer loop
      vertex -14.5315 -11.2032 8.51996
      vertex -14.558 -11.1708 8.10605
      vertex -14.558 -11.1708 8.51895
    endloop
  endfacet
  facet normal 0.772992 0.634415 0.000170944
    outer loop
      vertex -14.5315 -11.2032 8.51996
      vertex -13.8228 -12.0666 8.13629
      vertex -14.558 -11.1708 8.10605
    endloop
  endfacet
  facet normal 0.772992 0.634415 0.000170944
    outer loop
      vertex -13.7963 -12.099 8.5502
      vertex -13.8228 -12.0666 8.13629
      vertex -14.5315 -11.2032 8.51996
    endloop
  endfacet
  facet normal 0.774064 0.633108 0
    outer loop
      vertex -13.8228 -12.0666 8.13629
      vertex -13.7963 -12.099 8.5502
      vertex -13.7963 -12.099 8.1373
    endloop
  endfacet
  facet normal -0.910815 -0.412814 0
    outer loop
      vertex 16.4749 8.07783 3.51129
      vertex 16.4576 8.116 3.9252
      vertex 16.4576 8.116 3.5123
    endloop
  endfacet
  facet normal -0.910858 -0.41272 -1.04429e-05
    outer loop
      vertex 16.4749 8.07783 3.51129
      vertex 16.9359 7.06041 3.89496
      vertex 16.4576 8.116 3.9252
    endloop
  endfacet
  facet normal -0.910858 -0.41272 -1.04429e-05
    outer loop
      vertex 16.9532 7.02224 3.48105
      vertex 16.9359 7.06041 3.89496
      vertex 16.4749 8.07783 3.51129
    endloop
  endfacet
  facet normal -0.910815 -0.412814 0
    outer loop
      vertex 16.9359 7.06041 3.89496
      vertex 16.9532 7.02224 3.48105
      vertex 16.9532 7.02224 3.89395
    endloop
  endfacet
  facet normal -0.910815 -0.412814 0
    outer loop
      vertex 16.4749 8.07783 6.51129
      vertex 16.4576 8.116 6.9252
      vertex 16.4576 8.116 6.5123
    endloop
  endfacet
  facet normal -0.910858 -0.41272 -1.04429e-05
    outer loop
      vertex 16.4749 8.07783 6.51129
      vertex 16.9359 7.06041 6.89496
      vertex 16.4576 8.116 6.9252
    endloop
  endfacet
  facet normal -0.910858 -0.41272 -1.04429e-05
    outer loop
      vertex 16.9532 7.02224 6.48105
      vertex 16.9359 7.06041 6.89496
      vertex 16.4749 8.07783 6.51129
    endloop
  endfacet
  facet normal -0.910815 -0.412814 0
    outer loop
      vertex 16.9359 7.06041 6.89496
      vertex 16.9532 7.02224 6.48105
      vertex 16.9532 7.02224 6.89395
    endloop
  endfacet
  facet normal 0.729389 0.6841 0
    outer loop
      vertex -13.7676 -12.1296 2.55121
      vertex -13.7963 -12.099 2.1373
      vertex -13.7963 -12.099 2.5502
    endloop
  endfacet
  facet normal 0.729856 0.683601 -6.92732e-05
    outer loop
      vertex -13.7676 -12.1296 2.55121
      vertex -13.0041 -12.9448 2.16754
      vertex -13.7963 -12.099 2.1373
    endloop
  endfacet
  facet normal 0.729856 0.683601 -6.92732e-05
    outer loop
      vertex -12.9754 -12.9754 2.58145
      vertex -13.0041 -12.9448 2.16754
      vertex -13.7676 -12.1296 2.55121
    endloop
  endfacet
  facet normal 0.729389 0.6841 0
    outer loop
      vertex -13.0041 -12.9448 2.16754
      vertex -12.9754 -12.9754 2.58145
      vertex -12.9754 -12.9754 2.16855
    endloop
  endfacet
  facet normal 0.729389 0.6841 0
    outer loop
      vertex -13.7676 -12.1296 5.55121
      vertex -13.7963 -12.099 5.1373
      vertex -13.7963 -12.099 5.5502
    endloop
  endfacet
  facet normal 0.729856 0.683601 -6.92732e-05
    outer loop
      vertex -13.7676 -12.1296 5.55121
      vertex -13.0041 -12.9448 5.16754
      vertex -13.7963 -12.099 5.1373
    endloop
  endfacet
  facet normal 0.729856 0.683601 -6.92732e-05
    outer loop
      vertex -12.9754 -12.9754 5.58145
      vertex -13.0041 -12.9448 5.16754
      vertex -13.7676 -12.1296 5.55121
    endloop
  endfacet
  facet normal 0.729389 0.6841 0
    outer loop
      vertex -13.0041 -12.9448 5.16754
      vertex -12.9754 -12.9754 5.58145
      vertex -12.9754 -12.9754 5.16855
    endloop
  endfacet
  facet normal 0.729389 0.6841 0
    outer loop
      vertex -13.7676 -12.1296 8.55121
      vertex -13.7963 -12.099 8.1373
      vertex -13.7963 -12.099 8.5502
    endloop
  endfacet
  facet normal 0.729856 0.683601 -6.92732e-05
    outer loop
      vertex -13.7676 -12.1296 8.55121
      vertex -13.0041 -12.9448 8.16754
      vertex -13.7963 -12.099 8.1373
    endloop
  endfacet
  facet normal 0.729856 0.683601 -6.92732e-05
    outer loop
      vertex -12.9754 -12.9754 8.58145
      vertex -13.0041 -12.9448 8.16754
      vertex -13.7676 -12.1296 8.55121
    endloop
  endfacet
  facet normal 0.729389 0.6841 0
    outer loop
      vertex -13.0041 -12.9448 8.16754
      vertex -12.9754 -12.9754 8.58145
      vertex -12.9754 -12.9754 8.16855
    endloop
  endfacet
  facet normal -0.527422 0.849603 0
    outer loop
      vertex 10.1591 -15.2796 8.82379
      vertex 10.1947 -15.2575 9.01
      vertex 10.1947 -15.2575 8.8248
    endloop
  endfacet
  facet normal -0.528074 0.849199 0.000172587
    outer loop
      vertex 10.1947 -15.2575 9.01
      vertex 10.1591 -15.2796 8.82379
      vertex 9.175 -15.8916 9.01
    endloop
  endfacet
  facet normal -0.528097 0.849184 0
    outer loop
      vertex 9.175 -15.8916 9.01
      vertex 10.1591 -15.2796 8.82379
      vertex 9.175 -15.8916 8.79355
    endloop
  endfacet
  facet normal -0.527422 0.849603 0
    outer loop
      vertex 10.1591 -15.2796 2.82379
      vertex 10.1947 -15.2575 3.2377
      vertex 10.1947 -15.2575 2.8248
    endloop
  endfacet
  facet normal -0.528029 0.849226 7.2301e-05
    outer loop
      vertex 10.1947 -15.2575 3.2377
      vertex 10.1591 -15.2796 2.82379
      vertex 9.21058 -15.8694 3.20746
    endloop
  endfacet
  facet normal -0.528094 0.849186 -0.000150626
    outer loop
      vertex 9.175 -15.8916 2.79355
      vertex 9.21058 -15.8694 3.20746
      vertex 10.1591 -15.2796 2.82379
    endloop
  endfacet
  facet normal -0.529356 0.8484 0
    outer loop
      vertex 9.21058 -15.8694 3.20746
      vertex 9.175 -15.8916 2.79355
      vertex 9.175 -15.8916 3.20645
    endloop
  endfacet
  facet normal -0.527422 0.849603 0
    outer loop
      vertex 10.1591 -15.2796 5.82379
      vertex 10.1947 -15.2575 6.2377
      vertex 10.1947 -15.2575 5.8248
    endloop
  endfacet
  facet normal -0.528029 0.849226 7.2301e-05
    outer loop
      vertex 10.1947 -15.2575 6.2377
      vertex 10.1591 -15.2796 5.82379
      vertex 9.21058 -15.8694 6.20746
    endloop
  endfacet
  facet normal -0.528094 0.849186 -0.000150626
    outer loop
      vertex 9.175 -15.8916 5.79355
      vertex 9.21058 -15.8694 6.20746
      vertex 10.1591 -15.2796 5.82379
    endloop
  endfacet
  facet normal -0.529356 0.8484 0
    outer loop
      vertex 9.21058 -15.8694 6.20746
      vertex 9.175 -15.8916 5.79355
      vertex 9.175 -15.8916 6.20645
    endloop
  endfacet
  facet normal 0.849603 -0.527422 0
    outer loop
      vertex -15.2796 10.1591 4.92621
      vertex -15.2575 10.1947 4.5123
      vertex -15.2575 10.1947 4.9252
    endloop
  endfacet
  facet normal 0.849226 -0.528029 -7.2301e-05
    outer loop
      vertex -15.2796 10.1591 4.92621
      vertex -15.8694 9.21058 4.54254
      vertex -15.2575 10.1947 4.5123
    endloop
  endfacet
  facet normal 0.849186 -0.528094 0.000150626
    outer loop
      vertex -15.8916 9.175 4.95645
      vertex -15.8694 9.21058 4.54254
      vertex -15.2796 10.1591 4.92621
    endloop
  endfacet
  facet normal 0.8484 -0.529356 0
    outer loop
      vertex -15.8694 9.21058 4.54254
      vertex -15.8916 9.175 4.95645
      vertex -15.8916 9.175 4.54355
    endloop
  endfacet
  facet normal 0.849603 -0.527422 0
    outer loop
      vertex -15.2796 10.1591 7.92621
      vertex -15.2575 10.1947 7.5123
      vertex -15.2575 10.1947 7.9252
    endloop
  endfacet
  facet normal 0.849226 -0.528029 -7.2301e-05
    outer loop
      vertex -15.2796 10.1591 7.92621
      vertex -15.8694 9.21058 7.54254
      vertex -15.2575 10.1947 7.5123
    endloop
  endfacet
  facet normal 0.849186 -0.528094 0.000150626
    outer loop
      vertex -15.8916 9.175 7.95645
      vertex -15.8694 9.21058 7.54254
      vertex -15.2796 10.1591 7.92621
    endloop
  endfacet
  facet normal 0.8484 -0.529356 0
    outer loop
      vertex -15.8694 9.21058 7.54254
      vertex -15.8916 9.175 7.95645
      vertex -15.8916 9.175 7.54355
    endloop
  endfacet
  facet normal -0.6841 0.729389 0
    outer loop
      vertex 12.9448 -13.0041 8.91754
      vertex 12.9754 -12.9754 9.01
      vertex 12.9754 -12.9754 8.91855
    endloop
  endfacet
  facet normal -0.68362 0.729838 -0.000298485
    outer loop
      vertex 12.9754 -12.9754 9.01
      vertex 12.9448 -13.0041 8.91754
      vertex 12.099 -13.7963 9.01
    endloop
  endfacet
  facet normal -0.683602 0.729855 0
    outer loop
      vertex 12.099 -13.7963 9.01
      vertex 12.9448 -13.0041 8.91754
      vertex 12.099 -13.7963 8.8873
    endloop
  endfacet
  facet normal -0.6841 0.729389 0
    outer loop
      vertex 12.9448 -13.0041 2.91754
      vertex 12.9754 -12.9754 3.33145
      vertex 12.9754 -12.9754 2.91855
    endloop
  endfacet
  facet normal -0.683601 0.729856 -6.92732e-05
    outer loop
      vertex 12.9754 -12.9754 3.33145
      vertex 12.9448 -13.0041 2.91754
      vertex 12.1296 -13.7676 3.30121
    endloop
  endfacet
  facet normal -0.683601 0.729856 -6.92732e-05
    outer loop
      vertex 12.099 -13.7963 2.8873
      vertex 12.1296 -13.7676 3.30121
      vertex 12.9448 -13.0041 2.91754
    endloop
  endfacet
  facet normal -0.6841 0.729389 0
    outer loop
      vertex 12.1296 -13.7676 3.30121
      vertex 12.099 -13.7963 2.8873
      vertex 12.099 -13.7963 3.3002
    endloop
  endfacet
  facet normal -0.6841 0.729389 0
    outer loop
      vertex 12.9448 -13.0041 5.91754
      vertex 12.9754 -12.9754 6.33145
      vertex 12.9754 -12.9754 5.91855
    endloop
  endfacet
  facet normal -0.683601 0.729856 -6.92732e-05
    outer loop
      vertex 12.9754 -12.9754 6.33145
      vertex 12.9448 -13.0041 5.91754
      vertex 12.1296 -13.7676 6.30121
    endloop
  endfacet
  facet normal -0.683601 0.729856 -6.92732e-05
    outer loop
      vertex 12.099 -13.7963 5.8873
      vertex 12.1296 -13.7676 6.30121
      vertex 12.9448 -13.0041 5.91754
    endloop
  endfacet
  facet normal -0.6841 0.729389 0
    outer loop
      vertex 12.1296 -13.7676 6.30121
      vertex 12.099 -13.7963 5.8873
      vertex 12.099 -13.7963 6.3002
    endloop
  endfacet
  facet normal -0.412814 0.910815 0
    outer loop
      vertex 8.07783 -16.4749 8.76129
      vertex 8.116 -16.4576 9.01
      vertex 8.116 -16.4576 8.7623
    endloop
  endfacet
  facet normal -0.412723 0.910856 -1.67285e-05
    outer loop
      vertex 8.116 -16.4576 9.01
      vertex 8.07783 -16.4749 8.76129
      vertex 7.02224 -16.9532 9.01
    endloop
  endfacet
  facet normal -0.41272 0.910858 0
    outer loop
      vertex 7.02224 -16.9532 9.01
      vertex 8.07783 -16.4749 8.76129
      vertex 7.02224 -16.9532 8.73105
    endloop
  endfacet
  facet normal -0.412814 0.910815 0
    outer loop
      vertex 8.07783 -16.4749 2.76129
      vertex 8.116 -16.4576 3.1752
      vertex 8.116 -16.4576 2.7623
    endloop
  endfacet
  facet normal -0.41272 0.910858 -1.04429e-05
    outer loop
      vertex 8.116 -16.4576 3.1752
      vertex 8.07783 -16.4749 2.76129
      vertex 7.06041 -16.9359 3.14496
    endloop
  endfacet
  facet normal -0.41272 0.910858 -1.04429e-05
    outer loop
      vertex 7.02224 -16.9532 2.73105
      vertex 7.06041 -16.9359 3.14496
      vertex 8.07783 -16.4749 2.76129
    endloop
  endfacet
  facet normal -0.412814 0.910815 0
    outer loop
      vertex 7.06041 -16.9359 3.14496
      vertex 7.02224 -16.9532 2.73105
      vertex 7.02224 -16.9532 3.14395
    endloop
  endfacet
  facet normal -0.412814 0.910815 0
    outer loop
      vertex 8.07783 -16.4749 5.76129
      vertex 8.116 -16.4576 6.1752
      vertex 8.116 -16.4576 5.7623
    endloop
  endfacet
  facet normal -0.41272 0.910858 -1.04429e-05
    outer loop
      vertex 8.116 -16.4576 6.1752
      vertex 8.07783 -16.4749 5.76129
      vertex 7.06041 -16.9359 6.14496
    endloop
  endfacet
  facet normal -0.41272 0.910858 -1.04429e-05
    outer loop
      vertex 7.02224 -16.9532 5.73105
      vertex 7.06041 -16.9359 6.14496
      vertex 8.07783 -16.4749 5.76129
    endloop
  endfacet
  facet normal -0.412814 0.910815 0
    outer loop
      vertex 7.06041 -16.9359 6.14496
      vertex 7.02224 -16.9532 5.73105
      vertex 7.02224 -16.9532 6.14395
    endloop
  endfacet
  facet normal -0.729389 -0.6841 0
    outer loop
      vertex 13.0041 12.9448 3.66754
      vertex 12.9754 12.9754 4.08145
      vertex 12.9754 12.9754 3.66855
    endloop
  endfacet
  facet normal -0.729856 -0.683601 -6.92732e-05
    outer loop
      vertex 13.0041 12.9448 3.66754
      vertex 13.7676 12.1296 4.05121
      vertex 12.9754 12.9754 4.08145
    endloop
  endfacet
  facet normal -0.729856 -0.683601 -6.92732e-05
    outer loop
      vertex 13.7963 12.099 3.6373
      vertex 13.7676 12.1296 4.05121
      vertex 13.0041 12.9448 3.66754
    endloop
  endfacet
  facet normal -0.729389 -0.6841 0
    outer loop
      vertex 13.7676 12.1296 4.05121
      vertex 13.7963 12.099 3.6373
      vertex 13.7963 12.099 4.0502
    endloop
  endfacet
  facet normal -0.729389 -0.6841 0
    outer loop
      vertex 13.0041 12.9448 6.66754
      vertex 12.9754 12.9754 7.08145
      vertex 12.9754 12.9754 6.66855
    endloop
  endfacet
  facet normal -0.729856 -0.683601 -6.92732e-05
    outer loop
      vertex 13.0041 12.9448 6.66754
      vertex 13.7676 12.1296 7.05121
      vertex 12.9754 12.9754 7.08145
    endloop
  endfacet
  facet normal -0.729856 -0.683601 -6.92732e-05
    outer loop
      vertex 13.7963 12.099 6.6373
      vertex 13.7676 12.1296 7.05121
      vertex 13.0041 12.9448 6.66754
    endloop
  endfacet
  facet normal -0.729389 -0.6841 0
    outer loop
      vertex 13.7676 12.1296 7.05121
      vertex 13.7963 12.099 6.6373
      vertex 13.7963 12.099 7.0502
    endloop
  endfacet
  facet normal -0.288947 0.957345 0
    outer loop
      vertex 5.85832 -17.3883 8.69879
      vertex 5.89841 -17.3762 9.01
      vertex 5.89841 -17.3762 8.6998
    endloop
  endfacet
  facet normal -0.290232 0.956956 0.000180623
    outer loop
      vertex 5.89841 -17.3762 9.01
      vertex 5.85832 -17.3883 8.69879
      vertex 4.74933 -17.7247 9.01
    endloop
  endfacet
  facet normal -0.290278 0.956942 0
    outer loop
      vertex 4.74933 -17.7247 8.66855
      vertex 4.74933 -17.7247 9.01
      vertex 5.85832 -17.3883 8.69879
    endloop
  endfacet
  facet normal -0.288947 0.957345 0
    outer loop
      vertex 5.89841 -17.3762 3.1127
      vertex 5.89841 -17.3762 2.6998
      vertex 5.85832 -17.3883 2.69879
    endloop
  endfacet
  facet normal -0.290284 0.956941 0.00014134
    outer loop
      vertex 5.89841 -17.3762 3.1127
      vertex 5.85832 -17.3883 2.69879
      vertex 4.78943 -17.7126 3.08246
    endloop
  endfacet
  facet normal -0.290282 0.956941 0.000148118
    outer loop
      vertex 4.74933 -17.7247 2.66855
      vertex 4.78943 -17.7126 3.08246
      vertex 5.85832 -17.3883 2.69879
    endloop
  endfacet
  facet normal -0.288881 0.957365 0
    outer loop
      vertex 4.78943 -17.7126 3.08246
      vertex 4.74933 -17.7247 2.66855
      vertex 4.74933 -17.7247 3.08145
    endloop
  endfacet
  facet normal -0.288947 0.957345 0
    outer loop
      vertex 5.89841 -17.3762 6.1127
      vertex 5.89841 -17.3762 5.6998
      vertex 5.85832 -17.3883 5.69879
    endloop
  endfacet
  facet normal -0.290284 0.956941 0.00014134
    outer loop
      vertex 5.89841 -17.3762 6.1127
      vertex 5.85832 -17.3883 5.69879
      vertex 4.78943 -17.7126 6.08246
    endloop
  endfacet
  facet normal -0.290282 0.956941 0.000148118
    outer loop
      vertex 4.74933 -17.7247 5.66855
      vertex 4.78943 -17.7126 6.08246
      vertex 5.85832 -17.3883 5.69879
    endloop
  endfacet
  facet normal -0.288881 0.957365 0
    outer loop
      vertex 4.78943 -17.7126 6.08246
      vertex 4.74933 -17.7247 5.66855
      vertex 4.74933 -17.7247 6.08145
    endloop
  endfacet
  facet normal -0.581915 -0.81325 0
    outer loop
      vertex 10.2288 15.2331 3.76129
      vertex 10.1947 15.2575 4.1752
      vertex 10.1947 15.2575 3.7623
    endloop
  endfacet
  facet normal -0.582521 -0.812816 -7.54767e-05
    outer loop
      vertex 10.1947 15.2575 4.1752
      vertex 10.2288 15.2331 3.76129
      vertex 11.1367 14.5824 4.14496
    endloop
  endfacet
  facet normal -0.582521 -0.812816 -7.54767e-05
    outer loop
      vertex 11.1708 14.558 3.73105
      vertex 11.1367 14.5824 4.14496
      vertex 10.2288 15.2331 3.76129
    endloop
  endfacet
  facet normal -0.581915 -0.81325 0
    outer loop
      vertex 11.1367 14.5824 4.14496
      vertex 11.1708 14.558 3.73105
      vertex 11.1708 14.558 4.14395
    endloop
  endfacet
  facet normal -0.581915 -0.81325 0
    outer loop
      vertex 10.2288 15.2331 6.76129
      vertex 10.1947 15.2575 7.1752
      vertex 10.1947 15.2575 6.7623
    endloop
  endfacet
  facet normal -0.582521 -0.812816 -7.54767e-05
    outer loop
      vertex 10.1947 15.2575 7.1752
      vertex 10.2288 15.2331 6.76129
      vertex 11.1367 14.5824 7.14496
    endloop
  endfacet
  facet normal -0.582521 -0.812816 -7.54767e-05
    outer loop
      vertex 11.1708 14.558 6.73105
      vertex 11.1367 14.5824 7.14496
      vertex 10.2288 15.2331 6.76129
    endloop
  endfacet
  facet normal -0.581915 -0.81325 0
    outer loop
      vertex 11.1367 14.5824 7.14496
      vertex 11.1708 14.558 6.73105
      vertex 11.1708 14.558 7.14395
    endloop
  endfacet
  facet normal -0.470464 -0.882419 0
    outer loop
      vertex 8.15295 16.4379 3.82379
      vertex 8.116 16.4576 4.2377
      vertex 8.116 16.4576 3.8248
    endloop
  endfacet
  facet normal -0.471401 -0.881919 -0.000107439
    outer loop
      vertex 8.116 16.4576 4.2377
      vertex 8.15295 16.4379 3.82379
      vertex 9.13805 15.9113 4.20746
    endloop
  endfacet
  facet normal -0.471401 -0.881919 -0.000107439
    outer loop
      vertex 9.175 15.8916 3.79355
      vertex 9.13805 15.9113 4.20746
      vertex 8.15295 16.4379 3.82379
    endloop
  endfacet
  facet normal -0.470464 -0.882419 0
    outer loop
      vertex 9.13805 15.9113 4.20746
      vertex 9.175 15.8916 3.79355
      vertex 9.175 15.8916 4.20645
    endloop
  endfacet
  facet normal -0.470464 -0.882419 0
    outer loop
      vertex 8.15295 16.4379 6.82379
      vertex 8.116 16.4576 7.2377
      vertex 8.116 16.4576 6.8248
    endloop
  endfacet
  facet normal -0.471401 -0.881919 -0.000107439
    outer loop
      vertex 8.116 16.4576 7.2377
      vertex 8.15295 16.4379 6.82379
      vertex 9.13805 15.9113 7.20746
    endloop
  endfacet
  facet normal -0.471401 -0.881919 -0.000107439
    outer loop
      vertex 9.175 15.8916 6.79355
      vertex 9.13805 15.9113 7.20746
      vertex 8.15295 16.4379 6.82379
    endloop
  endfacet
  facet normal -0.470464 -0.882419 0
    outer loop
      vertex 9.13805 15.9113 7.20746
      vertex 9.175 15.8916 6.79355
      vertex 9.175 15.8916 7.20645
    endloop
  endfacet
  facet normal -0.529356 -0.8484 0
    outer loop
      vertex 9.21058 15.8694 3.79254
      vertex 9.175 15.8916 4.20645
      vertex 9.175 15.8916 3.79355
    endloop
  endfacet
  facet normal -0.528094 -0.849186 0.000150626
    outer loop
      vertex 9.175 15.8916 4.20645
      vertex 9.21058 15.8694 3.79254
      vertex 10.1591 15.2796 4.17621
    endloop
  endfacet
  facet normal -0.528029 -0.849226 -7.2301e-05
    outer loop
      vertex 10.1947 15.2575 3.7623
      vertex 10.1591 15.2796 4.17621
      vertex 9.21058 15.8694 3.79254
    endloop
  endfacet
  facet normal -0.527422 -0.849603 0
    outer loop
      vertex 10.1591 15.2796 4.17621
      vertex 10.1947 15.2575 3.7623
      vertex 10.1947 15.2575 4.1752
    endloop
  endfacet
  facet normal -0.529356 -0.8484 0
    outer loop
      vertex 9.21058 15.8694 6.79254
      vertex 9.175 15.8916 7.20645
      vertex 9.175 15.8916 6.79355
    endloop
  endfacet
  facet normal -0.528094 -0.849186 0.000150626
    outer loop
      vertex 9.175 15.8916 7.20645
      vertex 9.21058 15.8694 6.79254
      vertex 10.1591 15.2796 7.17621
    endloop
  endfacet
  facet normal -0.528029 -0.849226 -7.2301e-05
    outer loop
      vertex 10.1947 15.2575 6.7623
      vertex 10.1591 15.2796 7.17621
      vertex 9.21058 15.8694 6.79254
    endloop
  endfacet
  facet normal -0.527422 -0.849603 0
    outer loop
      vertex 10.1591 15.2796 7.17621
      vertex 10.1947 15.2575 6.7623
      vertex 10.1947 15.2575 7.1752
    endloop
  endfacet
  facet normal -0.288881 -0.957365 -0
    outer loop
      vertex 4.74933 17.7247 4.33145
      vertex 4.74933 17.7247 3.91855
      vertex 4.78943 17.7126 3.91754
    endloop
  endfacet
  facet normal -0.290282 -0.956941 -0.000148118
    outer loop
      vertex 4.74933 17.7247 4.33145
      vertex 4.78943 17.7126 3.91754
      vertex 5.85832 17.3883 4.30121
    endloop
  endfacet
  facet normal -0.290284 -0.956941 -0.00014134
    outer loop
      vertex 5.89841 17.3762 3.8873
      vertex 5.85832 17.3883 4.30121
      vertex 4.78943 17.7126 3.91754
    endloop
  endfacet
  facet normal -0.288947 -0.957345 0
    outer loop
      vertex 5.85832 17.3883 4.30121
      vertex 5.89841 17.3762 3.8873
      vertex 5.89841 17.3762 4.3002
    endloop
  endfacet
  facet normal -0.288881 -0.957365 -0
    outer loop
      vertex 4.74933 17.7247 7.33145
      vertex 4.74933 17.7247 6.91855
      vertex 4.78943 17.7126 6.91754
    endloop
  endfacet
  facet normal -0.290282 -0.956941 -0.000148118
    outer loop
      vertex 4.74933 17.7247 7.33145
      vertex 4.78943 17.7126 6.91754
      vertex 5.85832 17.3883 7.30121
    endloop
  endfacet
  facet normal -0.290284 -0.956941 -0.00014134
    outer loop
      vertex 5.89841 17.3762 6.8873
      vertex 5.85832 17.3883 7.30121
      vertex 4.78943 17.7126 6.91754
    endloop
  endfacet
  facet normal -0.288947 -0.957345 0
    outer loop
      vertex 5.85832 17.3883 7.30121
      vertex 5.89841 17.3762 6.8873
      vertex 5.89841 17.3762 7.3002
    endloop
  endfacet
  facet normal -0.935602 0.353057 0
    outer loop
      vertex 17.3614 -5.93763 3.13629
      vertex 17.3762 -5.89841 3.5502
      vertex 17.3762 -5.89841 3.1373
    endloop
  endfacet
  facet normal -0.935883 0.35231 8.08955e-05
    outer loop
      vertex 17.3614 -5.93763 3.13629
      vertex 16.9679 -6.98302 3.51996
      vertex 17.3762 -5.89841 3.5502
    endloop
  endfacet
  facet normal -0.93591 0.35224 -0.000137617
    outer loop
      vertex 16.9532 -7.02224 3.10605
      vertex 16.9679 -6.98302 3.51996
      vertex 17.3614 -5.93763 3.13629
    endloop
  endfacet
  facet normal -0.936388 0.350966 0
    outer loop
      vertex 16.9532 -7.02224 3.10605
      vertex 16.9532 -7.02224 3.51895
      vertex 16.9679 -6.98302 3.51996
    endloop
  endfacet
  facet normal -0.935602 0.353057 0
    outer loop
      vertex 17.3614 -5.93763 6.13629
      vertex 17.3762 -5.89841 6.5502
      vertex 17.3762 -5.89841 6.1373
    endloop
  endfacet
  facet normal -0.935883 0.35231 8.08955e-05
    outer loop
      vertex 17.3614 -5.93763 6.13629
      vertex 16.9679 -6.98302 6.51996
      vertex 17.3762 -5.89841 6.5502
    endloop
  endfacet
  facet normal -0.93591 0.35224 -0.000137617
    outer loop
      vertex 16.9532 -7.02224 6.10605
      vertex 16.9679 -6.98302 6.51996
      vertex 17.3614 -5.93763 6.13629
    endloop
  endfacet
  facet normal -0.936388 0.350966 0
    outer loop
      vertex 16.9532 -7.02224 6.10605
      vertex 16.9532 -7.02224 6.51895
      vertex 16.9679 -6.98302 6.51996
    endloop
  endfacet
  facet normal 0.412814 -0.910815 0
    outer loop
      vertex -8.07783 16.4749 4.26129
      vertex -8.116 16.4576 4.6752
      vertex -8.116 16.4576 4.2623
    endloop
  endfacet
  facet normal 0.41272 -0.910858 -1.04429e-05
    outer loop
      vertex -8.116 16.4576 4.6752
      vertex -8.07783 16.4749 4.26129
      vertex -7.06041 16.9359 4.64496
    endloop
  endfacet
  facet normal 0.41272 -0.910858 -1.04429e-05
    outer loop
      vertex -7.02224 16.9532 4.23105
      vertex -7.06041 16.9359 4.64496
      vertex -8.07783 16.4749 4.26129
    endloop
  endfacet
  facet normal 0.412814 -0.910815 0
    outer loop
      vertex -7.06041 16.9359 4.64496
      vertex -7.02224 16.9532 4.23105
      vertex -7.02224 16.9532 4.64395
    endloop
  endfacet
  facet normal 0.412814 -0.910815 0
    outer loop
      vertex -8.07783 16.4749 7.26129
      vertex -8.116 16.4576 7.6752
      vertex -8.116 16.4576 7.2623
    endloop
  endfacet
  facet normal 0.41272 -0.910858 -1.04429e-05
    outer loop
      vertex -8.116 16.4576 7.6752
      vertex -8.07783 16.4749 7.26129
      vertex -7.06041 16.9359 7.64496
    endloop
  endfacet
  facet normal 0.41272 -0.910858 -1.04429e-05
    outer loop
      vertex -7.02224 16.9532 7.23105
      vertex -7.06041 16.9359 7.64496
      vertex -8.07783 16.4749 7.26129
    endloop
  endfacet
  facet normal 0.412814 -0.910815 0
    outer loop
      vertex -7.06041 16.9359 7.64496
      vertex -7.02224 16.9532 7.23105
      vertex -7.02224 16.9532 7.64395
    endloop
  endfacet
  facet normal -0.957345 -0.288947 0
    outer loop
      vertex 17.3883 5.85832 3.44879
      vertex 17.3762 5.89841 3.8627
      vertex 17.3762 5.89841 3.4498
    endloop
  endfacet
  facet normal -0.956941 -0.290284 0.00014134
    outer loop
      vertex 17.3883 5.85832 3.44879
      vertex 17.7126 4.78943 3.83246
      vertex 17.3762 5.89841 3.8627
    endloop
  endfacet
  facet normal -0.956941 -0.290282 0.000148118
    outer loop
      vertex 17.7247 4.74933 3.41855
      vertex 17.7126 4.78943 3.83246
      vertex 17.3883 5.85832 3.44879
    endloop
  endfacet
  facet normal -0.957365 -0.288881 0
    outer loop
      vertex 17.7247 4.74933 3.41855
      vertex 17.7247 4.74933 3.83145
      vertex 17.7126 4.78943 3.83246
    endloop
  endfacet
  facet normal -0.957345 -0.288947 0
    outer loop
      vertex 17.3883 5.85832 6.44879
      vertex 17.3762 5.89841 6.8627
      vertex 17.3762 5.89841 6.4498
    endloop
  endfacet
  facet normal -0.956941 -0.290284 0.00014134
    outer loop
      vertex 17.3883 5.85832 6.44879
      vertex 17.7126 4.78943 6.83246
      vertex 17.3762 5.89841 6.8627
    endloop
  endfacet
  facet normal -0.956941 -0.290282 0.000148118
    outer loop
      vertex 17.7247 4.74933 6.41855
      vertex 17.7126 4.78943 6.83246
      vertex 17.3883 5.85832 6.44879
    endloop
  endfacet
  facet normal -0.957365 -0.288881 0
    outer loop
      vertex 17.7247 4.74933 6.41855
      vertex 17.7247 4.74933 6.83145
      vertex 17.7126 4.78943 6.83246
    endloop
  endfacet
  facet normal -0.350966 0.936388 0
    outer loop
      vertex 6.98302 -16.9679 8.73004
      vertex 7.02224 -16.9532 9.01
      vertex 7.02224 -16.9532 8.73105
    endloop
  endfacet
  facet normal -0.352265 0.9359 0.000207507
    outer loop
      vertex 7.02224 -16.9532 9.01
      vertex 6.98302 -16.9679 8.73004
      vertex 5.89841 -17.3762 9.01
    endloop
  endfacet
  facet normal -0.352312 0.935883 0
    outer loop
      vertex 5.89841 -17.3762 9.01
      vertex 6.98302 -16.9679 8.73004
      vertex 5.89841 -17.3762 8.6998
    endloop
  endfacet
  facet normal -0.350966 0.936388 0
    outer loop
      vertex 7.02224 -16.9532 3.14395
      vertex 7.02224 -16.9532 2.73105
      vertex 6.98302 -16.9679 2.73004
    endloop
  endfacet
  facet normal -0.35224 0.93591 0.000137617
    outer loop
      vertex 7.02224 -16.9532 3.14395
      vertex 6.98302 -16.9679 2.73004
      vertex 5.93763 -17.3614 3.11371
    endloop
  endfacet
  facet normal -0.35231 0.935883 -8.08955e-05
    outer loop
      vertex 5.89841 -17.3762 2.6998
      vertex 5.93763 -17.3614 3.11371
      vertex 6.98302 -16.9679 2.73004
    endloop
  endfacet
  facet normal -0.353057 0.935602 0
    outer loop
      vertex 5.93763 -17.3614 3.11371
      vertex 5.89841 -17.3762 2.6998
      vertex 5.89841 -17.3762 3.1127
    endloop
  endfacet
  facet normal -0.350966 0.936388 0
    outer loop
      vertex 7.02224 -16.9532 6.14395
      vertex 7.02224 -16.9532 5.73105
      vertex 6.98302 -16.9679 5.73004
    endloop
  endfacet
  facet normal -0.35224 0.93591 0.000137617
    outer loop
      vertex 7.02224 -16.9532 6.14395
      vertex 6.98302 -16.9679 5.73004
      vertex 5.93763 -17.3614 6.11371
    endloop
  endfacet
  facet normal -0.35231 0.935883 -8.08955e-05
    outer loop
      vertex 5.89841 -17.3762 5.6998
      vertex 5.93763 -17.3614 6.11371
      vertex 6.98302 -16.9679 5.73004
    endloop
  endfacet
  facet normal -0.353057 0.935602 0
    outer loop
      vertex 5.93763 -17.3614 6.11371
      vertex 5.89841 -17.3762 5.6998
      vertex 5.89841 -17.3762 6.1127
    endloop
  endfacet
  facet normal 0.999442 -0.0334102 0
    outer loop
      vertex -18.3121 1.15827 2.17621
      vertex -18.3107 1.20015 2
      vertex -18.3107 1.20015 2.1752
    endloop
  endfacet
  facet normal 0.999465 -0.0327037 0
    outer loop
      vertex -18.35 0 2
      vertex -18.3121 1.15827 2.17621
      vertex -18.35 0 2.20645
    endloop
  endfacet
  facet normal 0.999464 -0.0327284 0.000162227
    outer loop
      vertex -18.3121 1.15827 2.17621
      vertex -18.35 0 2
      vertex -18.3107 1.20015 2
    endloop
  endfacet
  facet normal 0.999442 -0.0334102 0
    outer loop
      vertex -18.3121 1.15827 5.17621
      vertex -18.3107 1.20015 4.7623
      vertex -18.3107 1.20015 5.1752
    endloop
  endfacet
  facet normal 0.999465 -0.0327018 7.17523e-05
    outer loop
      vertex -18.3121 1.15827 5.17621
      vertex -18.3486 0.0418793 4.79254
      vertex -18.3107 1.20015 4.7623
    endloop
  endfacet
  facet normal 0.999465 -0.0327018 7.18058e-05
    outer loop
      vertex -18.35 0 5.20645
      vertex -18.3486 0.0418793 4.79254
      vertex -18.3121 1.15827 5.17621
    endloop
  endfacet
  facet normal 0.999442 -0.0334107 0
    outer loop
      vertex -18.3486 0.0418793 4.79254
      vertex -18.35 0 5.20645
      vertex -18.35 0 4.79355
    endloop
  endfacet
  facet normal 0.999442 -0.0334102 0
    outer loop
      vertex -18.3121 1.15827 8.17621
      vertex -18.3107 1.20015 7.7623
      vertex -18.3107 1.20015 8.1752
    endloop
  endfacet
  facet normal 0.999465 -0.0327018 7.17523e-05
    outer loop
      vertex -18.3121 1.15827 8.17621
      vertex -18.3486 0.0418793 7.79254
      vertex -18.3107 1.20015 7.7623
    endloop
  endfacet
  facet normal 0.999465 -0.0327018 7.18058e-05
    outer loop
      vertex -18.35 0 8.20645
      vertex -18.3486 0.0418793 7.79254
      vertex -18.3121 1.15827 8.17621
    endloop
  endfacet
  facet normal 0.999442 -0.0334107 0
    outer loop
      vertex -18.3486 0.0418793 7.79254
      vertex -18.35 0 8.20645
      vertex -18.35 0 7.79355
    endloop
  endfacet
  facet normal -0.353057 -0.935602 0
    outer loop
      vertex 5.93763 17.3614 3.88629
      vertex 5.89841 17.3762 4.3002
      vertex 5.89841 17.3762 3.8873
    endloop
  endfacet
  facet normal -0.35231 -0.935883 8.08955e-05
    outer loop
      vertex 5.89841 17.3762 4.3002
      vertex 5.93763 17.3614 3.88629
      vertex 6.98302 16.9679 4.26996
    endloop
  endfacet
  facet normal -0.35224 -0.93591 -0.000137617
    outer loop
      vertex 7.02224 16.9532 3.85605
      vertex 6.98302 16.9679 4.26996
      vertex 5.93763 17.3614 3.88629
    endloop
  endfacet
  facet normal -0.350966 -0.936388 0
    outer loop
      vertex 6.98302 16.9679 4.26996
      vertex 7.02224 16.9532 3.85605
      vertex 7.02224 16.9532 4.26895
    endloop
  endfacet
  facet normal -0.353057 -0.935602 0
    outer loop
      vertex 5.93763 17.3614 6.88629
      vertex 5.89841 17.3762 7.3002
      vertex 5.89841 17.3762 6.8873
    endloop
  endfacet
  facet normal -0.35231 -0.935883 8.08955e-05
    outer loop
      vertex 5.89841 17.3762 7.3002
      vertex 5.93763 17.3614 6.88629
      vertex 6.98302 16.9679 7.26996
    endloop
  endfacet
  facet normal -0.35224 -0.93591 -0.000137617
    outer loop
      vertex 7.02224 16.9532 6.85605
      vertex 6.98302 16.9679 7.26996
      vertex 5.93763 17.3614 6.88629
    endloop
  endfacet
  facet normal -0.350966 -0.936388 0
    outer loop
      vertex 6.98302 16.9679 7.26996
      vertex 7.02224 16.9532 6.85605
      vertex 7.02224 16.9532 7.26895
    endloop
  endfacet
  facet normal 0.470464 -0.882419 0
    outer loop
      vertex -9.13805 15.9113 4.29254
      vertex -9.175 15.8916 4.70645
      vertex -9.175 15.8916 4.29355
    endloop
  endfacet
  facet normal 0.471401 -0.881919 0.000107439
    outer loop
      vertex -9.175 15.8916 4.70645
      vertex -9.13805 15.9113 4.29254
      vertex -8.15295 16.4379 4.67621
    endloop
  endfacet
  facet normal 0.471401 -0.881919 0.000107439
    outer loop
      vertex -8.116 16.4576 4.2623
      vertex -8.15295 16.4379 4.67621
      vertex -9.13805 15.9113 4.29254
    endloop
  endfacet
  facet normal 0.470464 -0.882419 0
    outer loop
      vertex -8.15295 16.4379 4.67621
      vertex -8.116 16.4576 4.2623
      vertex -8.116 16.4576 4.6752
    endloop
  endfacet
  facet normal 0.470464 -0.882419 0
    outer loop
      vertex -9.13805 15.9113 7.29254
      vertex -9.175 15.8916 7.70645
      vertex -9.175 15.8916 7.29355
    endloop
  endfacet
  facet normal 0.471401 -0.881919 0.000107439
    outer loop
      vertex -9.175 15.8916 7.70645
      vertex -9.13805 15.9113 7.29254
      vertex -8.15295 16.4379 7.67621
    endloop
  endfacet
  facet normal 0.471401 -0.881919 0.000107439
    outer loop
      vertex -8.116 16.4576 7.2623
      vertex -8.15295 16.4379 7.67621
      vertex -9.13805 15.9113 7.29254
    endloop
  endfacet
  facet normal 0.470464 -0.882419 0
    outer loop
      vertex -8.15295 16.4379 7.67621
      vertex -8.116 16.4576 7.2623
      vertex -8.116 16.4576 7.6752
    endloop
  endfacet
  facet normal -0.0979451 0.995192 7.51505e-06
    outer loop
      vertex 2.35346 -18.1971 8.60504
      vertex 2.05375 -18.2266 9.01
      vertex 2.39515 -18.193 9.01
    endloop
  endfacet
  facet normal -0.0980234 0.995184 -5.10251e-05
    outer loop
      vertex 1.20015 -18.3107 8.5748
      vertex 2.05375 -18.2266 9.01
      vertex 2.35346 -18.1971 8.60504
    endloop
  endfacet
  facet normal -0.0978728 0.995199 0
    outer loop
      vertex 2.35346 -18.1971 8.60504
      vertex 2.39515 -18.193 9.01
      vertex 2.39515 -18.193 8.60605
    endloop
  endfacet
  facet normal -0.09806 0.995181 2.14081e-05
    outer loop
      vertex 2.05375 -18.2266 9.01
      vertex 1.20015 -18.3107 8.5748
      vertex 1.24185 -18.3066 8.98871
    endloop
  endfacet
  facet normal -0.0978495 0.995201 0
    outer loop
      vertex 1.24185 -18.3066 8.98871
      vertex 1.20015 -18.3107 8.5748
      vertex 1.20015 -18.3107 8.9877
    endloop
  endfacet
  facet normal -0.0978728 0.995199 0
    outer loop
      vertex 2.35346 -18.1971 2.60504
      vertex 2.39515 -18.193 3.01895
      vertex 2.39515 -18.193 2.60605
    endloop
  endfacet
  facet normal -0.098026 0.995184 1.55809e-05
    outer loop
      vertex 2.39515 -18.193 3.01895
      vertex 2.35346 -18.1971 2.60504
      vertex 1.24185 -18.3066 2.98871
    endloop
  endfacet
  facet normal -0.0980252 0.995184 1.78696e-05
    outer loop
      vertex 1.20015 -18.3107 2.5748
      vertex 1.24185 -18.3066 2.98871
      vertex 2.35346 -18.1971 2.60504
    endloop
  endfacet
  facet normal -0.0978495 0.995201 0
    outer loop
      vertex 1.24185 -18.3066 2.98871
      vertex 1.20015 -18.3107 2.5748
      vertex 1.20015 -18.3107 2.9877
    endloop
  endfacet
  facet normal -0.0978728 0.995199 0
    outer loop
      vertex 2.35346 -18.1971 5.60504
      vertex 2.39515 -18.193 6.01895
      vertex 2.39515 -18.193 5.60605
    endloop
  endfacet
  facet normal -0.098026 0.995184 1.55809e-05
    outer loop
      vertex 2.39515 -18.193 6.01895
      vertex 2.35346 -18.1971 5.60504
      vertex 1.24185 -18.3066 5.98871
    endloop
  endfacet
  facet normal -0.0980252 0.995184 1.78696e-05
    outer loop
      vertex 1.20015 -18.3107 5.5748
      vertex 1.24185 -18.3066 5.98871
      vertex 2.35346 -18.1971 5.60504
    endloop
  endfacet
  facet normal -0.0978495 0.995201 0
    outer loop
      vertex 1.24185 -18.3066 5.98871
      vertex 1.20015 -18.3107 5.5748
      vertex 1.20015 -18.3107 5.9877
    endloop
  endfacet
  facet normal 0.6841 -0.729389 0
    outer loop
      vertex -12.9448 13.0041 4.41754
      vertex -12.9754 12.9754 4.83145
      vertex -12.9754 12.9754 4.41855
    endloop
  endfacet
  facet normal 0.683601 -0.729856 -6.92732e-05
    outer loop
      vertex -12.9754 12.9754 4.83145
      vertex -12.9448 13.0041 4.41754
      vertex -12.1296 13.7676 4.80121
    endloop
  endfacet
  facet normal 0.683601 -0.729856 -6.92732e-05
    outer loop
      vertex -12.099 13.7963 4.3873
      vertex -12.1296 13.7676 4.80121
      vertex -12.9448 13.0041 4.41754
    endloop
  endfacet
  facet normal 0.6841 -0.729389 0
    outer loop
      vertex -12.1296 13.7676 4.80121
      vertex -12.099 13.7963 4.3873
      vertex -12.099 13.7963 4.8002
    endloop
  endfacet
  facet normal 0.6841 -0.729389 0
    outer loop
      vertex -12.9448 13.0041 7.41754
      vertex -12.9754 12.9754 7.83145
      vertex -12.9754 12.9754 7.41855
    endloop
  endfacet
  facet normal 0.683601 -0.729856 -6.92732e-05
    outer loop
      vertex -12.9754 12.9754 7.83145
      vertex -12.9448 13.0041 7.41754
      vertex -12.1296 13.7676 7.80121
    endloop
  endfacet
  facet normal 0.683601 -0.729856 -6.92732e-05
    outer loop
      vertex -12.099 13.7963 7.3873
      vertex -12.1296 13.7676 7.80121
      vertex -12.9448 13.0041 7.41754
    endloop
  endfacet
  facet normal 0.6841 -0.729389 0
    outer loop
      vertex -12.1296 13.7676 7.80121
      vertex -12.099 13.7963 7.3873
      vertex -12.099 13.7963 7.8002
    endloop
  endfacet
  facet normal -0.999442 0.0334107 0
    outer loop
      vertex 18.3486 -0.0418793 3.29254
      vertex 18.35 0 3.70645
      vertex 18.35 0 3.29355
    endloop
  endfacet
  facet normal -0.999465 0.0327018 7.18058e-05
    outer loop
      vertex 18.3486 -0.0418793 3.29254
      vertex 18.3121 -1.15827 3.67621
      vertex 18.35 0 3.70645
    endloop
  endfacet
  facet normal -0.999465 0.0327018 7.17523e-05
    outer loop
      vertex 18.3107 -1.20015 3.2623
      vertex 18.3121 -1.15827 3.67621
      vertex 18.3486 -0.0418793 3.29254
    endloop
  endfacet
  facet normal -0.999442 0.0334102 0
    outer loop
      vertex 18.3121 -1.15827 3.67621
      vertex 18.3107 -1.20015 3.2623
      vertex 18.3107 -1.20015 3.6752
    endloop
  endfacet
  facet normal -0.999442 0.0334107 0
    outer loop
      vertex 18.3486 -0.0418793 6.29254
      vertex 18.35 0 6.70645
      vertex 18.35 0 6.29355
    endloop
  endfacet
  facet normal -0.999465 0.0327018 7.18058e-05
    outer loop
      vertex 18.3486 -0.0418793 6.29254
      vertex 18.3121 -1.15827 6.67621
      vertex 18.35 0 6.70645
    endloop
  endfacet
  facet normal -0.999465 0.0327018 7.17523e-05
    outer loop
      vertex 18.3107 -1.20015 6.2623
      vertex 18.3121 -1.15827 6.67621
      vertex 18.3486 -0.0418793 6.29254
    endloop
  endfacet
  facet normal -0.999442 0.0334102 0
    outer loop
      vertex 18.3121 -1.15827 6.67621
      vertex 18.3107 -1.20015 6.2623
      vertex 18.3107 -1.20015 6.6752
    endloop
  endfacet
  facet normal -0.81325 -0.581915 0
    outer loop
      vertex 14.5824 11.1367 3.60504
      vertex 14.558 11.1708 4.01895
      vertex 14.558 11.1708 3.60605
    endloop
  endfacet
  facet normal -0.812816 -0.582521 7.54767e-05
    outer loop
      vertex 14.5824 11.1367 3.60504
      vertex 15.2331 10.2288 3.98871
      vertex 14.558 11.1708 4.01895
    endloop
  endfacet
  facet normal -0.812816 -0.582521 7.54767e-05
    outer loop
      vertex 15.2575 10.1947 3.5748
      vertex 15.2331 10.2288 3.98871
      vertex 14.5824 11.1367 3.60504
    endloop
  endfacet
  facet normal -0.81325 -0.581915 0
    outer loop
      vertex 15.2331 10.2288 3.98871
      vertex 15.2575 10.1947 3.5748
      vertex 15.2575 10.1947 3.9877
    endloop
  endfacet
  facet normal -0.81325 -0.581915 0
    outer loop
      vertex 14.5824 11.1367 6.60504
      vertex 14.558 11.1708 7.01895
      vertex 14.558 11.1708 6.60605
    endloop
  endfacet
  facet normal -0.812816 -0.582521 7.54767e-05
    outer loop
      vertex 14.5824 11.1367 6.60504
      vertex 15.2331 10.2288 6.98871
      vertex 14.558 11.1708 7.01895
    endloop
  endfacet
  facet normal -0.812816 -0.582521 7.54767e-05
    outer loop
      vertex 15.2575 10.1947 6.5748
      vertex 15.2331 10.2288 6.98871
      vertex 14.5824 11.1367 6.60504
    endloop
  endfacet
  facet normal -0.81325 -0.581915 0
    outer loop
      vertex 15.2331 10.2288 6.98871
      vertex 15.2575 10.1947 6.5748
      vertex 15.2575 10.1947 6.9877
    endloop
  endfacet
  facet normal 0.16227 -0.986746 0
    outer loop
      vertex -3.53856 18.0042 4.13629
      vertex -3.57991 17.9974 4.5502
      vertex -3.57991 17.9974 4.1373
    endloop
  endfacet
  facet normal 0.162916 -0.98664 6.62444e-05
    outer loop
      vertex -3.57991 17.9974 4.5502
      vertex -3.53856 18.0042 4.13629
      vertex -2.4365 18.1862 4.51996
    endloop
  endfacet
  facet normal 0.162917 -0.98664 6.24407e-05
    outer loop
      vertex -2.39516 18.193 4.10605
      vertex -2.4365 18.1862 4.51996
      vertex -3.53856 18.0042 4.13629
    endloop
  endfacet
  facet normal 0.162308 -0.98674 0
    outer loop
      vertex -2.4365 18.1862 4.51996
      vertex -2.39516 18.193 4.10605
      vertex -2.39516 18.193 4.51895
    endloop
  endfacet
  facet normal 0 -1 0
    outer loop
      vertex -2.39516 18.193 4.51895
      vertex -2.39516 18.193 4.10605
      vertex -2.39515 18.193 4.51895
    endloop
  endfacet
  facet normal 0 -1 -0
    outer loop
      vertex -2.39515 18.193 4.51895
      vertex -2.39516 18.193 4.10605
      vertex -2.39515 18.193 4.10605
    endloop
  endfacet
  facet normal 0.16227 -0.986746 0
    outer loop
      vertex -3.53856 18.0042 7.13629
      vertex -3.57991 17.9974 7.5502
      vertex -3.57991 17.9974 7.1373
    endloop
  endfacet
  facet normal 0.162916 -0.98664 6.62444e-05
    outer loop
      vertex -3.57991 17.9974 7.5502
      vertex -3.53856 18.0042 7.13629
      vertex -2.4365 18.1862 7.51996
    endloop
  endfacet
  facet normal 0.162917 -0.98664 6.24407e-05
    outer loop
      vertex -2.39516 18.193 7.10605
      vertex -2.4365 18.1862 7.51996
      vertex -3.53856 18.0042 7.13629
    endloop
  endfacet
  facet normal 0.162308 -0.98674 0
    outer loop
      vertex -2.4365 18.1862 7.51996
      vertex -2.39516 18.193 7.10605
      vertex -2.39516 18.193 7.51895
    endloop
  endfacet
  facet normal 0 -1 0
    outer loop
      vertex -2.39516 18.193 7.51895
      vertex -2.39516 18.193 7.10605
      vertex -2.39515 18.193 7.51895
    endloop
  endfacet
  facet normal 0 -1 -0
    outer loop
      vertex -2.39515 18.193 7.51895
      vertex -2.39516 18.193 7.10605
      vertex -2.39515 18.193 7.10605
    endloop
  endfacet
  facet normal -0.0334102 0.999442 0
    outer loop
      vertex 1.15827 -18.3121 2.57379
      vertex 1.20015 -18.3107 2.9877
      vertex 1.20015 -18.3107 2.5748
    endloop
  endfacet
  facet normal -0.0327018 0.999465 -7.17523e-05
    outer loop
      vertex 1.20015 -18.3107 2.9877
      vertex 1.15827 -18.3121 2.57379
      vertex 0.0418793 -18.3486 2.95746
    endloop
  endfacet
  facet normal -0.0327018 0.999465 -7.18058e-05
    outer loop
      vertex 0 -18.35 2.54355
      vertex 0.0418793 -18.3486 2.95746
      vertex 1.15827 -18.3121 2.57379
    endloop
  endfacet
  facet normal -0.0334107 0.999442 0
    outer loop
      vertex 0.0418793 -18.3486 2.95746
      vertex 0 -18.35 2.54355
      vertex 0 -18.35 2.95645
    endloop
  endfacet
  facet normal -0.0334102 0.999442 0
    outer loop
      vertex 1.15827 -18.3121 5.57379
      vertex 1.20015 -18.3107 5.9877
      vertex 1.20015 -18.3107 5.5748
    endloop
  endfacet
  facet normal -0.0327018 0.999465 -7.17523e-05
    outer loop
      vertex 1.20015 -18.3107 5.9877
      vertex 1.15827 -18.3121 5.57379
      vertex 0.0418793 -18.3486 5.95746
    endloop
  endfacet
  facet normal -0.0327018 0.999465 -7.18058e-05
    outer loop
      vertex 0 -18.35 5.54355
      vertex 0.0418793 -18.3486 5.95746
      vertex 1.15827 -18.3121 5.57379
    endloop
  endfacet
  facet normal -0.0334107 0.999442 0
    outer loop
      vertex 0.0418793 -18.3486 5.95746
      vertex 0 -18.35 5.54355
      vertex 0 -18.35 5.95645
    endloop
  endfacet
  facet normal -0.0334102 0.999442 0
    outer loop
      vertex 1.15827 -18.3121 8.57379
      vertex 1.20015 -18.3107 8.9877
      vertex 1.20015 -18.3107 8.5748
    endloop
  endfacet
  facet normal -0.0327018 0.999465 -7.17523e-05
    outer loop
      vertex 1.20015 -18.3107 8.9877
      vertex 1.15827 -18.3121 8.57379
      vertex 0.0418793 -18.3486 8.95746
    endloop
  endfacet
  facet normal -0.0327018 0.999465 -7.18058e-05
    outer loop
      vertex 0 -18.35 8.54355
      vertex 0.0418793 -18.3486 8.95746
      vertex 1.15827 -18.3121 8.57379
    endloop
  endfacet
  facet normal -0.0334107 0.999442 0
    outer loop
      vertex 0.0418793 -18.3486 8.95746
      vertex 0 -18.35 8.54355
      vertex 0 -18.35 8.95645
    endloop
  endfacet
  facet normal -0.228986 0.97343 0
    outer loop
      vertex 4.70852 -17.7343 8.66754
      vertex 4.74933 -17.7247 9.01
      vertex 4.74933 -17.7247 8.66855
    endloop
  endfacet
  facet normal -0.2271 0.973872 -0.000237206
    outer loop
      vertex 4.74933 -17.7247 9.01
      vertex 4.70852 -17.7343 8.66754
      vertex 3.57991 -17.9974 9.01
    endloop
  endfacet
  facet normal -0.227031 0.973887 0
    outer loop
      vertex 3.57991 -17.9974 8.6373
      vertex 3.57991 -17.9974 9.01
      vertex 4.70852 -17.7343 8.66754
    endloop
  endfacet
  facet normal -0.228986 0.97343 0
    outer loop
      vertex 4.70852 -17.7343 2.66754
      vertex 4.74933 -17.7247 3.08145
      vertex 4.74933 -17.7247 2.66855
    endloop
  endfacet
  facet normal -0.227106 0.97387 -0.000195563
    outer loop
      vertex 4.74933 -17.7247 3.08145
      vertex 4.70852 -17.7343 2.66754
      vertex 3.62071 -17.9879 3.05121
    endloop
  endfacet
  facet normal -0.227032 0.973887 2.65154e-05
    outer loop
      vertex 3.57991 -17.9974 2.6373
      vertex 3.62071 -17.9879 3.05121
      vertex 4.70852 -17.7343 2.66754
    endloop
  endfacet
  facet normal -0.226777 0.973947 0
    outer loop
      vertex 3.62071 -17.9879 3.05121
      vertex 3.57991 -17.9974 2.6373
      vertex 3.57991 -17.9974 3.0502
    endloop
  endfacet
  facet normal -0.228986 0.97343 0
    outer loop
      vertex 4.70852 -17.7343 5.66754
      vertex 4.74933 -17.7247 6.08145
      vertex 4.74933 -17.7247 5.66855
    endloop
  endfacet
  facet normal -0.227106 0.97387 -0.000195563
    outer loop
      vertex 4.74933 -17.7247 6.08145
      vertex 4.70852 -17.7343 5.66754
      vertex 3.62071 -17.9879 6.05121
    endloop
  endfacet
  facet normal -0.227032 0.973887 2.65154e-05
    outer loop
      vertex 3.57991 -17.9974 5.6373
      vertex 3.62071 -17.9879 6.05121
      vertex 4.70852 -17.7343 5.66754
    endloop
  endfacet
  facet normal -0.226777 0.973947 0
    outer loop
      vertex 3.62071 -17.9879 6.05121
      vertex 3.57991 -17.9974 5.6373
      vertex 3.57991 -17.9974 6.0502
    endloop
  endfacet
  facet normal -0.0978495 -0.995201 0
    outer loop
      vertex 1.24185 18.3066 4.01129
      vertex 1.20015 18.3107 4.4252
      vertex 1.20015 18.3107 4.0123
    endloop
  endfacet
  facet normal -0.0980252 -0.995184 -1.78696e-05
    outer loop
      vertex 1.20015 18.3107 4.4252
      vertex 1.24185 18.3066 4.01129
      vertex 2.35346 18.1971 4.39496
    endloop
  endfacet
  facet normal -0.098026 -0.995184 -1.55809e-05
    outer loop
      vertex 2.39515 18.193 3.98105
      vertex 2.35346 18.1971 4.39496
      vertex 1.24185 18.3066 4.01129
    endloop
  endfacet
  facet normal -0.0978728 -0.995199 0
    outer loop
      vertex 2.35346 18.1971 4.39496
      vertex 2.39515 18.193 3.98105
      vertex 2.39515 18.193 4.39395
    endloop
  endfacet
  facet normal -0.0978495 -0.995201 0
    outer loop
      vertex 1.24185 18.3066 7.01129
      vertex 1.20015 18.3107 7.4252
      vertex 1.20015 18.3107 7.0123
    endloop
  endfacet
  facet normal -0.0980252 -0.995184 -1.78696e-05
    outer loop
      vertex 1.20015 18.3107 7.4252
      vertex 1.24185 18.3066 7.01129
      vertex 2.35346 18.1971 7.39496
    endloop
  endfacet
  facet normal -0.098026 -0.995184 -1.55809e-05
    outer loop
      vertex 2.39515 18.193 6.98105
      vertex 2.35346 18.1971 7.39496
      vertex 1.24185 18.3066 7.01129
    endloop
  endfacet
  facet normal -0.0978728 -0.995199 0
    outer loop
      vertex 2.35346 18.1971 7.39496
      vertex 2.39515 18.193 6.98105
      vertex 2.39515 18.193 7.39395
    endloop
  endfacet
  facet normal -0.0334107 -0.999442 0
    outer loop
      vertex 0.0418793 18.3486 4.04254
      vertex 0 18.35 4.45645
      vertex 0 18.35 4.04355
    endloop
  endfacet
  facet normal -0.0327018 -0.999465 7.18058e-05
    outer loop
      vertex 0 18.35 4.45645
      vertex 0.0418793 18.3486 4.04254
      vertex 1.15827 18.3121 4.42621
    endloop
  endfacet
  facet normal -0.0327018 -0.999465 7.17523e-05
    outer loop
      vertex 1.20015 18.3107 4.0123
      vertex 1.15827 18.3121 4.42621
      vertex 0.0418793 18.3486 4.04254
    endloop
  endfacet
  facet normal -0.0334102 -0.999442 0
    outer loop
      vertex 1.15827 18.3121 4.42621
      vertex 1.20015 18.3107 4.0123
      vertex 1.20015 18.3107 4.4252
    endloop
  endfacet
  facet normal -0.0334107 -0.999442 0
    outer loop
      vertex 0.0418793 18.3486 7.04254
      vertex 0 18.35 7.45645
      vertex 0 18.35 7.04355
    endloop
  endfacet
  facet normal -0.0327018 -0.999465 7.18058e-05
    outer loop
      vertex 0 18.35 7.45645
      vertex 0.0418793 18.3486 7.04254
      vertex 1.15827 18.3121 7.42621
    endloop
  endfacet
  facet normal -0.0327018 -0.999465 7.17523e-05
    outer loop
      vertex 1.20015 18.3107 7.0123
      vertex 1.15827 18.3121 7.42621
      vertex 0.0418793 18.3486 7.04254
    endloop
  endfacet
  facet normal -0.0334102 -0.999442 0
    outer loop
      vertex 1.15827 18.3121 7.42621
      vertex 1.20015 18.3107 7.0123
      vertex 1.20015 18.3107 7.4252
    endloop
  endfacet
  facet normal -0.910815 0.412814 0
    outer loop
      vertex 16.9359 -7.06041 3.10504
      vertex 16.9532 -7.02224 3.51895
      vertex 16.9532 -7.02224 3.10605
    endloop
  endfacet
  facet normal -0.910858 0.41272 1.04429e-05
    outer loop
      vertex 16.9359 -7.06041 3.10504
      vertex 16.4749 -8.07783 3.48871
      vertex 16.9532 -7.02224 3.51895
    endloop
  endfacet
  facet normal -0.910858 0.41272 1.04429e-05
    outer loop
      vertex 16.4576 -8.116 3.0748
      vertex 16.4749 -8.07783 3.48871
      vertex 16.9359 -7.06041 3.10504
    endloop
  endfacet
  facet normal -0.910815 0.412814 0
    outer loop
      vertex 16.4749 -8.07783 3.48871
      vertex 16.4576 -8.116 3.0748
      vertex 16.4576 -8.116 3.4877
    endloop
  endfacet
  facet normal -0.910815 0.412814 0
    outer loop
      vertex 16.9359 -7.06041 6.10504
      vertex 16.9532 -7.02224 6.51895
      vertex 16.9532 -7.02224 6.10605
    endloop
  endfacet
  facet normal -0.910858 0.41272 1.04429e-05
    outer loop
      vertex 16.9359 -7.06041 6.10504
      vertex 16.4749 -8.07783 6.48871
      vertex 16.9532 -7.02224 6.51895
    endloop
  endfacet
  facet normal -0.910858 0.41272 1.04429e-05
    outer loop
      vertex 16.4576 -8.116 6.0748
      vertex 16.4749 -8.07783 6.48871
      vertex 16.9359 -7.06041 6.10504
    endloop
  endfacet
  facet normal -0.910815 0.412814 0
    outer loop
      vertex 16.4749 -8.07783 6.48871
      vertex 16.4576 -8.116 6.0748
      vertex 16.4576 -8.116 6.4877
    endloop
  endfacet
  facet normal 0.633108 -0.774064 0
    outer loop
      vertex -12.0666 13.8228 4.38629
      vertex -12.099 13.7963 4.8002
      vertex -12.099 13.7963 4.3873
    endloop
  endfacet
  facet normal 0.634415 -0.772992 0.000170944
    outer loop
      vertex -12.099 13.7963 4.8002
      vertex -12.0666 13.8228 4.38629
      vertex -11.2032 14.5315 4.76996
    endloop
  endfacet
  facet normal 0.634415 -0.772992 0.000170944
    outer loop
      vertex -11.1708 14.558 4.35605
      vertex -11.2032 14.5315 4.76996
      vertex -12.0666 13.8228 4.38629
    endloop
  endfacet
  facet normal 0.633108 -0.774064 0
    outer loop
      vertex -11.2032 14.5315 4.76996
      vertex -11.1708 14.558 4.35605
      vertex -11.1708 14.558 4.76895
    endloop
  endfacet
  facet normal 0.633108 -0.774064 0
    outer loop
      vertex -12.0666 13.8228 7.38629
      vertex -12.099 13.7963 7.8002
      vertex -12.099 13.7963 7.3873
    endloop
  endfacet
  facet normal 0.634415 -0.772992 0.000170944
    outer loop
      vertex -12.099 13.7963 7.8002
      vertex -12.0666 13.8228 7.38629
      vertex -11.2032 14.5315 7.76996
    endloop
  endfacet
  facet normal 0.634415 -0.772992 0.000170944
    outer loop
      vertex -11.1708 14.558 7.35605
      vertex -11.2032 14.5315 7.76996
      vertex -12.0666 13.8228 7.38629
    endloop
  endfacet
  facet normal 0.633108 -0.774064 0
    outer loop
      vertex -11.2032 14.5315 7.76996
      vertex -11.1708 14.558 7.35605
      vertex -11.1708 14.558 7.76895
    endloop
  endfacet
  facet normal 0.882419 -0.470464 0
    outer loop
      vertex -15.9113 9.13805 4.95746
      vertex -15.8916 9.175 4.54355
      vertex -15.8916 9.175 4.95645
    endloop
  endfacet
  facet normal 0.881919 -0.471401 -0.000107439
    outer loop
      vertex -15.9113 9.13805 4.95746
      vertex -16.4379 8.15295 4.57379
      vertex -15.8916 9.175 4.54355
    endloop
  endfacet
  facet normal 0.881919 -0.471401 -0.000107439
    outer loop
      vertex -16.4576 8.116 4.9877
      vertex -16.4379 8.15295 4.57379
      vertex -15.9113 9.13805 4.95746
    endloop
  endfacet
  facet normal 0.882419 -0.470464 0
    outer loop
      vertex -16.4379 8.15295 4.57379
      vertex -16.4576 8.116 4.9877
      vertex -16.4576 8.116 4.5748
    endloop
  endfacet
  facet normal 0.882419 -0.470464 0
    outer loop
      vertex -15.9113 9.13805 7.95746
      vertex -15.8916 9.175 7.54355
      vertex -15.8916 9.175 7.95645
    endloop
  endfacet
  facet normal 0.881919 -0.471401 -0.000107439
    outer loop
      vertex -15.9113 9.13805 7.95746
      vertex -16.4379 8.15295 7.57379
      vertex -15.8916 9.175 7.54355
    endloop
  endfacet
  facet normal 0.881919 -0.471401 -0.000107439
    outer loop
      vertex -16.4576 8.116 7.9877
      vertex -16.4379 8.15295 7.57379
      vertex -15.9113 9.13805 7.95746
    endloop
  endfacet
  facet normal 0.882419 -0.470464 0
    outer loop
      vertex -16.4379 8.15295 7.57379
      vertex -16.4576 8.116 7.9877
      vertex -16.4576 8.116 7.5748
    endloop
  endfacet
  facet normal 0.995201 0.0978495 0
    outer loop
      vertex -18.3066 -1.24185 2.23871
      vertex -18.3107 -1.20015 2
      vertex -18.3107 -1.20015 2.2377
    endloop
  endfacet
  facet normal 0.995184 0.0980256 -0
    outer loop
      vertex -18.193 -2.39515 2
      vertex -18.3066 -1.24185 2.23871
      vertex -18.193 -2.39515 2.26895
    endloop
  endfacet
  facet normal 0.995185 0.0980194 2.9968e-05
    outer loop
      vertex -18.3066 -1.24185 2.23871
      vertex -18.193 -2.39515 2
      vertex -18.3107 -1.20015 2
    endloop
  endfacet
  facet normal 0.995201 0.0978495 0
    outer loop
      vertex -18.3066 -1.24185 5.23871
      vertex -18.3107 -1.20015 4.8248
      vertex -18.3107 -1.20015 5.2377
    endloop
  endfacet
  facet normal 0.995184 0.0980252 1.78696e-05
    outer loop
      vertex -18.3066 -1.24185 5.23871
      vertex -18.1971 -2.35346 4.85504
      vertex -18.3107 -1.20015 4.8248
    endloop
  endfacet
  facet normal 0.995184 0.098026 1.55809e-05
    outer loop
      vertex -18.193 -2.39515 5.26895
      vertex -18.1971 -2.35346 4.85504
      vertex -18.3066 -1.24185 5.23871
    endloop
  endfacet
  facet normal 0.995199 0.0978728 0
    outer loop
      vertex -18.1971 -2.35346 4.85504
      vertex -18.193 -2.39515 5.26895
      vertex -18.193 -2.39515 4.85605
    endloop
  endfacet
  facet normal 0.995201 0.0978495 0
    outer loop
      vertex -18.3066 -1.24185 8.23871
      vertex -18.3107 -1.20015 7.8248
      vertex -18.3107 -1.20015 8.2377
    endloop
  endfacet
  facet normal 0.995184 0.0980252 1.78696e-05
    outer loop
      vertex -18.3066 -1.24185 8.23871
      vertex -18.1971 -2.35346 7.85504
      vertex -18.3107 -1.20015 7.8248
    endloop
  endfacet
  facet normal 0.995184 0.098026 1.55809e-05
    outer loop
      vertex -18.193 -2.39515 8.26895
      vertex -18.1971 -2.35346 7.85504
      vertex -18.3066 -1.24185 8.23871
    endloop
  endfacet
  facet normal 0.995199 0.0978728 0
    outer loop
      vertex -18.1971 -2.35346 7.85504
      vertex -18.193 -2.39515 8.26895
      vertex -18.193 -2.39515 7.85605
    endloop
  endfacet
  facet normal -0.882419 -0.470464 0
    outer loop
      vertex 15.9113 9.13805 3.54254
      vertex 15.8916 9.175 3.95645
      vertex 15.8916 9.175 3.54355
    endloop
  endfacet
  facet normal -0.881919 -0.471401 0.000107439
    outer loop
      vertex 15.9113 9.13805 3.54254
      vertex 16.4379 8.15295 3.92621
      vertex 15.8916 9.175 3.95645
    endloop
  endfacet
  facet normal -0.881919 -0.471401 0.000107439
    outer loop
      vertex 16.4576 8.116 3.5123
      vertex 16.4379 8.15295 3.92621
      vertex 15.9113 9.13805 3.54254
    endloop
  endfacet
  facet normal -0.882419 -0.470464 0
    outer loop
      vertex 16.4379 8.15295 3.92621
      vertex 16.4576 8.116 3.5123
      vertex 16.4576 8.116 3.9252
    endloop
  endfacet
  facet normal -0.882419 -0.470464 0
    outer loop
      vertex 15.9113 9.13805 6.54254
      vertex 15.8916 9.175 6.95645
      vertex 15.8916 9.175 6.54355
    endloop
  endfacet
  facet normal -0.881919 -0.471401 0.000107439
    outer loop
      vertex 15.9113 9.13805 6.54254
      vertex 16.4379 8.15295 6.92621
      vertex 15.8916 9.175 6.95645
    endloop
  endfacet
  facet normal -0.881919 -0.471401 0.000107439
    outer loop
      vertex 16.4576 8.116 6.5123
      vertex 16.4379 8.15295 6.92621
      vertex 15.9113 9.13805 6.54254
    endloop
  endfacet
  facet normal -0.882419 -0.470464 0
    outer loop
      vertex 16.4379 8.15295 6.92621
      vertex 16.4576 8.116 6.5123
      vertex 16.4576 8.116 6.9252
    endloop
  endfacet
  facet normal -0.957365 0.288881 0
    outer loop
      vertex 17.7126 -4.78943 3.16754
      vertex 17.7247 -4.74933 3.58145
      vertex 17.7247 -4.74933 3.16855
    endloop
  endfacet
  facet normal -0.956941 0.290282 -0.000148118
    outer loop
      vertex 17.7126 -4.78943 3.16754
      vertex 17.3883 -5.85832 3.55121
      vertex 17.7247 -4.74933 3.58145
    endloop
  endfacet
  facet normal -0.956941 0.290284 -0.00014134
    outer loop
      vertex 17.3762 -5.89841 3.1373
      vertex 17.3883 -5.85832 3.55121
      vertex 17.7126 -4.78943 3.16754
    endloop
  endfacet
  facet normal -0.957345 0.288947 0
    outer loop
      vertex 17.3762 -5.89841 3.1373
      vertex 17.3762 -5.89841 3.5502
      vertex 17.3883 -5.85832 3.55121
    endloop
  endfacet
  facet normal -0.957365 0.288881 0
    outer loop
      vertex 17.7126 -4.78943 6.16754
      vertex 17.7247 -4.74933 6.58145
      vertex 17.7247 -4.74933 6.16855
    endloop
  endfacet
  facet normal -0.956941 0.290282 -0.000148118
    outer loop
      vertex 17.7126 -4.78943 6.16754
      vertex 17.3883 -5.85832 6.55121
      vertex 17.7247 -4.74933 6.58145
    endloop
  endfacet
  facet normal -0.956941 0.290284 -0.00014134
    outer loop
      vertex 17.3762 -5.89841 6.1373
      vertex 17.3883 -5.85832 6.55121
      vertex 17.7126 -4.78943 6.16754
    endloop
  endfacet
  facet normal -0.957345 0.288947 0
    outer loop
      vertex 17.3762 -5.89841 6.1373
      vertex 17.3762 -5.89841 6.5502
      vertex 17.3883 -5.85832 6.55121
    endloop
  endfacet
  facet normal 0.633108 0.774064 0
    outer loop
      vertex -11.2032 -14.5315 2.23004
      vertex -11.1708 -14.558 2.64395
      vertex -11.1708 -14.558 2.23105
    endloop
  endfacet
  facet normal 0.634415 0.772992 -0.000170944
    outer loop
      vertex -11.1708 -14.558 2.64395
      vertex -11.2032 -14.5315 2.23004
      vertex -12.0666 -13.8228 2.61371
    endloop
  endfacet
  facet normal 0.634415 0.772992 -0.000170944
    outer loop
      vertex -12.099 -13.7963 2.1998
      vertex -12.0666 -13.8228 2.61371
      vertex -11.2032 -14.5315 2.23004
    endloop
  endfacet
  facet normal 0.633108 0.774064 0
    outer loop
      vertex -12.0666 -13.8228 2.61371
      vertex -12.099 -13.7963 2.1998
      vertex -12.099 -13.7963 2.6127
    endloop
  endfacet
  facet normal 0.633108 0.774064 0
    outer loop
      vertex -11.2032 -14.5315 5.23004
      vertex -11.1708 -14.558 5.64395
      vertex -11.1708 -14.558 5.23105
    endloop
  endfacet
  facet normal 0.634415 0.772992 -0.000170944
    outer loop
      vertex -11.1708 -14.558 5.64395
      vertex -11.2032 -14.5315 5.23004
      vertex -12.0666 -13.8228 5.61371
    endloop
  endfacet
  facet normal 0.634415 0.772992 -0.000170944
    outer loop
      vertex -12.099 -13.7963 5.1998
      vertex -12.0666 -13.8228 5.61371
      vertex -11.2032 -14.5315 5.23004
    endloop
  endfacet
  facet normal 0.633108 0.774064 0
    outer loop
      vertex -12.0666 -13.8228 5.61371
      vertex -12.099 -13.7963 5.1998
      vertex -12.099 -13.7963 5.6127
    endloop
  endfacet
  facet normal 0.633108 0.774064 0
    outer loop
      vertex -11.2032 -14.5315 8.23004
      vertex -11.1708 -14.558 8.64395
      vertex -11.1708 -14.558 8.23105
    endloop
  endfacet
  facet normal 0.634415 0.772992 -0.000170944
    outer loop
      vertex -11.1708 -14.558 8.64395
      vertex -11.2032 -14.5315 8.23004
      vertex -12.0666 -13.8228 8.61371
    endloop
  endfacet
  facet normal 0.634415 0.772992 -0.000170944
    outer loop
      vertex -12.099 -13.7963 8.1998
      vertex -12.0666 -13.8228 8.61371
      vertex -11.2032 -14.5315 8.23004
    endloop
  endfacet
  facet normal 0.633108 0.774064 0
    outer loop
      vertex -12.0666 -13.8228 8.61371
      vertex -12.099 -13.7963 8.1998
      vertex -12.099 -13.7963 8.6127
    endloop
  endfacet
  facet normal -0.774064 -0.633108 0
    outer loop
      vertex 13.8228 12.0666 3.63629
      vertex 13.7963 12.099 4.0502
      vertex 13.7963 12.099 3.6373
    endloop
  endfacet
  facet normal -0.772992 -0.634415 0.000170944
    outer loop
      vertex 13.8228 12.0666 3.63629
      vertex 14.5315 11.2032 4.01996
      vertex 13.7963 12.099 4.0502
    endloop
  endfacet
  facet normal -0.772992 -0.634415 0.000170944
    outer loop
      vertex 14.558 11.1708 3.60605
      vertex 14.5315 11.2032 4.01996
      vertex 13.8228 12.0666 3.63629
    endloop
  endfacet
  facet normal -0.774064 -0.633108 0
    outer loop
      vertex 14.5315 11.2032 4.01996
      vertex 14.558 11.1708 3.60605
      vertex 14.558 11.1708 4.01895
    endloop
  endfacet
  facet normal -0.774064 -0.633108 0
    outer loop
      vertex 13.8228 12.0666 6.63629
      vertex 13.7963 12.099 7.0502
      vertex 13.7963 12.099 6.6373
    endloop
  endfacet
  facet normal -0.772992 -0.634415 0.000170944
    outer loop
      vertex 13.8228 12.0666 6.63629
      vertex 14.5315 11.2032 7.01996
      vertex 13.7963 12.099 7.0502
    endloop
  endfacet
  facet normal -0.772992 -0.634415 0.000170944
    outer loop
      vertex 14.558 11.1708 6.60605
      vertex 14.5315 11.2032 7.01996
      vertex 13.8228 12.0666 6.63629
    endloop
  endfacet
  facet normal -0.774064 -0.633108 0
    outer loop
      vertex 14.5315 11.2032 7.01996
      vertex 14.558 11.1708 6.60605
      vertex 14.558 11.1708 7.01895
    endloop
  endfacet
  facet normal -0.633108 -0.774064 0
    outer loop
      vertex 11.2032 14.5315 3.73004
      vertex 11.1708 14.558 4.14395
      vertex 11.1708 14.558 3.73105
    endloop
  endfacet
  facet normal -0.634415 -0.772992 -0.000170944
    outer loop
      vertex 11.1708 14.558 4.14395
      vertex 11.2032 14.5315 3.73004
      vertex 12.0666 13.8228 4.11371
    endloop
  endfacet
  facet normal -0.634415 -0.772992 -0.000170944
    outer loop
      vertex 12.099 13.7963 3.6998
      vertex 12.0666 13.8228 4.11371
      vertex 11.2032 14.5315 3.73004
    endloop
  endfacet
  facet normal -0.633108 -0.774064 0
    outer loop
      vertex 12.0666 13.8228 4.11371
      vertex 12.099 13.7963 3.6998
      vertex 12.099 13.7963 4.1127
    endloop
  endfacet
  facet normal -0.633108 -0.774064 0
    outer loop
      vertex 11.2032 14.5315 6.73004
      vertex 11.1708 14.558 7.14395
      vertex 11.1708 14.558 6.73105
    endloop
  endfacet
  facet normal -0.634415 -0.772992 -0.000170944
    outer loop
      vertex 11.1708 14.558 7.14395
      vertex 11.2032 14.5315 6.73004
      vertex 12.0666 13.8228 7.11371
    endloop
  endfacet
  facet normal -0.634415 -0.772992 -0.000170944
    outer loop
      vertex 12.099 13.7963 6.6998
      vertex 12.0666 13.8228 7.11371
      vertex 11.2032 14.5315 6.73004
    endloop
  endfacet
  facet normal -0.633108 -0.774064 0
    outer loop
      vertex 12.0666 13.8228 7.11371
      vertex 12.099 13.7963 6.6998
      vertex 12.099 13.7963 7.1127
    endloop
  endfacet
  facet normal -0.936388 -0.350966 0
    outer loop
      vertex 16.9679 6.98302 3.48004
      vertex 16.9532 7.02224 3.89395
      vertex 16.9532 7.02224 3.48105
    endloop
  endfacet
  facet normal -0.93591 -0.35224 0.000137617
    outer loop
      vertex 16.9679 6.98302 3.48004
      vertex 17.3614 5.93763 3.86371
      vertex 16.9532 7.02224 3.89395
    endloop
  endfacet
  facet normal -0.935883 -0.35231 -8.08955e-05
    outer loop
      vertex 17.3762 5.89841 3.4498
      vertex 17.3614 5.93763 3.86371
      vertex 16.9679 6.98302 3.48004
    endloop
  endfacet
  facet normal -0.935602 -0.353057 0
    outer loop
      vertex 17.3614 5.93763 3.86371
      vertex 17.3762 5.89841 3.4498
      vertex 17.3762 5.89841 3.8627
    endloop
  endfacet
  facet normal -0.936388 -0.350966 0
    outer loop
      vertex 16.9679 6.98302 6.48004
      vertex 16.9532 7.02224 6.89395
      vertex 16.9532 7.02224 6.48105
    endloop
  endfacet
  facet normal -0.93591 -0.35224 0.000137617
    outer loop
      vertex 16.9679 6.98302 6.48004
      vertex 17.3614 5.93763 6.86371
      vertex 16.9532 7.02224 6.89395
    endloop
  endfacet
  facet normal -0.935883 -0.35231 -8.08955e-05
    outer loop
      vertex 17.3762 5.89841 6.4498
      vertex 17.3614 5.93763 6.86371
      vertex 16.9679 6.98302 6.48004
    endloop
  endfacet
  facet normal -0.935602 -0.353057 0
    outer loop
      vertex 17.3614 5.93763 6.86371
      vertex 17.3762 5.89841 6.4498
      vertex 17.3762 5.89841 6.8627
    endloop
  endfacet
  facet normal 0.957365 0.288881 0
    outer loop
      vertex -17.7126 -4.78943 2.33246
      vertex -17.7247 -4.74933 2
      vertex -17.7247 -4.74933 2.33145
    endloop
  endfacet
  facet normal 0.956942 0.29028 -0
    outer loop
      vertex -17.3762 -5.89841 2
      vertex -17.7126 -4.78943 2.33246
      vertex -17.3762 -5.89841 2.3627
    endloop
  endfacet
  facet normal 0.956956 0.290232 0.000177808
    outer loop
      vertex -17.7126 -4.78943 2.33246
      vertex -17.3762 -5.89841 2
      vertex -17.7247 -4.74933 2
    endloop
  endfacet
  facet normal 0.957365 0.288881 0
    outer loop
      vertex -17.7126 -4.78943 5.33246
      vertex -17.7247 -4.74933 4.91855
      vertex -17.7247 -4.74933 5.33145
    endloop
  endfacet
  facet normal 0.956941 0.290282 0.000148118
    outer loop
      vertex -17.7126 -4.78943 5.33246
      vertex -17.3883 -5.85832 4.94879
      vertex -17.7247 -4.74933 4.91855
    endloop
  endfacet
  facet normal 0.956941 0.290284 0.00014134
    outer loop
      vertex -17.3762 -5.89841 5.3627
      vertex -17.3883 -5.85832 4.94879
      vertex -17.7126 -4.78943 5.33246
    endloop
  endfacet
  facet normal 0.957345 0.288947 0
    outer loop
      vertex -17.3762 -5.89841 5.3627
      vertex -17.3762 -5.89841 4.9498
      vertex -17.3883 -5.85832 4.94879
    endloop
  endfacet
  facet normal 0.957365 0.288881 0
    outer loop
      vertex -17.7126 -4.78943 8.33246
      vertex -17.7247 -4.74933 7.91855
      vertex -17.7247 -4.74933 8.33145
    endloop
  endfacet
  facet normal 0.956941 0.290282 0.000148118
    outer loop
      vertex -17.7126 -4.78943 8.33246
      vertex -17.3883 -5.85832 7.94879
      vertex -17.7247 -4.74933 7.91855
    endloop
  endfacet
  facet normal 0.956941 0.290284 0.00014134
    outer loop
      vertex -17.3762 -5.89841 8.3627
      vertex -17.3883 -5.85832 7.94879
      vertex -17.7126 -4.78943 8.33246
    endloop
  endfacet
  facet normal 0.957345 0.288947 0
    outer loop
      vertex -17.3762 -5.89841 8.3627
      vertex -17.3762 -5.89841 7.9498
      vertex -17.3883 -5.85832 7.94879
    endloop
  endfacet
  facet normal 0 -1 0
    outer loop
      vertex 2.39516 18.193 3.98105
      vertex 2.39516 18.193 4.39395
      vertex 2.39515 18.193 4.39395
    endloop
  endfacet
  facet normal 0 -1 0
    outer loop
      vertex 2.39516 18.193 3.98105
      vertex 2.39515 18.193 4.39395
      vertex 2.39515 18.193 3.98105
    endloop
  endfacet
  facet normal -0.162308 -0.98674 -0
    outer loop
      vertex 2.39516 18.193 4.39395
      vertex 2.39516 18.193 3.98105
      vertex 2.4365 18.1862 3.98004
    endloop
  endfacet
  facet normal -0.162917 -0.98664 -6.24407e-05
    outer loop
      vertex 2.39516 18.193 4.39395
      vertex 2.4365 18.1862 3.98004
      vertex 3.53856 18.0042 4.36371
    endloop
  endfacet
  facet normal -0.162916 -0.98664 -6.62444e-05
    outer loop
      vertex 3.57991 17.9974 3.9498
      vertex 3.53856 18.0042 4.36371
      vertex 2.4365 18.1862 3.98004
    endloop
  endfacet
  facet normal -0.16227 -0.986746 0
    outer loop
      vertex 3.53856 18.0042 4.36371
      vertex 3.57991 17.9974 3.9498
      vertex 3.57991 17.9974 4.3627
    endloop
  endfacet
  facet normal 0 -1 0
    outer loop
      vertex 2.39516 18.193 6.98105
      vertex 2.39516 18.193 7.39395
      vertex 2.39515 18.193 7.39395
    endloop
  endfacet
  facet normal 0 -1 0
    outer loop
      vertex 2.39516 18.193 6.98105
      vertex 2.39515 18.193 7.39395
      vertex 2.39515 18.193 6.98105
    endloop
  endfacet
  facet normal -0.162308 -0.98674 -0
    outer loop
      vertex 2.39516 18.193 7.39395
      vertex 2.39516 18.193 6.98105
      vertex 2.4365 18.1862 6.98004
    endloop
  endfacet
  facet normal -0.162917 -0.98664 -6.24407e-05
    outer loop
      vertex 2.39516 18.193 7.39395
      vertex 2.4365 18.1862 6.98004
      vertex 3.53856 18.0042 7.36371
    endloop
  endfacet
  facet normal -0.162916 -0.98664 -6.62444e-05
    outer loop
      vertex 3.57991 17.9974 6.9498
      vertex 3.53856 18.0042 7.36371
      vertex 2.4365 18.1862 6.98004
    endloop
  endfacet
  facet normal -0.16227 -0.986746 0
    outer loop
      vertex 3.53856 18.0042 7.36371
      vertex 3.57991 17.9974 6.9498
      vertex 3.57991 17.9974 7.3627
    endloop
  endfacet
  facet normal 0.936388 -0.350966 0
    outer loop
      vertex -16.9679 6.98302 2.01996
      vertex -16.9532 7.02224 2
      vertex -16.9532 7.02224 2.01895
    endloop
  endfacet
  facet normal 0.935883 -0.352312 0
    outer loop
      vertex -17.3762 5.89841 2
      vertex -16.9679 6.98302 2.01996
      vertex -17.3762 5.89841 2.0502
    endloop
  endfacet
  facet normal 0.935896 -0.352263 -0.00291049
    outer loop
      vertex -16.9679 6.98302 2.01996
      vertex -17.3762 5.89841 2
      vertex -16.9532 7.02224 2
    endloop
  endfacet
  facet normal 0.936388 -0.350966 0
    outer loop
      vertex -16.9679 6.98302 5.01996
      vertex -16.9532 7.02224 4.60605
      vertex -16.9532 7.02224 5.01895
    endloop
  endfacet
  facet normal 0.93591 -0.35224 -0.000137617
    outer loop
      vertex -16.9679 6.98302 5.01996
      vertex -17.3614 5.93763 4.63629
      vertex -16.9532 7.02224 4.60605
    endloop
  endfacet
  facet normal 0.935883 -0.35231 8.08955e-05
    outer loop
      vertex -17.3762 5.89841 5.0502
      vertex -17.3614 5.93763 4.63629
      vertex -16.9679 6.98302 5.01996
    endloop
  endfacet
  facet normal 0.935602 -0.353057 0
    outer loop
      vertex -17.3614 5.93763 4.63629
      vertex -17.3762 5.89841 5.0502
      vertex -17.3762 5.89841 4.6373
    endloop
  endfacet
  facet normal 0.936388 -0.350966 0
    outer loop
      vertex -16.9679 6.98302 8.01996
      vertex -16.9532 7.02224 7.60605
      vertex -16.9532 7.02224 8.01895
    endloop
  endfacet
  facet normal 0.93591 -0.35224 -0.000137617
    outer loop
      vertex -16.9679 6.98302 8.01996
      vertex -17.3614 5.93763 7.63629
      vertex -16.9532 7.02224 7.60605
    endloop
  endfacet
  facet normal 0.935883 -0.35231 8.08955e-05
    outer loop
      vertex -17.3762 5.89841 8.0502
      vertex -17.3614 5.93763 7.63629
      vertex -16.9679 6.98302 8.01996
    endloop
  endfacet
  facet normal 0.935602 -0.353057 0
    outer loop
      vertex -17.3614 5.93763 7.63629
      vertex -17.3762 5.89841 8.0502
      vertex -17.3762 5.89841 7.6373
    endloop
  endfacet
  facet normal 0.995199 -0.0978728 0
    outer loop
      vertex -18.1971 2.35346 2.14496
      vertex -18.193 2.39515 2
      vertex -18.193 2.39515 2.14395
    endloop
  endfacet
  facet normal 0.995184 -0.0980247 0
    outer loop
      vertex -18.3107 1.20015 2
      vertex -18.1971 2.35346 2.14496
      vertex -18.3107 1.20015 2.1752
    endloop
  endfacet
  facet normal 0.995185 -0.0980194 -4.25874e-05
    outer loop
      vertex -18.1971 2.35346 2.14496
      vertex -18.3107 1.20015 2
      vertex -18.193 2.39515 2
    endloop
  endfacet
  facet normal 0.995199 -0.0978728 0
    outer loop
      vertex -18.1971 2.35346 5.14496
      vertex -18.193 2.39515 4.73105
      vertex -18.193 2.39515 5.14395
    endloop
  endfacet
  facet normal 0.995184 -0.098026 -1.55809e-05
    outer loop
      vertex -18.1971 2.35346 5.14496
      vertex -18.3066 1.24185 4.76129
      vertex -18.193 2.39515 4.73105
    endloop
  endfacet
  facet normal 0.995184 -0.0980252 -1.78696e-05
    outer loop
      vertex -18.3107 1.20015 5.1752
      vertex -18.3066 1.24185 4.76129
      vertex -18.1971 2.35346 5.14496
    endloop
  endfacet
  facet normal 0.995201 -0.0978495 0
    outer loop
      vertex -18.3066 1.24185 4.76129
      vertex -18.3107 1.20015 5.1752
      vertex -18.3107 1.20015 4.7623
    endloop
  endfacet
  facet normal 0.995199 -0.0978728 0
    outer loop
      vertex -18.1971 2.35346 8.14496
      vertex -18.193 2.39515 7.73105
      vertex -18.193 2.39515 8.14395
    endloop
  endfacet
  facet normal 0.995184 -0.098026 -1.55809e-05
    outer loop
      vertex -18.1971 2.35346 8.14496
      vertex -18.3066 1.24185 7.76129
      vertex -18.193 2.39515 7.73105
    endloop
  endfacet
  facet normal 0.995184 -0.0980252 -1.78696e-05
    outer loop
      vertex -18.3107 1.20015 8.1752
      vertex -18.3066 1.24185 7.76129
      vertex -18.1971 2.35346 8.14496
    endloop
  endfacet
  facet normal 0.995201 -0.0978495 0
    outer loop
      vertex -18.3066 1.24185 7.76129
      vertex -18.3107 1.20015 8.1752
      vertex -18.3107 1.20015 7.7623
    endloop
  endfacet
  facet normal 0.97343 -0.228986 0
    outer loop
      vertex -17.7343 4.70852 2.08246
      vertex -17.7247 4.74933 2
      vertex -17.7247 4.74933 2.08145
    endloop
  endfacet
  facet normal 0.973887 -0.227031 0
    outer loop
      vertex -17.9974 3.57991 2
      vertex -17.7343 4.70852 2.08246
      vertex -17.9974 3.57991 2.1127
    endloop
  endfacet
  facet normal 0.973871 -0.227099 0.000985128
    outer loop
      vertex -17.7343 4.70852 2.08246
      vertex -17.9974 3.57991 2
      vertex -17.7247 4.74933 2
    endloop
  endfacet
  facet normal 0.97343 -0.228986 0
    outer loop
      vertex -17.7343 4.70852 5.08246
      vertex -17.7247 4.74933 4.66855
      vertex -17.7247 4.74933 5.08145
    endloop
  endfacet
  facet normal 0.97387 -0.227106 0.000195563
    outer loop
      vertex -17.7343 4.70852 5.08246
      vertex -17.9879 3.62071 4.69879
      vertex -17.7247 4.74933 4.66855
    endloop
  endfacet
  facet normal 0.973887 -0.227032 -2.65154e-05
    outer loop
      vertex -17.9974 3.57991 5.1127
      vertex -17.9879 3.62071 4.69879
      vertex -17.7343 4.70852 5.08246
    endloop
  endfacet
  facet normal 0.973947 -0.226777 0
    outer loop
      vertex -17.9974 3.57991 5.1127
      vertex -17.9974 3.57991 4.6998
      vertex -17.9879 3.62071 4.69879
    endloop
  endfacet
  facet normal 0.97343 -0.228986 0
    outer loop
      vertex -17.7343 4.70852 8.08246
      vertex -17.7247 4.74933 7.66855
      vertex -17.7247 4.74933 8.08145
    endloop
  endfacet
  facet normal 0.97387 -0.227106 0.000195563
    outer loop
      vertex -17.7343 4.70852 8.08246
      vertex -17.9879 3.62071 7.69879
      vertex -17.7247 4.74933 7.66855
    endloop
  endfacet
  facet normal 0.973887 -0.227032 -2.65154e-05
    outer loop
      vertex -17.9974 3.57991 8.1127
      vertex -17.9879 3.62071 7.69879
      vertex -17.7343 4.70852 8.08246
    endloop
  endfacet
  facet normal 0.973947 -0.226777 0
    outer loop
      vertex -17.9974 3.57991 8.1127
      vertex -17.9974 3.57991 7.6998
      vertex -17.9879 3.62071 7.69879
    endloop
  endfacet
  facet normal -1 0 0
    outer loop
      vertex 18.193 -2.39516 3.23105
      vertex 18.193 -2.39515 3.64395
      vertex 18.193 -2.39515 3.23105
    endloop
  endfacet
  facet normal -1 0 0
    outer loop
      vertex 18.193 -2.39516 3.23105
      vertex 18.193 -2.39516 3.64395
      vertex 18.193 -2.39515 3.64395
    endloop
  endfacet
  facet normal -0.98674 0.162308 0
    outer loop
      vertex 18.1862 -2.4365 3.23004
      vertex 18.193 -2.39516 3.64395
      vertex 18.193 -2.39516 3.23105
    endloop
  endfacet
  facet normal -0.98664 0.162917 -6.24407e-05
    outer loop
      vertex 18.1862 -2.4365 3.23004
      vertex 18.0042 -3.53856 3.61371
      vertex 18.193 -2.39516 3.64395
    endloop
  endfacet
  facet normal -0.98664 0.162916 -6.62444e-05
    outer loop
      vertex 17.9974 -3.57991 3.1998
      vertex 18.0042 -3.53856 3.61371
      vertex 18.1862 -2.4365 3.23004
    endloop
  endfacet
  facet normal -0.986746 0.16227 0
    outer loop
      vertex 18.0042 -3.53856 3.61371
      vertex 17.9974 -3.57991 3.1998
      vertex 17.9974 -3.57991 3.6127
    endloop
  endfacet
  facet normal -1 0 0
    outer loop
      vertex 18.193 -2.39516 6.23105
      vertex 18.193 -2.39515 6.64395
      vertex 18.193 -2.39515 6.23105
    endloop
  endfacet
  facet normal -1 0 0
    outer loop
      vertex 18.193 -2.39516 6.23105
      vertex 18.193 -2.39516 6.64395
      vertex 18.193 -2.39515 6.64395
    endloop
  endfacet
  facet normal -0.98674 0.162308 0
    outer loop
      vertex 18.1862 -2.4365 6.23004
      vertex 18.193 -2.39516 6.64395
      vertex 18.193 -2.39516 6.23105
    endloop
  endfacet
  facet normal -0.98664 0.162917 -6.24407e-05
    outer loop
      vertex 18.1862 -2.4365 6.23004
      vertex 18.0042 -3.53856 6.61371
      vertex 18.193 -2.39516 6.64395
    endloop
  endfacet
  facet normal -0.98664 0.162916 -6.62444e-05
    outer loop
      vertex 17.9974 -3.57991 6.1998
      vertex 18.0042 -3.53856 6.61371
      vertex 18.1862 -2.4365 6.23004
    endloop
  endfacet
  facet normal -0.986746 0.16227 0
    outer loop
      vertex 18.0042 -3.53856 6.61371
      vertex 17.9974 -3.57991 6.1998
      vertex 17.9974 -3.57991 6.6127
    endloop
  endfacet
  facet normal 0.0978728 -0.995199 0
    outer loop
      vertex -2.35346 18.1971 4.10504
      vertex -2.39515 18.193 4.51895
      vertex -2.39515 18.193 4.10605
    endloop
  endfacet
  facet normal 0.098026 -0.995184 1.55809e-05
    outer loop
      vertex -2.39515 18.193 4.51895
      vertex -2.35346 18.1971 4.10504
      vertex -1.24185 18.3066 4.48871
    endloop
  endfacet
  facet normal 0.0980252 -0.995184 1.78696e-05
    outer loop
      vertex -1.20015 18.3107 4.0748
      vertex -1.24185 18.3066 4.48871
      vertex -2.35346 18.1971 4.10504
    endloop
  endfacet
  facet normal 0.0978495 -0.995201 0
    outer loop
      vertex -1.24185 18.3066 4.48871
      vertex -1.20015 18.3107 4.0748
      vertex -1.20015 18.3107 4.4877
    endloop
  endfacet
  facet normal 0.0978728 -0.995199 0
    outer loop
      vertex -2.35346 18.1971 7.10504
      vertex -2.39515 18.193 7.51895
      vertex -2.39515 18.193 7.10605
    endloop
  endfacet
  facet normal 0.098026 -0.995184 1.55809e-05
    outer loop
      vertex -2.39515 18.193 7.51895
      vertex -2.35346 18.1971 7.10504
      vertex -1.24185 18.3066 7.48871
    endloop
  endfacet
  facet normal 0.0980252 -0.995184 1.78696e-05
    outer loop
      vertex -1.20015 18.3107 7.0748
      vertex -1.24185 18.3066 7.48871
      vertex -2.35346 18.1971 7.10504
    endloop
  endfacet
  facet normal 0.0978495 -0.995201 0
    outer loop
      vertex -1.24185 18.3066 7.48871
      vertex -1.20015 18.3107 7.0748
      vertex -1.20015 18.3107 7.4877
    endloop
  endfacet
  facet normal 0.935602 0.353057 0
    outer loop
      vertex -17.3614 -5.93763 2.36371
      vertex -17.3762 -5.89841 2
      vertex -17.3762 -5.89841 2.3627
    endloop
  endfacet
  facet normal 0.935911 0.352236 -0
    outer loop
      vertex -16.9532 -7.02224 2
      vertex -17.3614 -5.93763 2.36371
      vertex -16.9532 -7.02224 2.39395
    endloop
  endfacet
  facet normal 0.9359 0.352265 -9.75951e-05
    outer loop
      vertex -17.3614 -5.93763 2.36371
      vertex -16.9532 -7.02224 2
      vertex -17.3762 -5.89841 2
    endloop
  endfacet
  facet normal 0.935602 0.353057 0
    outer loop
      vertex -17.3614 -5.93763 5.36371
      vertex -17.3762 -5.89841 4.9498
      vertex -17.3762 -5.89841 5.3627
    endloop
  endfacet
  facet normal 0.935883 0.35231 -8.08955e-05
    outer loop
      vertex -17.3614 -5.93763 5.36371
      vertex -16.9679 -6.98302 4.98004
      vertex -17.3762 -5.89841 4.9498
    endloop
  endfacet
  facet normal 0.93591 0.35224 0.000137617
    outer loop
      vertex -16.9532 -7.02224 5.39395
      vertex -16.9679 -6.98302 4.98004
      vertex -17.3614 -5.93763 5.36371
    endloop
  endfacet
  facet normal 0.936388 0.350966 0
    outer loop
      vertex -16.9532 -7.02224 5.39395
      vertex -16.9532 -7.02224 4.98105
      vertex -16.9679 -6.98302 4.98004
    endloop
  endfacet
  facet normal 0.935602 0.353057 0
    outer loop
      vertex -17.3614 -5.93763 8.36371
      vertex -17.3762 -5.89841 7.9498
      vertex -17.3762 -5.89841 8.3627
    endloop
  endfacet
  facet normal 0.935883 0.35231 -8.08955e-05
    outer loop
      vertex -17.3614 -5.93763 8.36371
      vertex -16.9679 -6.98302 7.98004
      vertex -17.3762 -5.89841 7.9498
    endloop
  endfacet
  facet normal 0.93591 0.35224 0.000137617
    outer loop
      vertex -16.9532 -7.02224 8.39395
      vertex -16.9679 -6.98302 7.98004
      vertex -17.3614 -5.93763 8.36371
    endloop
  endfacet
  facet normal 0.936388 0.350966 0
    outer loop
      vertex -16.9532 -7.02224 8.39395
      vertex -16.9532 -7.02224 7.98105
      vertex -16.9679 -6.98302 7.98004
    endloop
  endfacet
  facet normal -0.581915 0.81325 0
    outer loop
      vertex 11.1367 -14.5824 8.85504
      vertex 11.1708 -14.558 9.01
      vertex 11.1708 -14.558 8.85605
    endloop
  endfacet
  facet normal -0.582498 0.812832 0.00019405
    outer loop
      vertex 11.1708 -14.558 9.01
      vertex 11.1367 -14.5824 8.85504
      vertex 10.1947 -15.2575 9.01
    endloop
  endfacet
  facet normal -0.582519 0.812817 0
    outer loop
      vertex 10.1947 -15.2575 9.01
      vertex 11.1367 -14.5824 8.85504
      vertex 10.1947 -15.2575 8.8248
    endloop
  endfacet
  facet normal -0.581915 0.81325 0
    outer loop
      vertex 11.1367 -14.5824 2.85504
      vertex 11.1708 -14.558 3.26895
      vertex 11.1708 -14.558 2.85605
    endloop
  endfacet
  facet normal -0.582521 0.812816 7.54767e-05
    outer loop
      vertex 11.1708 -14.558 3.26895
      vertex 11.1367 -14.5824 2.85504
      vertex 10.2288 -15.2331 3.23871
    endloop
  endfacet
  facet normal -0.582521 0.812816 7.54767e-05
    outer loop
      vertex 10.1947 -15.2575 2.8248
      vertex 10.2288 -15.2331 3.23871
      vertex 11.1367 -14.5824 2.85504
    endloop
  endfacet
  facet normal -0.581915 0.81325 0
    outer loop
      vertex 10.2288 -15.2331 3.23871
      vertex 10.1947 -15.2575 2.8248
      vertex 10.1947 -15.2575 3.2377
    endloop
  endfacet
  facet normal -0.581915 0.81325 0
    outer loop
      vertex 11.1367 -14.5824 5.85504
      vertex 11.1708 -14.558 6.26895
      vertex 11.1708 -14.558 5.85605
    endloop
  endfacet
  facet normal -0.582521 0.812816 7.54767e-05
    outer loop
      vertex 11.1708 -14.558 6.26895
      vertex 11.1367 -14.5824 5.85504
      vertex 10.2288 -15.2331 6.23871
    endloop
  endfacet
  facet normal -0.582521 0.812816 7.54767e-05
    outer loop
      vertex 10.1947 -15.2575 5.8248
      vertex 10.2288 -15.2331 6.23871
      vertex 11.1367 -14.5824 5.85504
    endloop
  endfacet
  facet normal -0.581915 0.81325 0
    outer loop
      vertex 10.2288 -15.2331 6.23871
      vertex 10.1947 -15.2575 5.8248
      vertex 10.1947 -15.2575 6.2377
    endloop
  endfacet
  facet normal 0.6841 0.729389 0
    outer loop
      vertex -12.1296 -13.7676 2.19879
      vertex -12.099 -13.7963 2.6127
      vertex -12.099 -13.7963 2.1998
    endloop
  endfacet
  facet normal 0.683601 0.729856 6.92732e-05
    outer loop
      vertex -12.099 -13.7963 2.6127
      vertex -12.1296 -13.7676 2.19879
      vertex -12.9448 -13.0041 2.58246
    endloop
  endfacet
  facet normal 0.683601 0.729856 6.92732e-05
    outer loop
      vertex -12.9754 -12.9754 2.16855
      vertex -12.9448 -13.0041 2.58246
      vertex -12.1296 -13.7676 2.19879
    endloop
  endfacet
  facet normal 0.6841 0.729389 0
    outer loop
      vertex -12.9448 -13.0041 2.58246
      vertex -12.9754 -12.9754 2.16855
      vertex -12.9754 -12.9754 2.58145
    endloop
  endfacet
  facet normal 0.6841 0.729389 0
    outer loop
      vertex -12.1296 -13.7676 5.19879
      vertex -12.099 -13.7963 5.6127
      vertex -12.099 -13.7963 5.1998
    endloop
  endfacet
  facet normal 0.683601 0.729856 6.92732e-05
    outer loop
      vertex -12.099 -13.7963 5.6127
      vertex -12.1296 -13.7676 5.19879
      vertex -12.9448 -13.0041 5.58246
    endloop
  endfacet
  facet normal 0.683601 0.729856 6.92732e-05
    outer loop
      vertex -12.9754 -12.9754 5.16855
      vertex -12.9448 -13.0041 5.58246
      vertex -12.1296 -13.7676 5.19879
    endloop
  endfacet
  facet normal 0.6841 0.729389 0
    outer loop
      vertex -12.9448 -13.0041 5.58246
      vertex -12.9754 -12.9754 5.16855
      vertex -12.9754 -12.9754 5.58145
    endloop
  endfacet
  facet normal 0.6841 0.729389 0
    outer loop
      vertex -12.1296 -13.7676 8.19879
      vertex -12.099 -13.7963 8.6127
      vertex -12.099 -13.7963 8.1998
    endloop
  endfacet
  facet normal 0.683601 0.729856 6.92732e-05
    outer loop
      vertex -12.099 -13.7963 8.6127
      vertex -12.1296 -13.7676 8.19879
      vertex -12.9448 -13.0041 8.58246
    endloop
  endfacet
  facet normal 0.683601 0.729856 6.92732e-05
    outer loop
      vertex -12.9754 -12.9754 8.16855
      vertex -12.9448 -13.0041 8.58246
      vertex -12.1296 -13.7676 8.19879
    endloop
  endfacet
  facet normal 0.6841 0.729389 0
    outer loop
      vertex -12.9448 -13.0041 8.58246
      vertex -12.9754 -12.9754 8.16855
      vertex -12.9754 -12.9754 8.58145
    endloop
  endfacet
  facet normal 0.470464 0.882419 0
    outer loop
      vertex -8.15295 -16.4379 2.32379
      vertex -8.116 -16.4576 2.7377
      vertex -8.116 -16.4576 2.3248
    endloop
  endfacet
  facet normal 0.471401 0.881919 -0.000107439
    outer loop
      vertex -8.116 -16.4576 2.7377
      vertex -8.15295 -16.4379 2.32379
      vertex -9.13805 -15.9113 2.70746
    endloop
  endfacet
  facet normal 0.471401 0.881919 -0.000107439
    outer loop
      vertex -9.175 -15.8916 2.29355
      vertex -9.13805 -15.9113 2.70746
      vertex -8.15295 -16.4379 2.32379
    endloop
  endfacet
  facet normal 0.470464 0.882419 0
    outer loop
      vertex -9.13805 -15.9113 2.70746
      vertex -9.175 -15.8916 2.29355
      vertex -9.175 -15.8916 2.70645
    endloop
  endfacet
  facet normal 0.470464 0.882419 0
    outer loop
      vertex -8.15295 -16.4379 5.32379
      vertex -8.116 -16.4576 5.7377
      vertex -8.116 -16.4576 5.3248
    endloop
  endfacet
  facet normal 0.471401 0.881919 -0.000107439
    outer loop
      vertex -8.116 -16.4576 5.7377
      vertex -8.15295 -16.4379 5.32379
      vertex -9.13805 -15.9113 5.70746
    endloop
  endfacet
  facet normal 0.471401 0.881919 -0.000107439
    outer loop
      vertex -9.175 -15.8916 5.29355
      vertex -9.13805 -15.9113 5.70746
      vertex -8.15295 -16.4379 5.32379
    endloop
  endfacet
  facet normal 0.470464 0.882419 0
    outer loop
      vertex -9.13805 -15.9113 5.70746
      vertex -9.175 -15.8916 5.29355
      vertex -9.175 -15.8916 5.70645
    endloop
  endfacet
  facet normal 0.470464 0.882419 0
    outer loop
      vertex -8.15295 -16.4379 8.32379
      vertex -8.116 -16.4576 8.7377
      vertex -8.116 -16.4576 8.3248
    endloop
  endfacet
  facet normal 0.471401 0.881919 -0.000107439
    outer loop
      vertex -8.116 -16.4576 8.7377
      vertex -8.15295 -16.4379 8.32379
      vertex -9.13805 -15.9113 8.70746
    endloop
  endfacet
  facet normal 0.471401 0.881919 -0.000107439
    outer loop
      vertex -9.175 -15.8916 8.29355
      vertex -9.13805 -15.9113 8.70746
      vertex -8.15295 -16.4379 8.32379
    endloop
  endfacet
  facet normal 0.470464 0.882419 0
    outer loop
      vertex -9.13805 -15.9113 8.70746
      vertex -9.175 -15.8916 8.29355
      vertex -9.175 -15.8916 8.70645
    endloop
  endfacet
  facet normal -0.633108 0.774064 0
    outer loop
      vertex 12.0666 -13.8228 8.88629
      vertex 12.099 -13.7963 9.01
      vertex 12.099 -13.7963 8.8873
    endloop
  endfacet
  facet normal -0.634366 0.773032 0.000550552
    outer loop
      vertex 12.099 -13.7963 9.01
      vertex 12.0666 -13.8228 8.88629
      vertex 11.1708 -14.558 9.01
    endloop
  endfacet
  facet normal -0.634412 0.772995 0
    outer loop
      vertex 11.1708 -14.558 9.01
      vertex 12.0666 -13.8228 8.88629
      vertex 11.1708 -14.558 8.85605
    endloop
  endfacet
  facet normal -0.633108 0.774064 0
    outer loop
      vertex 12.0666 -13.8228 2.88629
      vertex 12.099 -13.7963 3.3002
      vertex 12.099 -13.7963 2.8873
    endloop
  endfacet
  facet normal -0.634415 0.772992 0.000170944
    outer loop
      vertex 12.099 -13.7963 3.3002
      vertex 12.0666 -13.8228 2.88629
      vertex 11.2032 -14.5315 3.26996
    endloop
  endfacet
  facet normal -0.634415 0.772992 0.000170944
    outer loop
      vertex 11.1708 -14.558 2.85605
      vertex 11.2032 -14.5315 3.26996
      vertex 12.0666 -13.8228 2.88629
    endloop
  endfacet
  facet normal -0.633108 0.774064 0
    outer loop
      vertex 11.2032 -14.5315 3.26996
      vertex 11.1708 -14.558 2.85605
      vertex 11.1708 -14.558 3.26895
    endloop
  endfacet
  facet normal -0.633108 0.774064 0
    outer loop
      vertex 12.0666 -13.8228 5.88629
      vertex 12.099 -13.7963 6.3002
      vertex 12.099 -13.7963 5.8873
    endloop
  endfacet
  facet normal -0.634415 0.772992 0.000170944
    outer loop
      vertex 12.099 -13.7963 6.3002
      vertex 12.0666 -13.8228 5.88629
      vertex 11.2032 -14.5315 6.26996
    endloop
  endfacet
  facet normal -0.634415 0.772992 0.000170944
    outer loop
      vertex 11.1708 -14.558 5.85605
      vertex 11.2032 -14.5315 6.26996
      vertex 12.0666 -13.8228 5.88629
    endloop
  endfacet
  facet normal -0.633108 0.774064 0
    outer loop
      vertex 11.2032 -14.5315 6.26996
      vertex 11.1708 -14.558 5.85605
      vertex 11.1708 -14.558 6.26895
    endloop
  endfacet
  facet normal 0.228986 -0.97343 0
    outer loop
      vertex -4.70852 17.7343 4.16754
      vertex -4.74933 17.7247 4.58145
      vertex -4.74933 17.7247 4.16855
    endloop
  endfacet
  facet normal 0.227106 -0.97387 -0.000195563
    outer loop
      vertex -4.74933 17.7247 4.58145
      vertex -4.70852 17.7343 4.16754
      vertex -3.62071 17.9879 4.55121
    endloop
  endfacet
  facet normal 0.227032 -0.973887 2.65154e-05
    outer loop
      vertex -3.57991 17.9974 4.1373
      vertex -3.62071 17.9879 4.55121
      vertex -4.70852 17.7343 4.16754
    endloop
  endfacet
  facet normal 0.226777 -0.973947 0
    outer loop
      vertex -3.62071 17.9879 4.55121
      vertex -3.57991 17.9974 4.1373
      vertex -3.57991 17.9974 4.5502
    endloop
  endfacet
  facet normal 0.228986 -0.97343 0
    outer loop
      vertex -4.70852 17.7343 7.16754
      vertex -4.74933 17.7247 7.58145
      vertex -4.74933 17.7247 7.16855
    endloop
  endfacet
  facet normal 0.227106 -0.97387 -0.000195563
    outer loop
      vertex -4.74933 17.7247 7.58145
      vertex -4.70852 17.7343 7.16754
      vertex -3.62071 17.9879 7.55121
    endloop
  endfacet
  facet normal 0.227032 -0.973887 2.65154e-05
    outer loop
      vertex -3.57991 17.9974 7.1373
      vertex -3.62071 17.9879 7.55121
      vertex -4.70852 17.7343 7.16754
    endloop
  endfacet
  facet normal 0.226777 -0.973947 0
    outer loop
      vertex -3.62071 17.9879 7.55121
      vertex -3.57991 17.9974 7.1373
      vertex -3.57991 17.9974 7.5502
    endloop
  endfacet
  facet normal 0.81325 0.581915 0
    outer loop
      vertex -15.2331 -10.2288 2.48871
      vertex -15.2575 -10.1947 2.0748
      vertex -15.2575 -10.1947 2.4877
    endloop
  endfacet
  facet normal 0.812816 0.582521 7.54767e-05
    outer loop
      vertex -15.2331 -10.2288 2.48871
      vertex -14.5824 -11.1367 2.10504
      vertex -15.2575 -10.1947 2.0748
    endloop
  endfacet
  facet normal 0.812816 0.582521 7.54767e-05
    outer loop
      vertex -14.558 -11.1708 2.51895
      vertex -14.5824 -11.1367 2.10504
      vertex -15.2331 -10.2288 2.48871
    endloop
  endfacet
  facet normal 0.81325 0.581915 0
    outer loop
      vertex -14.5824 -11.1367 2.10504
      vertex -14.558 -11.1708 2.51895
      vertex -14.558 -11.1708 2.10605
    endloop
  endfacet
  facet normal 0.81325 0.581915 0
    outer loop
      vertex -15.2331 -10.2288 5.48871
      vertex -15.2575 -10.1947 5.0748
      vertex -15.2575 -10.1947 5.4877
    endloop
  endfacet
  facet normal 0.812816 0.582521 7.54767e-05
    outer loop
      vertex -15.2331 -10.2288 5.48871
      vertex -14.5824 -11.1367 5.10504
      vertex -15.2575 -10.1947 5.0748
    endloop
  endfacet
  facet normal 0.812816 0.582521 7.54767e-05
    outer loop
      vertex -14.558 -11.1708 5.51895
      vertex -14.5824 -11.1367 5.10504
      vertex -15.2331 -10.2288 5.48871
    endloop
  endfacet
  facet normal 0.81325 0.581915 0
    outer loop
      vertex -14.5824 -11.1367 5.10504
      vertex -14.558 -11.1708 5.51895
      vertex -14.558 -11.1708 5.10605
    endloop
  endfacet
  facet normal 0.81325 0.581915 0
    outer loop
      vertex -15.2331 -10.2288 8.48871
      vertex -15.2575 -10.1947 8.0748
      vertex -15.2575 -10.1947 8.4877
    endloop
  endfacet
  facet normal 0.812816 0.582521 7.54767e-05
    outer loop
      vertex -15.2331 -10.2288 8.48871
      vertex -14.5824 -11.1367 8.10504
      vertex -15.2575 -10.1947 8.0748
    endloop
  endfacet
  facet normal 0.812816 0.582521 7.54767e-05
    outer loop
      vertex -14.558 -11.1708 8.51895
      vertex -14.5824 -11.1367 8.10504
      vertex -15.2331 -10.2288 8.48871
    endloop
  endfacet
  facet normal 0.81325 0.581915 0
    outer loop
      vertex -14.5824 -11.1367 8.10504
      vertex -14.558 -11.1708 8.51895
      vertex -14.558 -11.1708 8.10605
    endloop
  endfacet
  facet normal 0.973947 0.226777 0
    outer loop
      vertex -17.9879 -3.62071 2.30121
      vertex -17.9974 -3.57991 2
      vertex -17.9974 -3.57991 2.3002
    endloop
  endfacet
  facet normal 0.973869 0.227111 -0
    outer loop
      vertex -17.7247 -4.74933 2
      vertex -17.9879 -3.62071 2.30121
      vertex -17.7247 -4.74933 2.33145
    endloop
  endfacet
  facet normal 0.973872 0.2271 4.6089e-05
    outer loop
      vertex -17.9879 -3.62071 2.30121
      vertex -17.7247 -4.74933 2
      vertex -17.9974 -3.57991 2
    endloop
  endfacet
  facet normal 0.973947 0.226777 0
    outer loop
      vertex -17.9879 -3.62071 5.30121
      vertex -17.9974 -3.57991 4.8873
      vertex -17.9974 -3.57991 5.3002
    endloop
  endfacet
  facet normal 0.973887 0.227032 2.65154e-05
    outer loop
      vertex -17.9879 -3.62071 5.30121
      vertex -17.7343 -4.70852 4.91754
      vertex -17.9974 -3.57991 4.8873
    endloop
  endfacet
  facet normal 0.97387 0.227106 -0.000195563
    outer loop
      vertex -17.7247 -4.74933 5.33145
      vertex -17.7343 -4.70852 4.91754
      vertex -17.9879 -3.62071 5.30121
    endloop
  endfacet
  facet normal 0.97343 0.228986 0
    outer loop
      vertex -17.7343 -4.70852 4.91754
      vertex -17.7247 -4.74933 5.33145
      vertex -17.7247 -4.74933 4.91855
    endloop
  endfacet
  facet normal 0.973947 0.226777 0
    outer loop
      vertex -17.9879 -3.62071 8.30121
      vertex -17.9974 -3.57991 7.8873
      vertex -17.9974 -3.57991 8.3002
    endloop
  endfacet
  facet normal 0.973887 0.227032 2.65154e-05
    outer loop
      vertex -17.9879 -3.62071 8.30121
      vertex -17.7343 -4.70852 7.91754
      vertex -17.9974 -3.57991 7.8873
    endloop
  endfacet
  facet normal 0.97387 0.227106 -0.000195563
    outer loop
      vertex -17.7247 -4.74933 8.33145
      vertex -17.7343 -4.70852 7.91754
      vertex -17.9879 -3.62071 8.30121
    endloop
  endfacet
  facet normal 0.97343 0.228986 0
    outer loop
      vertex -17.7343 -4.70852 7.91754
      vertex -17.7247 -4.74933 8.33145
      vertex -17.7247 -4.74933 7.91855
    endloop
  endfacet
  facet normal 0.353057 0.935602 0
    outer loop
      vertex -5.93763 -17.3614 2.38629
      vertex -5.89841 -17.3762 2.8002
      vertex -5.89841 -17.3762 2.3873
    endloop
  endfacet
  facet normal 0.35231 0.935883 8.08955e-05
    outer loop
      vertex -5.89841 -17.3762 2.8002
      vertex -5.93763 -17.3614 2.38629
      vertex -6.98302 -16.9679 2.76996
    endloop
  endfacet
  facet normal 0.35224 0.93591 -0.000137617
    outer loop
      vertex -7.02224 -16.9532 2.35605
      vertex -6.98302 -16.9679 2.76996
      vertex -5.93763 -17.3614 2.38629
    endloop
  endfacet
  facet normal 0.350966 0.936388 0
    outer loop
      vertex -6.98302 -16.9679 2.76996
      vertex -7.02224 -16.9532 2.35605
      vertex -7.02224 -16.9532 2.76895
    endloop
  endfacet
  facet normal 0.353057 0.935602 0
    outer loop
      vertex -5.93763 -17.3614 5.38629
      vertex -5.89841 -17.3762 5.8002
      vertex -5.89841 -17.3762 5.3873
    endloop
  endfacet
  facet normal 0.35231 0.935883 8.08955e-05
    outer loop
      vertex -5.89841 -17.3762 5.8002
      vertex -5.93763 -17.3614 5.38629
      vertex -6.98302 -16.9679 5.76996
    endloop
  endfacet
  facet normal 0.35224 0.93591 -0.000137617
    outer loop
      vertex -7.02224 -16.9532 5.35605
      vertex -6.98302 -16.9679 5.76996
      vertex -5.93763 -17.3614 5.38629
    endloop
  endfacet
  facet normal 0.350966 0.936388 0
    outer loop
      vertex -6.98302 -16.9679 5.76996
      vertex -7.02224 -16.9532 5.35605
      vertex -7.02224 -16.9532 5.76895
    endloop
  endfacet
  facet normal 0.353057 0.935602 0
    outer loop
      vertex -5.93763 -17.3614 8.38629
      vertex -5.89841 -17.3762 8.8002
      vertex -5.89841 -17.3762 8.3873
    endloop
  endfacet
  facet normal 0.35231 0.935883 8.08955e-05
    outer loop
      vertex -5.89841 -17.3762 8.8002
      vertex -5.93763 -17.3614 8.38629
      vertex -6.98302 -16.9679 8.76996
    endloop
  endfacet
  facet normal 0.35224 0.93591 -0.000137617
    outer loop
      vertex -7.02224 -16.9532 8.35605
      vertex -6.98302 -16.9679 8.76996
      vertex -5.93763 -17.3614 8.38629
    endloop
  endfacet
  facet normal 0.350966 0.936388 0
    outer loop
      vertex -6.98302 -16.9679 8.76996
      vertex -7.02224 -16.9532 8.35605
      vertex -7.02224 -16.9532 8.76895
    endloop
  endfacet
  facet normal -0.882419 0.470464 0
    outer loop
      vertex 16.4379 -8.15295 3.07379
      vertex 16.4576 -8.116 3.4877
      vertex 16.4576 -8.116 3.0748
    endloop
  endfacet
  facet normal -0.881919 0.471401 -0.000107439
    outer loop
      vertex 16.4379 -8.15295 3.07379
      vertex 15.9113 -9.13805 3.45746
      vertex 16.4576 -8.116 3.4877
    endloop
  endfacet
  facet normal -0.881919 0.471401 -0.000107439
    outer loop
      vertex 15.8916 -9.175 3.04355
      vertex 15.9113 -9.13805 3.45746
      vertex 16.4379 -8.15295 3.07379
    endloop
  endfacet
  facet normal -0.882419 0.470464 0
    outer loop
      vertex 15.9113 -9.13805 3.45746
      vertex 15.8916 -9.175 3.04355
      vertex 15.8916 -9.175 3.45645
    endloop
  endfacet
  facet normal -0.882419 0.470464 0
    outer loop
      vertex 16.4379 -8.15295 6.07379
      vertex 16.4576 -8.116 6.4877
      vertex 16.4576 -8.116 6.0748
    endloop
  endfacet
  facet normal -0.881919 0.471401 -0.000107439
    outer loop
      vertex 16.4379 -8.15295 6.07379
      vertex 15.9113 -9.13805 6.45746
      vertex 16.4576 -8.116 6.4877
    endloop
  endfacet
  facet normal -0.881919 0.471401 -0.000107439
    outer loop
      vertex 15.8916 -9.175 6.04355
      vertex 15.9113 -9.13805 6.45746
      vertex 16.4379 -8.15295 6.07379
    endloop
  endfacet
  facet normal -0.882419 0.470464 0
    outer loop
      vertex 15.9113 -9.13805 6.45746
      vertex 15.8916 -9.175 6.04355
      vertex 15.8916 -9.175 6.45645
    endloop
  endfacet
  facet normal 0.288947 -0.957345 0
    outer loop
      vertex -5.89841 17.3762 4.6127
      vertex -5.89841 17.3762 4.1998
      vertex -5.85832 17.3883 4.19879
    endloop
  endfacet
  facet normal 0.290284 -0.956941 0.00014134
    outer loop
      vertex -5.89841 17.3762 4.6127
      vertex -5.85832 17.3883 4.19879
      vertex -4.78943 17.7126 4.58246
    endloop
  endfacet
  facet normal 0.290282 -0.956941 0.000148118
    outer loop
      vertex -4.74933 17.7247 4.16855
      vertex -4.78943 17.7126 4.58246
      vertex -5.85832 17.3883 4.19879
    endloop
  endfacet
  facet normal 0.288881 -0.957365 0
    outer loop
      vertex -4.78943 17.7126 4.58246
      vertex -4.74933 17.7247 4.16855
      vertex -4.74933 17.7247 4.58145
    endloop
  endfacet
  facet normal 0.288947 -0.957345 0
    outer loop
      vertex -5.89841 17.3762 7.6127
      vertex -5.89841 17.3762 7.1998
      vertex -5.85832 17.3883 7.19879
    endloop
  endfacet
  facet normal 0.290284 -0.956941 0.00014134
    outer loop
      vertex -5.89841 17.3762 7.6127
      vertex -5.85832 17.3883 7.19879
      vertex -4.78943 17.7126 7.58246
    endloop
  endfacet
  facet normal 0.290282 -0.956941 0.000148118
    outer loop
      vertex -4.74933 17.7247 7.16855
      vertex -4.78943 17.7126 7.58246
      vertex -5.85832 17.3883 7.19879
    endloop
  endfacet
  facet normal 0.288881 -0.957365 0
    outer loop
      vertex -4.78943 17.7126 7.58246
      vertex -4.74933 17.7247 7.16855
      vertex -4.74933 17.7247 7.58145
    endloop
  endfacet
  facet normal -0.995201 0.0978495 0
    outer loop
      vertex 18.3066 -1.24185 3.26129
      vertex 18.3107 -1.20015 3.6752
      vertex 18.3107 -1.20015 3.2623
    endloop
  endfacet
  facet normal -0.995184 0.0980252 -1.78696e-05
    outer loop
      vertex 18.3066 -1.24185 3.26129
      vertex 18.1971 -2.35346 3.64496
      vertex 18.3107 -1.20015 3.6752
    endloop
  endfacet
  facet normal -0.995184 0.098026 -1.55809e-05
    outer loop
      vertex 18.193 -2.39515 3.23105
      vertex 18.1971 -2.35346 3.64496
      vertex 18.3066 -1.24185 3.26129
    endloop
  endfacet
  facet normal -0.995199 0.0978728 0
    outer loop
      vertex 18.1971 -2.35346 3.64496
      vertex 18.193 -2.39515 3.23105
      vertex 18.193 -2.39515 3.64395
    endloop
  endfacet
  facet normal -0.995201 0.0978495 0
    outer loop
      vertex 18.3066 -1.24185 6.26129
      vertex 18.3107 -1.20015 6.6752
      vertex 18.3107 -1.20015 6.2623
    endloop
  endfacet
  facet normal -0.995184 0.0980252 -1.78696e-05
    outer loop
      vertex 18.3066 -1.24185 6.26129
      vertex 18.1971 -2.35346 6.64496
      vertex 18.3107 -1.20015 6.6752
    endloop
  endfacet
  facet normal -0.995184 0.098026 -1.55809e-05
    outer loop
      vertex 18.193 -2.39515 6.23105
      vertex 18.1971 -2.35346 6.64496
      vertex 18.3066 -1.24185 6.26129
    endloop
  endfacet
  facet normal -0.995199 0.0978728 0
    outer loop
      vertex 18.1971 -2.35346 6.64496
      vertex 18.193 -2.39515 6.23105
      vertex 18.193 -2.39515 6.64395
    endloop
  endfacet
  facet normal -0.8484 0.529356 0
    outer loop
      vertex 15.8694 -9.21058 3.04254
      vertex 15.8916 -9.175 3.45645
      vertex 15.8916 -9.175 3.04355
    endloop
  endfacet
  facet normal -0.849186 0.528094 0.000150626
    outer loop
      vertex 15.8694 -9.21058 3.04254
      vertex 15.2796 -10.1591 3.42621
      vertex 15.8916 -9.175 3.45645
    endloop
  endfacet
  facet normal -0.849226 0.528029 -7.2301e-05
    outer loop
      vertex 15.2575 -10.1947 3.0123
      vertex 15.2796 -10.1591 3.42621
      vertex 15.8694 -9.21058 3.04254
    endloop
  endfacet
  facet normal -0.849603 0.527422 0
    outer loop
      vertex 15.2796 -10.1591 3.42621
      vertex 15.2575 -10.1947 3.0123
      vertex 15.2575 -10.1947 3.4252
    endloop
  endfacet
  facet normal -0.8484 0.529356 0
    outer loop
      vertex 15.8694 -9.21058 6.04254
      vertex 15.8916 -9.175 6.45645
      vertex 15.8916 -9.175 6.04355
    endloop
  endfacet
  facet normal -0.849186 0.528094 0.000150626
    outer loop
      vertex 15.8694 -9.21058 6.04254
      vertex 15.2796 -10.1591 6.42621
      vertex 15.8916 -9.175 6.45645
    endloop
  endfacet
  facet normal -0.849226 0.528029 -7.2301e-05
    outer loop
      vertex 15.2575 -10.1947 6.0123
      vertex 15.2796 -10.1591 6.42621
      vertex 15.8694 -9.21058 6.04254
    endloop
  endfacet
  facet normal -0.849603 0.527422 0
    outer loop
      vertex 15.2796 -10.1591 6.42621
      vertex 15.2575 -10.1947 6.0123
      vertex 15.2575 -10.1947 6.4252
    endloop
  endfacet
  facet normal 0.226777 0.973947 0
    outer loop
      vertex -3.57991 -17.9974 2.8627
      vertex -3.57991 -17.9974 2.4498
      vertex -3.62071 -17.9879 2.44879
    endloop
  endfacet
  facet normal 0.227032 0.973887 -2.65154e-05
    outer loop
      vertex -3.57991 -17.9974 2.8627
      vertex -3.62071 -17.9879 2.44879
      vertex -4.70852 -17.7343 2.83246
    endloop
  endfacet
  facet normal 0.227106 0.97387 0.000195563
    outer loop
      vertex -4.74933 -17.7247 2.41855
      vertex -4.70852 -17.7343 2.83246
      vertex -3.62071 -17.9879 2.44879
    endloop
  endfacet
  facet normal 0.228986 0.97343 0
    outer loop
      vertex -4.70852 -17.7343 2.83246
      vertex -4.74933 -17.7247 2.41855
      vertex -4.74933 -17.7247 2.83145
    endloop
  endfacet
  facet normal 0.226777 0.973947 0
    outer loop
      vertex -3.57991 -17.9974 5.8627
      vertex -3.57991 -17.9974 5.4498
      vertex -3.62071 -17.9879 5.44879
    endloop
  endfacet
  facet normal 0.227032 0.973887 -2.65154e-05
    outer loop
      vertex -3.57991 -17.9974 5.8627
      vertex -3.62071 -17.9879 5.44879
      vertex -4.70852 -17.7343 5.83246
    endloop
  endfacet
  facet normal 0.227106 0.97387 0.000195563
    outer loop
      vertex -4.74933 -17.7247 5.41855
      vertex -4.70852 -17.7343 5.83246
      vertex -3.62071 -17.9879 5.44879
    endloop
  endfacet
  facet normal 0.228986 0.97343 0
    outer loop
      vertex -4.70852 -17.7343 5.83246
      vertex -4.74933 -17.7247 5.41855
      vertex -4.74933 -17.7247 5.83145
    endloop
  endfacet
  facet normal 0.226777 0.973947 0
    outer loop
      vertex -3.57991 -17.9974 8.8627
      vertex -3.57991 -17.9974 8.4498
      vertex -3.62071 -17.9879 8.44879
    endloop
  endfacet
  facet normal 0.227032 0.973887 -2.65154e-05
    outer loop
      vertex -3.57991 -17.9974 8.8627
      vertex -3.62071 -17.9879 8.44879
      vertex -4.70852 -17.7343 8.83246
    endloop
  endfacet
  facet normal 0.227106 0.97387 0.000195563
    outer loop
      vertex -4.74933 -17.7247 8.41855
      vertex -4.70852 -17.7343 8.83246
      vertex -3.62071 -17.9879 8.44879
    endloop
  endfacet
  facet normal 0.228986 0.97343 0
    outer loop
      vertex -4.70852 -17.7343 8.83246
      vertex -4.74933 -17.7247 8.41855
      vertex -4.74933 -17.7247 8.83145
    endloop
  endfacet
  facet normal 0.581915 0.81325 0
    outer loop
      vertex -10.2288 -15.2331 2.26129
      vertex -10.1947 -15.2575 2.6752
      vertex -10.1947 -15.2575 2.2623
    endloop
  endfacet
  facet normal 0.582521 0.812816 -7.54767e-05
    outer loop
      vertex -10.1947 -15.2575 2.6752
      vertex -10.2288 -15.2331 2.26129
      vertex -11.1367 -14.5824 2.64496
    endloop
  endfacet
  facet normal 0.582521 0.812816 -7.54767e-05
    outer loop
      vertex -11.1708 -14.558 2.23105
      vertex -11.1367 -14.5824 2.64496
      vertex -10.2288 -15.2331 2.26129
    endloop
  endfacet
  facet normal 0.581915 0.81325 0
    outer loop
      vertex -11.1367 -14.5824 2.64496
      vertex -11.1708 -14.558 2.23105
      vertex -11.1708 -14.558 2.64395
    endloop
  endfacet
  facet normal 0.581915 0.81325 0
    outer loop
      vertex -10.2288 -15.2331 5.26129
      vertex -10.1947 -15.2575 5.6752
      vertex -10.1947 -15.2575 5.2623
    endloop
  endfacet
  facet normal 0.582521 0.812816 -7.54767e-05
    outer loop
      vertex -10.1947 -15.2575 5.6752
      vertex -10.2288 -15.2331 5.26129
      vertex -11.1367 -14.5824 5.64496
    endloop
  endfacet
  facet normal 0.582521 0.812816 -7.54767e-05
    outer loop
      vertex -11.1708 -14.558 5.23105
      vertex -11.1367 -14.5824 5.64496
      vertex -10.2288 -15.2331 5.26129
    endloop
  endfacet
  facet normal 0.581915 0.81325 0
    outer loop
      vertex -11.1367 -14.5824 5.64496
      vertex -11.1708 -14.558 5.23105
      vertex -11.1708 -14.558 5.64395
    endloop
  endfacet
  facet normal 0.581915 0.81325 0
    outer loop
      vertex -10.2288 -15.2331 8.26129
      vertex -10.1947 -15.2575 8.6752
      vertex -10.1947 -15.2575 8.2623
    endloop
  endfacet
  facet normal 0.582521 0.812816 -7.54767e-05
    outer loop
      vertex -10.1947 -15.2575 8.6752
      vertex -10.2288 -15.2331 8.26129
      vertex -11.1367 -14.5824 8.64496
    endloop
  endfacet
  facet normal 0.582521 0.812816 -7.54767e-05
    outer loop
      vertex -11.1708 -14.558 8.23105
      vertex -11.1367 -14.5824 8.64496
      vertex -10.2288 -15.2331 8.26129
    endloop
  endfacet
  facet normal 0.581915 0.81325 0
    outer loop
      vertex -11.1367 -14.5824 8.64496
      vertex -11.1708 -14.558 8.23105
      vertex -11.1708 -14.558 8.64395
    endloop
  endfacet
  facet normal -0.849603 -0.527422 0
    outer loop
      vertex 15.2796 10.1591 3.57379
      vertex 15.2575 10.1947 3.9877
      vertex 15.2575 10.1947 3.5748
    endloop
  endfacet
  facet normal -0.849226 -0.528029 7.2301e-05
    outer loop
      vertex 15.2796 10.1591 3.57379
      vertex 15.8694 9.21058 3.95746
      vertex 15.2575 10.1947 3.9877
    endloop
  endfacet
  facet normal -0.849186 -0.528094 -0.000150626
    outer loop
      vertex 15.8916 9.175 3.54355
      vertex 15.8694 9.21058 3.95746
      vertex 15.2796 10.1591 3.57379
    endloop
  endfacet
  facet normal -0.8484 -0.529356 0
    outer loop
      vertex 15.8694 9.21058 3.95746
      vertex 15.8916 9.175 3.54355
      vertex 15.8916 9.175 3.95645
    endloop
  endfacet
  facet normal -0.849603 -0.527422 0
    outer loop
      vertex 15.2796 10.1591 6.57379
      vertex 15.2575 10.1947 6.9877
      vertex 15.2575 10.1947 6.5748
    endloop
  endfacet
  facet normal -0.849226 -0.528029 7.2301e-05
    outer loop
      vertex 15.2796 10.1591 6.57379
      vertex 15.8694 9.21058 6.95746
      vertex 15.2575 10.1947 6.9877
    endloop
  endfacet
  facet normal -0.849186 -0.528094 -0.000150626
    outer loop
      vertex 15.8916 9.175 6.54355
      vertex 15.8694 9.21058 6.95746
      vertex 15.2796 10.1591 6.57379
    endloop
  endfacet
  facet normal -0.8484 -0.529356 0
    outer loop
      vertex 15.8694 9.21058 6.95746
      vertex 15.8916 9.175 6.54355
      vertex 15.8916 9.175 6.95645
    endloop
  endfacet
  facet normal -0.774064 0.633108 0
    outer loop
      vertex 14.5315 -11.2032 8.98004
      vertex 14.558 -11.1708 9.01
      vertex 14.558 -11.1708 8.98105
    endloop
  endfacet
  facet normal -0.772995 0.634412 0
    outer loop
      vertex 13.7963 -12.099 9.01
      vertex 14.5315 -11.2032 8.98004
      vertex 13.7963 -12.099 8.9498
    endloop
  endfacet
  facet normal -0.773031 0.634365 -0.00227332
    outer loop
      vertex 14.5315 -11.2032 8.98004
      vertex 13.7963 -12.099 9.01
      vertex 14.558 -11.1708 9.01
    endloop
  endfacet
  facet normal -0.774064 0.633108 0
    outer loop
      vertex 14.5315 -11.2032 2.98004
      vertex 14.558 -11.1708 3.39395
      vertex 14.558 -11.1708 2.98105
    endloop
  endfacet
  facet normal -0.772992 0.634415 -0.000170944
    outer loop
      vertex 14.5315 -11.2032 2.98004
      vertex 13.8228 -12.0666 3.36371
      vertex 14.558 -11.1708 3.39395
    endloop
  endfacet
  facet normal -0.772992 0.634415 -0.000170944
    outer loop
      vertex 13.7963 -12.099 2.9498
      vertex 13.8228 -12.0666 3.36371
      vertex 14.5315 -11.2032 2.98004
    endloop
  endfacet
  facet normal -0.774064 0.633108 0
    outer loop
      vertex 13.8228 -12.0666 3.36371
      vertex 13.7963 -12.099 2.9498
      vertex 13.7963 -12.099 3.3627
    endloop
  endfacet
  facet normal -0.774064 0.633108 0
    outer loop
      vertex 14.5315 -11.2032 5.98004
      vertex 14.558 -11.1708 6.39395
      vertex 14.558 -11.1708 5.98105
    endloop
  endfacet
  facet normal -0.772992 0.634415 -0.000170944
    outer loop
      vertex 14.5315 -11.2032 5.98004
      vertex 13.8228 -12.0666 6.36371
      vertex 14.558 -11.1708 6.39395
    endloop
  endfacet
  facet normal -0.772992 0.634415 -0.000170944
    outer loop
      vertex 13.7963 -12.099 5.9498
      vertex 13.8228 -12.0666 6.36371
      vertex 14.5315 -11.2032 5.98004
    endloop
  endfacet
  facet normal -0.774064 0.633108 0
    outer loop
      vertex 13.8228 -12.0666 6.36371
      vertex 13.7963 -12.099 5.9498
      vertex 13.7963 -12.099 6.3627
    endloop
  endfacet
  facet normal -0.412814 -0.910815 0
    outer loop
      vertex 7.06041 16.9359 3.85504
      vertex 7.02224 16.9532 4.26895
      vertex 7.02224 16.9532 3.85605
    endloop
  endfacet
  facet normal -0.41272 -0.910858 1.04429e-05
    outer loop
      vertex 7.02224 16.9532 4.26895
      vertex 7.06041 16.9359 3.85504
      vertex 8.07783 16.4749 4.23871
    endloop
  endfacet
  facet normal -0.41272 -0.910858 1.04429e-05
    outer loop
      vertex 8.116 16.4576 3.8248
      vertex 8.07783 16.4749 4.23871
      vertex 7.06041 16.9359 3.85504
    endloop
  endfacet
  facet normal -0.412814 -0.910815 0
    outer loop
      vertex 8.07783 16.4749 4.23871
      vertex 8.116 16.4576 3.8248
      vertex 8.116 16.4576 4.2377
    endloop
  endfacet
  facet normal -0.412814 -0.910815 0
    outer loop
      vertex 7.06041 16.9359 6.85504
      vertex 7.02224 16.9532 7.26895
      vertex 7.02224 16.9532 6.85605
    endloop
  endfacet
  facet normal -0.41272 -0.910858 1.04429e-05
    outer loop
      vertex 7.02224 16.9532 7.26895
      vertex 7.06041 16.9359 6.85504
      vertex 8.07783 16.4749 7.23871
    endloop
  endfacet
  facet normal -0.41272 -0.910858 1.04429e-05
    outer loop
      vertex 8.116 16.4576 6.8248
      vertex 8.07783 16.4749 7.23871
      vertex 7.06041 16.9359 6.85504
    endloop
  endfacet
  facet normal -0.412814 -0.910815 0
    outer loop
      vertex 8.07783 16.4749 7.23871
      vertex 8.116 16.4576 6.8248
      vertex 8.116 16.4576 7.2377
    endloop
  endfacet
  facet normal -0.16227 0.986746 0
    outer loop
      vertex 3.53856 -18.0042 8.63629
      vertex 3.57991 -17.9974 9.01
      vertex 3.57991 -17.9974 8.6373
    endloop
  endfacet
  facet normal -0.162892 0.986644 7.06228e-05
    outer loop
      vertex 3.57991 -17.9974 9.01
      vertex 3.53856 -18.0042 8.63629
      vertex 2.39515 -18.193 9.01
    endloop
  endfacet
  facet normal -0.162915 0.98664 -4.03306e-06
    outer loop
      vertex 2.39516 -18.193 8.60605
      vertex 2.39515 -18.193 9.01
      vertex 3.53856 -18.0042 8.63629
    endloop
  endfacet
  facet normal 0 1 0
    outer loop
      vertex 2.39515 -18.193 9.01
      vertex 2.39516 -18.193 8.60605
      vertex 2.39515 -18.193 8.60605
    endloop
  endfacet
  facet normal -0.16227 0.986746 0
    outer loop
      vertex 3.53856 -18.0042 2.63629
      vertex 3.57991 -17.9974 3.0502
      vertex 3.57991 -17.9974 2.6373
    endloop
  endfacet
  facet normal -0.162916 0.98664 6.62444e-05
    outer loop
      vertex 3.57991 -17.9974 3.0502
      vertex 3.53856 -18.0042 2.63629
      vertex 2.4365 -18.1862 3.01996
    endloop
  endfacet
  facet normal -0.162917 0.98664 6.24407e-05
    outer loop
      vertex 2.39516 -18.193 2.60605
      vertex 2.4365 -18.1862 3.01996
      vertex 3.53856 -18.0042 2.63629
    endloop
  endfacet
  facet normal -0.162308 0.98674 0
    outer loop
      vertex 2.4365 -18.1862 3.01996
      vertex 2.39516 -18.193 2.60605
      vertex 2.39516 -18.193 3.01895
    endloop
  endfacet
  facet normal 0 1 0
    outer loop
      vertex 2.39516 -18.193 3.01895
      vertex 2.39516 -18.193 2.60605
      vertex 2.39515 -18.193 3.01895
    endloop
  endfacet
  facet normal 0 1 0
    outer loop
      vertex 2.39515 -18.193 3.01895
      vertex 2.39516 -18.193 2.60605
      vertex 2.39515 -18.193 2.60605
    endloop
  endfacet
  facet normal -0.16227 0.986746 0
    outer loop
      vertex 3.53856 -18.0042 5.63629
      vertex 3.57991 -17.9974 6.0502
      vertex 3.57991 -17.9974 5.6373
    endloop
  endfacet
  facet normal -0.162916 0.98664 6.62444e-05
    outer loop
      vertex 3.57991 -17.9974 6.0502
      vertex 3.53856 -18.0042 5.63629
      vertex 2.4365 -18.1862 6.01996
    endloop
  endfacet
  facet normal -0.162917 0.98664 6.24407e-05
    outer loop
      vertex 2.39516 -18.193 5.60605
      vertex 2.4365 -18.1862 6.01996
      vertex 3.53856 -18.0042 5.63629
    endloop
  endfacet
  facet normal -0.162308 0.98674 0
    outer loop
      vertex 2.4365 -18.1862 6.01996
      vertex 2.39516 -18.193 5.60605
      vertex 2.39516 -18.193 6.01895
    endloop
  endfacet
  facet normal 0 1 0
    outer loop
      vertex 2.39516 -18.193 6.01895
      vertex 2.39516 -18.193 5.60605
      vertex 2.39515 -18.193 6.01895
    endloop
  endfacet
  facet normal 0 1 0
    outer loop
      vertex 2.39515 -18.193 6.01895
      vertex 2.39516 -18.193 5.60605
      vertex 2.39515 -18.193 5.60605
    endloop
  endfacet
  facet normal 0.81325 -0.581915 0
    outer loop
      vertex -14.5824 11.1367 4.89496
      vertex -14.558 11.1708 4.48105
      vertex -14.558 11.1708 4.89395
    endloop
  endfacet
  facet normal 0.812816 -0.582521 -7.54767e-05
    outer loop
      vertex -14.5824 11.1367 4.89496
      vertex -15.2331 10.2288 4.51129
      vertex -14.558 11.1708 4.48105
    endloop
  endfacet
  facet normal 0.812816 -0.582521 -7.54767e-05
    outer loop
      vertex -15.2575 10.1947 4.9252
      vertex -15.2331 10.2288 4.51129
      vertex -14.5824 11.1367 4.89496
    endloop
  endfacet
  facet normal 0.81325 -0.581915 0
    outer loop
      vertex -15.2331 10.2288 4.51129
      vertex -15.2575 10.1947 4.9252
      vertex -15.2575 10.1947 4.5123
    endloop
  endfacet
  facet normal 0.81325 -0.581915 0
    outer loop
      vertex -14.5824 11.1367 7.89496
      vertex -14.558 11.1708 7.48105
      vertex -14.558 11.1708 7.89395
    endloop
  endfacet
  facet normal 0.812816 -0.582521 -7.54767e-05
    outer loop
      vertex -14.5824 11.1367 7.89496
      vertex -15.2331 10.2288 7.51129
      vertex -14.558 11.1708 7.48105
    endloop
  endfacet
  facet normal 0.812816 -0.582521 -7.54767e-05
    outer loop
      vertex -15.2575 10.1947 7.9252
      vertex -15.2331 10.2288 7.51129
      vertex -14.5824 11.1367 7.89496
    endloop
  endfacet
  facet normal 0.81325 -0.581915 0
    outer loop
      vertex -15.2331 10.2288 7.51129
      vertex -15.2575 10.1947 7.9252
      vertex -15.2575 10.1947 7.5123
    endloop
  endfacet
  facet normal -0.812813 0.582525 0
    outer loop
      vertex 14.558 -11.1708 9.01
      vertex 15.2043 -10.269 9.01
      vertex 14.558 -11.1708 8.98105
    endloop
  endfacet
  facet normal -0.81325 0.581915 0
    outer loop
      vertex 15.2331 -10.2288 3.01129
      vertex 15.2575 -10.1947 3.4252
      vertex 15.2575 -10.1947 3.0123
    endloop
  endfacet
  facet normal -0.812816 0.582521 -7.54767e-05
    outer loop
      vertex 15.2331 -10.2288 3.01129
      vertex 14.5824 -11.1367 3.39496
      vertex 15.2575 -10.1947 3.4252
    endloop
  endfacet
  facet normal -0.812816 0.582521 -7.54767e-05
    outer loop
      vertex 14.558 -11.1708 2.98105
      vertex 14.5824 -11.1367 3.39496
      vertex 15.2331 -10.2288 3.01129
    endloop
  endfacet
  facet normal -0.81325 0.581915 0
    outer loop
      vertex 14.5824 -11.1367 3.39496
      vertex 14.558 -11.1708 2.98105
      vertex 14.558 -11.1708 3.39395
    endloop
  endfacet
  facet normal -0.81325 0.581915 0
    outer loop
      vertex 15.2331 -10.2288 6.01129
      vertex 15.2575 -10.1947 6.4252
      vertex 15.2575 -10.1947 6.0123
    endloop
  endfacet
  facet normal -0.812816 0.582521 -7.54767e-05
    outer loop
      vertex 15.2331 -10.2288 6.01129
      vertex 14.5824 -11.1367 6.39496
      vertex 15.2575 -10.1947 6.4252
    endloop
  endfacet
  facet normal -0.812816 0.582521 -7.54767e-05
    outer loop
      vertex 14.558 -11.1708 5.98105
      vertex 14.5824 -11.1367 6.39496
      vertex 15.2331 -10.2288 6.01129
    endloop
  endfacet
  facet normal -0.81325 0.581915 0
    outer loop
      vertex 14.5824 -11.1367 6.39496
      vertex 14.558 -11.1708 5.98105
      vertex 14.558 -11.1708 6.39395
    endloop
  endfacet
  facet normal 0.581915 -0.81325 0
    outer loop
      vertex -11.1367 14.5824 4.35504
      vertex -11.1708 14.558 4.76895
      vertex -11.1708 14.558 4.35605
    endloop
  endfacet
  facet normal 0.582521 -0.812816 7.54767e-05
    outer loop
      vertex -11.1708 14.558 4.76895
      vertex -11.1367 14.5824 4.35504
      vertex -10.2288 15.2331 4.73871
    endloop
  endfacet
  facet normal 0.582521 -0.812816 7.54767e-05
    outer loop
      vertex -10.1947 15.2575 4.3248
      vertex -10.2288 15.2331 4.73871
      vertex -11.1367 14.5824 4.35504
    endloop
  endfacet
  facet normal 0.581915 -0.81325 0
    outer loop
      vertex -10.2288 15.2331 4.73871
      vertex -10.1947 15.2575 4.3248
      vertex -10.1947 15.2575 4.7377
    endloop
  endfacet
  facet normal 0.581915 -0.81325 0
    outer loop
      vertex -11.1367 14.5824 7.35504
      vertex -11.1708 14.558 7.76895
      vertex -11.1708 14.558 7.35605
    endloop
  endfacet
  facet normal 0.582521 -0.812816 7.54767e-05
    outer loop
      vertex -11.1708 14.558 7.76895
      vertex -11.1367 14.5824 7.35504
      vertex -10.2288 15.2331 7.73871
    endloop
  endfacet
  facet normal 0.582521 -0.812816 7.54767e-05
    outer loop
      vertex -10.1947 15.2575 7.3248
      vertex -10.2288 15.2331 7.73871
      vertex -11.1367 14.5824 7.35504
    endloop
  endfacet
  facet normal 0.581915 -0.81325 0
    outer loop
      vertex -10.2288 15.2331 7.73871
      vertex -10.1947 15.2575 7.3248
      vertex -10.1947 15.2575 7.7377
    endloop
  endfacet
  facet normal 0.774064 -0.633108 0
    outer loop
      vertex -13.8228 12.0666 4.86371
      vertex -13.7963 12.099 4.4498
      vertex -13.7963 12.099 4.8627
    endloop
  endfacet
  facet normal 0.772992 -0.634415 -0.000170944
    outer loop
      vertex -13.8228 12.0666 4.86371
      vertex -14.5315 11.2032 4.48004
      vertex -13.7963 12.099 4.4498
    endloop
  endfacet
  facet normal 0.772992 -0.634415 -0.000170944
    outer loop
      vertex -14.558 11.1708 4.89395
      vertex -14.5315 11.2032 4.48004
      vertex -13.8228 12.0666 4.86371
    endloop
  endfacet
  facet normal 0.774064 -0.633108 0
    outer loop
      vertex -14.5315 11.2032 4.48004
      vertex -14.558 11.1708 4.89395
      vertex -14.558 11.1708 4.48105
    endloop
  endfacet
  facet normal 0.774064 -0.633108 0
    outer loop
      vertex -13.8228 12.0666 7.86371
      vertex -13.7963 12.099 7.4498
      vertex -13.7963 12.099 7.8627
    endloop
  endfacet
  facet normal 0.772992 -0.634415 -0.000170944
    outer loop
      vertex -13.8228 12.0666 7.86371
      vertex -14.5315 11.2032 7.48004
      vertex -13.7963 12.099 7.4498
    endloop
  endfacet
  facet normal 0.772992 -0.634415 -0.000170944
    outer loop
      vertex -14.558 11.1708 7.89395
      vertex -14.5315 11.2032 7.48004
      vertex -13.8228 12.0666 7.86371
    endloop
  endfacet
  facet normal 0.774064 -0.633108 0
    outer loop
      vertex -14.5315 11.2032 7.48004
      vertex -14.558 11.1708 7.89395
      vertex -14.558 11.1708 7.48105
    endloop
  endfacet
  facet normal -0.470464 0.882419 0
    outer loop
      vertex 9.13805 -15.9113 8.79254
      vertex 9.175 -15.8916 9.01
      vertex 9.175 -15.8916 8.79355
    endloop
  endfacet
  facet normal -0.471366 0.881938 0.000196846
    outer loop
      vertex 9.175 -15.8916 9.01
      vertex 9.13805 -15.9113 8.79254
      vertex 8.116 -16.4576 9.01
    endloop
  endfacet
  facet normal -0.471399 0.88192 0
    outer loop
      vertex 8.116 -16.4576 9.01
      vertex 9.13805 -15.9113 8.79254
      vertex 8.116 -16.4576 8.7623
    endloop
  endfacet
  facet normal -0.470464 0.882419 0
    outer loop
      vertex 9.13805 -15.9113 2.79254
      vertex 9.175 -15.8916 3.20645
      vertex 9.175 -15.8916 2.79355
    endloop
  endfacet
  facet normal -0.471401 0.881919 0.000107439
    outer loop
      vertex 9.175 -15.8916 3.20645
      vertex 9.13805 -15.9113 2.79254
      vertex 8.15295 -16.4379 3.17621
    endloop
  endfacet
  facet normal -0.471401 0.881919 0.000107439
    outer loop
      vertex 8.116 -16.4576 2.7623
      vertex 8.15295 -16.4379 3.17621
      vertex 9.13805 -15.9113 2.79254
    endloop
  endfacet
  facet normal -0.470464 0.882419 0
    outer loop
      vertex 8.15295 -16.4379 3.17621
      vertex 8.116 -16.4576 2.7623
      vertex 8.116 -16.4576 3.1752
    endloop
  endfacet
  facet normal -0.470464 0.882419 0
    outer loop
      vertex 9.13805 -15.9113 5.79254
      vertex 9.175 -15.8916 6.20645
      vertex 9.175 -15.8916 5.79355
    endloop
  endfacet
  facet normal -0.471401 0.881919 0.000107439
    outer loop
      vertex 9.175 -15.8916 6.20645
      vertex 9.13805 -15.9113 5.79254
      vertex 8.15295 -16.4379 6.17621
    endloop
  endfacet
  facet normal -0.471401 0.881919 0.000107439
    outer loop
      vertex 8.116 -16.4576 5.7623
      vertex 8.15295 -16.4379 6.17621
      vertex 9.13805 -15.9113 5.79254
    endloop
  endfacet
  facet normal -0.470464 0.882419 0
    outer loop
      vertex 8.15295 -16.4379 6.17621
      vertex 8.116 -16.4576 5.7623
      vertex 8.116 -16.4576 6.1752
    endloop
  endfacet
  facet normal -0.226777 -0.973947 -0
    outer loop
      vertex 3.57991 17.9974 4.3627
      vertex 3.57991 17.9974 3.9498
      vertex 3.62071 17.9879 3.94879
    endloop
  endfacet
  facet normal -0.227032 -0.973887 -2.65154e-05
    outer loop
      vertex 3.57991 17.9974 4.3627
      vertex 3.62071 17.9879 3.94879
      vertex 4.70852 17.7343 4.33246
    endloop
  endfacet
  facet normal -0.227106 -0.97387 0.000195563
    outer loop
      vertex 4.74933 17.7247 3.91855
      vertex 4.70852 17.7343 4.33246
      vertex 3.62071 17.9879 3.94879
    endloop
  endfacet
  facet normal -0.228986 -0.97343 0
    outer loop
      vertex 4.70852 17.7343 4.33246
      vertex 4.74933 17.7247 3.91855
      vertex 4.74933 17.7247 4.33145
    endloop
  endfacet
  facet normal -0.226777 -0.973947 -0
    outer loop
      vertex 3.57991 17.9974 7.3627
      vertex 3.57991 17.9974 6.9498
      vertex 3.62071 17.9879 6.94879
    endloop
  endfacet
  facet normal -0.227032 -0.973887 -2.65154e-05
    outer loop
      vertex 3.57991 17.9974 7.3627
      vertex 3.62071 17.9879 6.94879
      vertex 4.70852 17.7343 7.33246
    endloop
  endfacet
  facet normal -0.227106 -0.97387 0.000195563
    outer loop
      vertex 4.74933 17.7247 6.91855
      vertex 4.70852 17.7343 7.33246
      vertex 3.62071 17.9879 6.94879
    endloop
  endfacet
  facet normal -0.228986 -0.97343 0
    outer loop
      vertex 4.70852 17.7343 7.33246
      vertex 4.74933 17.7247 6.91855
      vertex 4.74933 17.7247 7.33145
    endloop
  endfacet
  facet normal 0.288881 0.957365 0
    outer loop
      vertex -4.74933 -17.7247 2.83145
      vertex -4.74933 -17.7247 2.41855
      vertex -4.78943 -17.7126 2.41754
    endloop
  endfacet
  facet normal 0.290282 0.956941 -0.000148118
    outer loop
      vertex -4.74933 -17.7247 2.83145
      vertex -4.78943 -17.7126 2.41754
      vertex -5.85832 -17.3883 2.80121
    endloop
  endfacet
  facet normal 0.290284 0.956941 -0.00014134
    outer loop
      vertex -5.89841 -17.3762 2.3873
      vertex -5.85832 -17.3883 2.80121
      vertex -4.78943 -17.7126 2.41754
    endloop
  endfacet
  facet normal 0.288947 0.957345 0
    outer loop
      vertex -5.85832 -17.3883 2.80121
      vertex -5.89841 -17.3762 2.3873
      vertex -5.89841 -17.3762 2.8002
    endloop
  endfacet
  facet normal 0.288881 0.957365 0
    outer loop
      vertex -4.74933 -17.7247 5.83145
      vertex -4.74933 -17.7247 5.41855
      vertex -4.78943 -17.7126 5.41754
    endloop
  endfacet
  facet normal 0.290282 0.956941 -0.000148118
    outer loop
      vertex -4.74933 -17.7247 5.83145
      vertex -4.78943 -17.7126 5.41754
      vertex -5.85832 -17.3883 5.80121
    endloop
  endfacet
  facet normal 0.290284 0.956941 -0.00014134
    outer loop
      vertex -5.89841 -17.3762 5.3873
      vertex -5.85832 -17.3883 5.80121
      vertex -4.78943 -17.7126 5.41754
    endloop
  endfacet
  facet normal 0.288947 0.957345 0
    outer loop
      vertex -5.85832 -17.3883 5.80121
      vertex -5.89841 -17.3762 5.3873
      vertex -5.89841 -17.3762 5.8002
    endloop
  endfacet
  facet normal 0.288881 0.957365 0
    outer loop
      vertex -4.74933 -17.7247 8.83145
      vertex -4.74933 -17.7247 8.41855
      vertex -4.78943 -17.7126 8.41754
    endloop
  endfacet
  facet normal 0.290282 0.956941 -0.000148118
    outer loop
      vertex -4.74933 -17.7247 8.83145
      vertex -4.78943 -17.7126 8.41754
      vertex -5.85832 -17.3883 8.80121
    endloop
  endfacet
  facet normal 0.290284 0.956941 -0.00014134
    outer loop
      vertex -5.89841 -17.3762 8.3873
      vertex -5.85832 -17.3883 8.80121
      vertex -4.78943 -17.7126 8.41754
    endloop
  endfacet
  facet normal 0.288947 0.957345 0
    outer loop
      vertex -5.85832 -17.3883 8.80121
      vertex -5.89841 -17.3762 8.3873
      vertex -5.89841 -17.3762 8.8002
    endloop
  endfacet
  facet normal 0.986746 -0.16227 0
    outer loop
      vertex -18.0042 3.53856 2.11371
      vertex -17.9974 3.57991 2
      vertex -17.9974 3.57991 2.1127
    endloop
  endfacet
  facet normal 0.98664 -0.162915 1.13175e-05
    outer loop
      vertex -18.193 2.39515 2
      vertex -18.0042 3.53856 2.11371
      vertex -18.193 2.39516 2.14395
    endloop
  endfacet
  facet normal 1 0 0
    outer loop
      vertex -18.193 2.39515 2
      vertex -18.193 2.39516 2.14395
      vertex -18.193 2.39515 2.14395
    endloop
  endfacet
  facet normal 0.986644 -0.162892 -0.000232103
    outer loop
      vertex -18.0042 3.53856 2.11371
      vertex -18.193 2.39515 2
      vertex -17.9974 3.57991 2
    endloop
  endfacet
  facet normal 0.986746 -0.16227 0
    outer loop
      vertex -18.0042 3.53856 5.11371
      vertex -17.9974 3.57991 4.6998
      vertex -17.9974 3.57991 5.1127
    endloop
  endfacet
  facet normal 0.98664 -0.162916 -6.62444e-05
    outer loop
      vertex -18.0042 3.53856 5.11371
      vertex -18.1862 2.4365 4.73004
      vertex -17.9974 3.57991 4.6998
    endloop
  endfacet
  facet normal 0.98664 -0.162917 -6.24407e-05
    outer loop
      vertex -18.193 2.39516 5.14395
      vertex -18.1862 2.4365 4.73004
      vertex -18.0042 3.53856 5.11371
    endloop
  endfacet
  facet normal 0.98674 -0.162308 0
    outer loop
      vertex -18.193 2.39516 5.14395
      vertex -18.193 2.39516 4.73105
      vertex -18.1862 2.4365 4.73004
    endloop
  endfacet
  facet normal 1 -0 0
    outer loop
      vertex -18.193 2.39515 5.14395
      vertex -18.193 2.39516 4.73105
      vertex -18.193 2.39516 5.14395
    endloop
  endfacet
  facet normal 1 0 0
    outer loop
      vertex -18.193 2.39516 4.73105
      vertex -18.193 2.39515 5.14395
      vertex -18.193 2.39515 4.73105
    endloop
  endfacet
  facet normal 0.986746 -0.16227 0
    outer loop
      vertex -18.0042 3.53856 8.11371
      vertex -17.9974 3.57991 7.6998
      vertex -17.9974 3.57991 8.1127
    endloop
  endfacet
  facet normal 0.98664 -0.162916 -6.62444e-05
    outer loop
      vertex -18.0042 3.53856 8.11371
      vertex -18.1862 2.4365 7.73004
      vertex -17.9974 3.57991 7.6998
    endloop
  endfacet
  facet normal 0.98664 -0.162917 -6.24407e-05
    outer loop
      vertex -18.193 2.39516 8.14395
      vertex -18.1862 2.4365 7.73004
      vertex -18.0042 3.53856 8.11371
    endloop
  endfacet
  facet normal 0.98674 -0.162308 0
    outer loop
      vertex -18.193 2.39516 8.14395
      vertex -18.193 2.39516 7.73105
      vertex -18.1862 2.4365 7.73004
    endloop
  endfacet
  facet normal 1 -0 0
    outer loop
      vertex -18.193 2.39515 8.14395
      vertex -18.193 2.39516 7.73105
      vertex -18.193 2.39516 8.14395
    endloop
  endfacet
  facet normal 1 0 0
    outer loop
      vertex -18.193 2.39516 7.73105
      vertex -18.193 2.39515 8.14395
      vertex -18.193 2.39515 7.73105
    endloop
  endfacet
  facet normal -0.973947 0.226777 0
    outer loop
      vertex 17.9879 -3.62071 3.19879
      vertex 17.9974 -3.57991 3.6127
      vertex 17.9974 -3.57991 3.1998
    endloop
  endfacet
  facet normal -0.973887 0.227032 -2.65154e-05
    outer loop
      vertex 17.9879 -3.62071 3.19879
      vertex 17.7343 -4.70852 3.58246
      vertex 17.9974 -3.57991 3.6127
    endloop
  endfacet
  facet normal -0.97387 0.227106 0.000195563
    outer loop
      vertex 17.7247 -4.74933 3.16855
      vertex 17.7343 -4.70852 3.58246
      vertex 17.9879 -3.62071 3.19879
    endloop
  endfacet
  facet normal -0.97343 0.228986 0
    outer loop
      vertex 17.7343 -4.70852 3.58246
      vertex 17.7247 -4.74933 3.16855
      vertex 17.7247 -4.74933 3.58145
    endloop
  endfacet
  facet normal -0.973947 0.226777 0
    outer loop
      vertex 17.9879 -3.62071 6.19879
      vertex 17.9974 -3.57991 6.6127
      vertex 17.9974 -3.57991 6.1998
    endloop
  endfacet
  facet normal -0.973887 0.227032 -2.65154e-05
    outer loop
      vertex 17.9879 -3.62071 6.19879
      vertex 17.7343 -4.70852 6.58246
      vertex 17.9974 -3.57991 6.6127
    endloop
  endfacet
  facet normal -0.97387 0.227106 0.000195563
    outer loop
      vertex 17.7247 -4.74933 6.16855
      vertex 17.7343 -4.70852 6.58246
      vertex 17.9879 -3.62071 6.19879
    endloop
  endfacet
  facet normal -0.97343 0.228986 0
    outer loop
      vertex 17.7343 -4.70852 6.58246
      vertex 17.7247 -4.74933 6.16855
      vertex 17.7247 -4.74933 6.58145
    endloop
  endfacet
  facet normal 0.910815 0.412814 0
    outer loop
      vertex -16.9359 -7.06041 2.39496
      vertex -16.9532 -7.02224 2
      vertex -16.9532 -7.02224 2.39395
    endloop
  endfacet
  facet normal 0.910882 0.412667 -1.71524e-05
    outer loop
      vertex -16.9359 -7.06041 2.39496
      vertex -16.6535 -7.68377 2
      vertex -16.9532 -7.02224 2
    endloop
  endfacet
  facet normal 0.910859 0.412717 -0.00011386
    outer loop
      vertex -16.4576 -8.116 2.4252
      vertex -16.6535 -7.68377 2
      vertex -16.9359 -7.06041 2.39496
    endloop
  endfacet
  facet normal 0.910817 0.41281 -4.25525e-07
    outer loop
      vertex -16.6535 -7.68377 2
      vertex -16.4576 -8.116 2.4252
      vertex -16.4749 -8.07783 2.01129
    endloop
  endfacet
  facet normal 0.910815 0.412814 0
    outer loop
      vertex -16.4749 -8.07783 2.01129
      vertex -16.4576 -8.116 2.4252
      vertex -16.4576 -8.116 2.0123
    endloop
  endfacet
  facet normal 0.910815 0.412814 0
    outer loop
      vertex -16.9359 -7.06041 5.39496
      vertex -16.9532 -7.02224 4.98105
      vertex -16.9532 -7.02224 5.39395
    endloop
  endfacet
  facet normal 0.910858 0.41272 -1.04429e-05
    outer loop
      vertex -16.9359 -7.06041 5.39496
      vertex -16.4749 -8.07783 5.01129
      vertex -16.9532 -7.02224 4.98105
    endloop
  endfacet
  facet normal 0.910858 0.41272 -1.04429e-05
    outer loop
      vertex -16.4576 -8.116 5.4252
      vertex -16.4749 -8.07783 5.01129
      vertex -16.9359 -7.06041 5.39496
    endloop
  endfacet
  facet normal 0.910815 0.412814 0
    outer loop
      vertex -16.4749 -8.07783 5.01129
      vertex -16.4576 -8.116 5.4252
      vertex -16.4576 -8.116 5.0123
    endloop
  endfacet
  facet normal 0.910815 0.412814 0
    outer loop
      vertex -16.9359 -7.06041 8.39496
      vertex -16.9532 -7.02224 7.98105
      vertex -16.9532 -7.02224 8.39395
    endloop
  endfacet
  facet normal 0.910858 0.41272 -1.04429e-05
    outer loop
      vertex -16.9359 -7.06041 8.39496
      vertex -16.4749 -8.07783 8.01129
      vertex -16.9532 -7.02224 7.98105
    endloop
  endfacet
  facet normal 0.910858 0.41272 -1.04429e-05
    outer loop
      vertex -16.4576 -8.116 8.4252
      vertex -16.4749 -8.07783 8.01129
      vertex -16.9359 -7.06041 8.39496
    endloop
  endfacet
  facet normal 0.910815 0.412814 0
    outer loop
      vertex -16.4749 -8.07783 8.01129
      vertex -16.4576 -8.116 8.4252
      vertex -16.4576 -8.116 8.0123
    endloop
  endfacet
  facet normal 0.999442 0.0334107 0
    outer loop
      vertex -18.3486 -0.0418793 2.20746
      vertex -18.35 0 2
      vertex -18.35 0 2.20645
    endloop
  endfacet
  facet normal 0.999465 0.0327037 -0
    outer loop
      vertex -18.3107 -1.20015 2
      vertex -18.3486 -0.0418793 2.20746
      vertex -18.3107 -1.20015 2.2377
    endloop
  endfacet
  facet normal 0.999464 0.0327284 -0.000137901
    outer loop
      vertex -18.3486 -0.0418793 2.20746
      vertex -18.3107 -1.20015 2
      vertex -18.35 0 2
    endloop
  endfacet
  facet normal 0.999442 0.0334107 0
    outer loop
      vertex -18.3486 -0.0418793 5.20746
      vertex -18.35 0 4.79355
      vertex -18.35 0 5.20645
    endloop
  endfacet
  facet normal 0.999465 0.0327018 -7.18058e-05
    outer loop
      vertex -18.3486 -0.0418793 5.20746
      vertex -18.3121 -1.15827 4.82379
      vertex -18.35 0 4.79355
    endloop
  endfacet
  facet normal 0.999465 0.0327018 -7.17523e-05
    outer loop
      vertex -18.3107 -1.20015 5.2377
      vertex -18.3121 -1.15827 4.82379
      vertex -18.3486 -0.0418793 5.20746
    endloop
  endfacet
  facet normal 0.999442 0.0334102 0
    outer loop
      vertex -18.3121 -1.15827 4.82379
      vertex -18.3107 -1.20015 5.2377
      vertex -18.3107 -1.20015 4.8248
    endloop
  endfacet
  facet normal 0.999442 0.0334107 0
    outer loop
      vertex -18.3486 -0.0418793 8.20746
      vertex -18.35 0 7.79355
      vertex -18.35 0 8.20645
    endloop
  endfacet
  facet normal 0.999465 0.0327018 -7.18058e-05
    outer loop
      vertex -18.3486 -0.0418793 8.20746
      vertex -18.3121 -1.15827 7.82379
      vertex -18.35 0 7.79355
    endloop
  endfacet
  facet normal 0.999465 0.0327018 -7.17523e-05
    outer loop
      vertex -18.3107 -1.20015 8.2377
      vertex -18.3121 -1.15827 7.82379
      vertex -18.3486 -0.0418793 8.20746
    endloop
  endfacet
  facet normal 0.999442 0.0334102 0
    outer loop
      vertex -18.3121 -1.15827 7.82379
      vertex -18.3107 -1.20015 8.2377
      vertex -18.3107 -1.20015 7.8248
    endloop
  endfacet
  facet normal 0.729389 -0.6841 0
    outer loop
      vertex -13.0041 12.9448 4.83246
      vertex -12.9754 12.9754 4.41855
      vertex -12.9754 12.9754 4.83145
    endloop
  endfacet
  facet normal 0.729856 -0.683601 6.92732e-05
    outer loop
      vertex -13.0041 12.9448 4.83246
      vertex -13.7676 12.1296 4.44879
      vertex -12.9754 12.9754 4.41855
    endloop
  endfacet
  facet normal 0.729856 -0.683601 6.92732e-05
    outer loop
      vertex -13.7963 12.099 4.8627
      vertex -13.7676 12.1296 4.44879
      vertex -13.0041 12.9448 4.83246
    endloop
  endfacet
  facet normal 0.729389 -0.6841 0
    outer loop
      vertex -13.7676 12.1296 4.44879
      vertex -13.7963 12.099 4.8627
      vertex -13.7963 12.099 4.4498
    endloop
  endfacet
  facet normal 0.729389 -0.6841 0
    outer loop
      vertex -13.0041 12.9448 7.83246
      vertex -12.9754 12.9754 7.41855
      vertex -12.9754 12.9754 7.83145
    endloop
  endfacet
  facet normal 0.729856 -0.683601 6.92732e-05
    outer loop
      vertex -13.0041 12.9448 7.83246
      vertex -13.7676 12.1296 7.44879
      vertex -12.9754 12.9754 7.41855
    endloop
  endfacet
  facet normal 0.729856 -0.683601 6.92732e-05
    outer loop
      vertex -13.7963 12.099 7.8627
      vertex -13.7676 12.1296 7.44879
      vertex -13.0041 12.9448 7.83246
    endloop
  endfacet
  facet normal 0.729389 -0.6841 0
    outer loop
      vertex -13.7676 12.1296 7.44879
      vertex -13.7963 12.099 7.8627
      vertex -13.7963 12.099 7.4498
    endloop
  endfacet
  facet normal -0.729389 0.6841 0
    outer loop
      vertex 13.7676 -12.1296 8.94879
      vertex 13.7963 -12.099 9.01
      vertex 13.7963 -12.099 8.9498
    endloop
  endfacet
  facet normal -0.729855 0.683602 0
    outer loop
      vertex 12.9754 -12.9754 9.01
      vertex 13.7676 -12.1296 8.94879
      vertex 12.9754 -12.9754 8.91855
    endloop
  endfacet
  facet normal -0.729838 0.68362 0.000450873
    outer loop
      vertex 13.7676 -12.1296 8.94879
      vertex 12.9754 -12.9754 9.01
      vertex 13.7963 -12.099 9.01
    endloop
  endfacet
  facet normal -0.729389 0.6841 0
    outer loop
      vertex 13.7676 -12.1296 2.94879
      vertex 13.7963 -12.099 3.3627
      vertex 13.7963 -12.099 2.9498
    endloop
  endfacet
  facet normal -0.729856 0.683601 6.92732e-05
    outer loop
      vertex 13.7676 -12.1296 2.94879
      vertex 13.0041 -12.9448 3.33246
      vertex 13.7963 -12.099 3.3627
    endloop
  endfacet
  facet normal -0.729856 0.683601 6.92732e-05
    outer loop
      vertex 12.9754 -12.9754 2.91855
      vertex 13.0041 -12.9448 3.33246
      vertex 13.7676 -12.1296 2.94879
    endloop
  endfacet
  facet normal -0.729389 0.6841 0
    outer loop
      vertex 13.0041 -12.9448 3.33246
      vertex 12.9754 -12.9754 2.91855
      vertex 12.9754 -12.9754 3.33145
    endloop
  endfacet
  facet normal -0.729389 0.6841 0
    outer loop
      vertex 13.7676 -12.1296 5.94879
      vertex 13.7963 -12.099 6.3627
      vertex 13.7963 -12.099 5.9498
    endloop
  endfacet
  facet normal -0.729856 0.683601 6.92732e-05
    outer loop
      vertex 13.7676 -12.1296 5.94879
      vertex 13.0041 -12.9448 6.33246
      vertex 13.7963 -12.099 6.3627
    endloop
  endfacet
  facet normal -0.729856 0.683601 6.92732e-05
    outer loop
      vertex 12.9754 -12.9754 5.91855
      vertex 13.0041 -12.9448 6.33246
      vertex 13.7676 -12.1296 5.94879
    endloop
  endfacet
  facet normal -0.729389 0.6841 0
    outer loop
      vertex 13.0041 -12.9448 6.33246
      vertex 12.9754 -12.9754 5.91855
      vertex 12.9754 -12.9754 6.33145
    endloop
  endfacet
  facet normal 0.0334107 0.999442 0
    outer loop
      vertex -0.0418793 -18.3486 2.54254
      vertex 0 -18.35 2.95645
      vertex 0 -18.35 2.54355
    endloop
  endfacet
  facet normal 0.0327018 0.999465 7.18058e-05
    outer loop
      vertex 0 -18.35 2.95645
      vertex -0.0418793 -18.3486 2.54254
      vertex -1.15827 -18.3121 2.92621
    endloop
  endfacet
  facet normal 0.0327018 0.999465 7.17523e-05
    outer loop
      vertex -1.20015 -18.3107 2.5123
      vertex -1.15827 -18.3121 2.92621
      vertex -0.0418793 -18.3486 2.54254
    endloop
  endfacet
  facet normal 0.0334102 0.999442 0
    outer loop
      vertex -1.15827 -18.3121 2.92621
      vertex -1.20015 -18.3107 2.5123
      vertex -1.20015 -18.3107 2.9252
    endloop
  endfacet
  facet normal 0.0334107 0.999442 0
    outer loop
      vertex -0.0418793 -18.3486 5.54254
      vertex 0 -18.35 5.95645
      vertex 0 -18.35 5.54355
    endloop
  endfacet
  facet normal 0.0327018 0.999465 7.18058e-05
    outer loop
      vertex 0 -18.35 5.95645
      vertex -0.0418793 -18.3486 5.54254
      vertex -1.15827 -18.3121 5.92621
    endloop
  endfacet
  facet normal 0.0327018 0.999465 7.17523e-05
    outer loop
      vertex -1.20015 -18.3107 5.5123
      vertex -1.15827 -18.3121 5.92621
      vertex -0.0418793 -18.3486 5.54254
    endloop
  endfacet
  facet normal 0.0334102 0.999442 0
    outer loop
      vertex -1.15827 -18.3121 5.92621
      vertex -1.20015 -18.3107 5.5123
      vertex -1.20015 -18.3107 5.9252
    endloop
  endfacet
  facet normal 0.0334107 0.999442 0
    outer loop
      vertex -0.0418793 -18.3486 8.54254
      vertex 0 -18.35 8.95645
      vertex 0 -18.35 8.54355
    endloop
  endfacet
  facet normal 0.0327018 0.999465 7.18058e-05
    outer loop
      vertex 0 -18.35 8.95645
      vertex -0.0418793 -18.3486 8.54254
      vertex -1.15827 -18.3121 8.92621
    endloop
  endfacet
  facet normal 0.0327018 0.999465 7.17523e-05
    outer loop
      vertex -1.20015 -18.3107 8.5123
      vertex -1.15827 -18.3121 8.92621
      vertex -0.0418793 -18.3486 8.54254
    endloop
  endfacet
  facet normal 0.0334102 0.999442 0
    outer loop
      vertex -1.15827 -18.3121 8.92621
      vertex -1.20015 -18.3107 8.5123
      vertex -1.20015 -18.3107 8.9252
    endloop
  endfacet
  facet normal -0.6841 -0.729389 0
    outer loop
      vertex 12.1296 13.7676 3.69879
      vertex 12.099 13.7963 4.1127
      vertex 12.099 13.7963 3.6998
    endloop
  endfacet
  facet normal -0.683601 -0.729856 6.92732e-05
    outer loop
      vertex 12.099 13.7963 4.1127
      vertex 12.1296 13.7676 3.69879
      vertex 12.9448 13.0041 4.08246
    endloop
  endfacet
  facet normal -0.683601 -0.729856 6.92732e-05
    outer loop
      vertex 12.9754 12.9754 3.66855
      vertex 12.9448 13.0041 4.08246
      vertex 12.1296 13.7676 3.69879
    endloop
  endfacet
  facet normal -0.6841 -0.729389 0
    outer loop
      vertex 12.9448 13.0041 4.08246
      vertex 12.9754 12.9754 3.66855
      vertex 12.9754 12.9754 4.08145
    endloop
  endfacet
  facet normal -0.6841 -0.729389 0
    outer loop
      vertex 12.1296 13.7676 6.69879
      vertex 12.099 13.7963 7.1127
      vertex 12.099 13.7963 6.6998
    endloop
  endfacet
  facet normal -0.683601 -0.729856 6.92732e-05
    outer loop
      vertex 12.099 13.7963 7.1127
      vertex 12.1296 13.7676 6.69879
      vertex 12.9448 13.0041 7.08246
    endloop
  endfacet
  facet normal -0.683601 -0.729856 6.92732e-05
    outer loop
      vertex 12.9754 12.9754 6.66855
      vertex 12.9448 13.0041 7.08246
      vertex 12.1296 13.7676 6.69879
    endloop
  endfacet
  facet normal -0.6841 -0.729389 0
    outer loop
      vertex 12.9448 13.0041 7.08246
      vertex 12.9754 12.9754 6.66855
      vertex 12.9754 12.9754 7.08145
    endloop
  endfacet
  facet normal 0.0334102 -0.999442 0
    outer loop
      vertex -1.15827 18.3121 4.07379
      vertex -1.20015 18.3107 4.4877
      vertex -1.20015 18.3107 4.0748
    endloop
  endfacet
  facet normal 0.0327018 -0.999465 -7.17523e-05
    outer loop
      vertex -1.20015 18.3107 4.4877
      vertex -1.15827 18.3121 4.07379
      vertex -0.0418793 18.3486 4.45746
    endloop
  endfacet
  facet normal 0.0327018 -0.999465 -7.18058e-05
    outer loop
      vertex 0 18.35 4.04355
      vertex -0.0418793 18.3486 4.45746
      vertex -1.15827 18.3121 4.07379
    endloop
  endfacet
  facet normal 0.0334107 -0.999442 0
    outer loop
      vertex -0.0418793 18.3486 4.45746
      vertex 0 18.35 4.04355
      vertex 0 18.35 4.45645
    endloop
  endfacet
  facet normal 0.0334102 -0.999442 0
    outer loop
      vertex -1.15827 18.3121 7.07379
      vertex -1.20015 18.3107 7.4877
      vertex -1.20015 18.3107 7.0748
    endloop
  endfacet
  facet normal 0.0327018 -0.999465 -7.17523e-05
    outer loop
      vertex -1.20015 18.3107 7.4877
      vertex -1.15827 18.3121 7.07379
      vertex -0.0418793 18.3486 7.45746
    endloop
  endfacet
  facet normal 0.0327018 -0.999465 -7.18058e-05
    outer loop
      vertex 0 18.35 7.04355
      vertex -0.0418793 18.3486 7.45746
      vertex -1.15827 18.3121 7.07379
    endloop
  endfacet
  facet normal 0.0334107 -0.999442 0
    outer loop
      vertex -0.0418793 18.3486 7.45746
      vertex 0 18.35 7.04355
      vertex 0 18.35 7.45645
    endloop
  endfacet
  facet normal 0.910882 -0.412667 0
    outer loop
      vertex -16.6535 7.68377 2
      vertex -16.9532 7.02224 2.01895
      vertex -16.9532 7.02224 2
    endloop
  endfacet
  facet normal 0.910815 -0.412814 0
    outer loop
      vertex -16.4749 8.07783 4.98871
      vertex -16.4576 8.116 4.5748
      vertex -16.4576 8.116 4.9877
    endloop
  endfacet
  facet normal 0.910858 -0.41272 1.04429e-05
    outer loop
      vertex -16.4749 8.07783 4.98871
      vertex -16.9359 7.06041 4.60504
      vertex -16.4576 8.116 4.5748
    endloop
  endfacet
  facet normal 0.910858 -0.41272 1.04429e-05
    outer loop
      vertex -16.9532 7.02224 5.01895
      vertex -16.9359 7.06041 4.60504
      vertex -16.4749 8.07783 4.98871
    endloop
  endfacet
  facet normal 0.910815 -0.412814 0
    outer loop
      vertex -16.9359 7.06041 4.60504
      vertex -16.9532 7.02224 5.01895
      vertex -16.9532 7.02224 4.60605
    endloop
  endfacet
  facet normal 0.910815 -0.412814 0
    outer loop
      vertex -16.4749 8.07783 7.98871
      vertex -16.4576 8.116 7.5748
      vertex -16.4576 8.116 7.9877
    endloop
  endfacet
  facet normal 0.910858 -0.41272 1.04429e-05
    outer loop
      vertex -16.4749 8.07783 7.98871
      vertex -16.9359 7.06041 7.60504
      vertex -16.4576 8.116 7.5748
    endloop
  endfacet
  facet normal 0.910858 -0.41272 1.04429e-05
    outer loop
      vertex -16.9532 7.02224 8.01895
      vertex -16.9359 7.06041 7.60504
      vertex -16.4749 8.07783 7.98871
    endloop
  endfacet
  facet normal 0.910815 -0.412814 0
    outer loop
      vertex -16.9359 7.06041 7.60504
      vertex -16.9532 7.02224 8.01895
      vertex -16.9532 7.02224 7.60605
    endloop
  endfacet
  facet normal 0.8484 0.529356 0
    outer loop
      vertex -15.8694 -9.21058 2.45746
      vertex -15.8916 -9.175 2.04355
      vertex -15.8916 -9.175 2.45645
    endloop
  endfacet
  facet normal 0.849186 0.528094 -0.000150626
    outer loop
      vertex -15.8694 -9.21058 2.45746
      vertex -15.2796 -10.1591 2.07379
      vertex -15.8916 -9.175 2.04355
    endloop
  endfacet
  facet normal 0.849226 0.528029 7.2301e-05
    outer loop
      vertex -15.2575 -10.1947 2.4877
      vertex -15.2796 -10.1591 2.07379
      vertex -15.8694 -9.21058 2.45746
    endloop
  endfacet
  facet normal 0.849603 0.527422 0
    outer loop
      vertex -15.2796 -10.1591 2.07379
      vertex -15.2575 -10.1947 2.4877
      vertex -15.2575 -10.1947 2.0748
    endloop
  endfacet
  facet normal 0.8484 0.529356 0
    outer loop
      vertex -15.8694 -9.21058 5.45746
      vertex -15.8916 -9.175 5.04355
      vertex -15.8916 -9.175 5.45645
    endloop
  endfacet
  facet normal 0.849186 0.528094 -0.000150626
    outer loop
      vertex -15.8694 -9.21058 5.45746
      vertex -15.2796 -10.1591 5.07379
      vertex -15.8916 -9.175 5.04355
    endloop
  endfacet
  facet normal 0.849226 0.528029 7.2301e-05
    outer loop
      vertex -15.2575 -10.1947 5.4877
      vertex -15.2796 -10.1591 5.07379
      vertex -15.8694 -9.21058 5.45746
    endloop
  endfacet
  facet normal 0.849603 0.527422 0
    outer loop
      vertex -15.2796 -10.1591 5.07379
      vertex -15.2575 -10.1947 5.4877
      vertex -15.2575 -10.1947 5.0748
    endloop
  endfacet
  facet normal 0.8484 0.529356 0
    outer loop
      vertex -15.8694 -9.21058 8.45746
      vertex -15.8916 -9.175 8.04355
      vertex -15.8916 -9.175 8.45645
    endloop
  endfacet
  facet normal 0.849186 0.528094 -0.000150626
    outer loop
      vertex -15.8694 -9.21058 8.45746
      vertex -15.2796 -10.1591 8.07379
      vertex -15.8916 -9.175 8.04355
    endloop
  endfacet
  facet normal 0.849226 0.528029 7.2301e-05
    outer loop
      vertex -15.2575 -10.1947 8.4877
      vertex -15.2796 -10.1591 8.07379
      vertex -15.8694 -9.21058 8.45746
    endloop
  endfacet
  facet normal 0.849603 0.527422 0
    outer loop
      vertex -15.2796 -10.1591 8.07379
      vertex -15.2575 -10.1947 8.4877
      vertex -15.2575 -10.1947 8.0748
    endloop
  endfacet
  facet normal 0.350966 -0.936388 0
    outer loop
      vertex -7.02224 16.9532 4.64395
      vertex -7.02224 16.9532 4.23105
      vertex -6.98302 16.9679 4.23004
    endloop
  endfacet
  facet normal 0.35224 -0.93591 0.000137617
    outer loop
      vertex -7.02224 16.9532 4.64395
      vertex -6.98302 16.9679 4.23004
      vertex -5.93763 17.3614 4.61371
    endloop
  endfacet
  facet normal 0.35231 -0.935883 -8.08955e-05
    outer loop
      vertex -5.89841 17.3762 4.1998
      vertex -5.93763 17.3614 4.61371
      vertex -6.98302 16.9679 4.23004
    endloop
  endfacet
  facet normal 0.353057 -0.935602 0
    outer loop
      vertex -5.93763 17.3614 4.61371
      vertex -5.89841 17.3762 4.1998
      vertex -5.89841 17.3762 4.6127
    endloop
  endfacet
  facet normal 0.350966 -0.936388 0
    outer loop
      vertex -7.02224 16.9532 7.64395
      vertex -7.02224 16.9532 7.23105
      vertex -6.98302 16.9679 7.23004
    endloop
  endfacet
  facet normal 0.35224 -0.93591 0.000137617
    outer loop
      vertex -7.02224 16.9532 7.64395
      vertex -6.98302 16.9679 7.23004
      vertex -5.93763 17.3614 7.61371
    endloop
  endfacet
  facet normal 0.35231 -0.935883 -8.08955e-05
    outer loop
      vertex -5.89841 17.3762 7.1998
      vertex -5.93763 17.3614 7.61371
      vertex -6.98302 16.9679 7.23004
    endloop
  endfacet
  facet normal 0.353057 -0.935602 0
    outer loop
      vertex -5.93763 17.3614 7.61371
      vertex -5.89841 17.3762 7.1998
      vertex -5.89841 17.3762 7.6127
    endloop
  endfacet
  facet normal 1 -0 0
    outer loop
      vertex -18.193 -2.39516 2.26895
      vertex -18.193 -2.39515 2
      vertex -18.193 -2.39515 2.26895
    endloop
  endfacet
  facet normal 0.98674 0.162309 6.0349e-06
    outer loop
      vertex -18.1862 -2.4365 2.26996
      vertex -18.193 -2.39515 2
      vertex -18.193 -2.39516 2.26895
    endloop
  endfacet
  facet normal 0.98664 0.162914 -0
    outer loop
      vertex -17.9974 -3.57991 2
      vertex -18.1862 -2.4365 2.26996
      vertex -17.9974 -3.57991 2.3002
    endloop
  endfacet
  facet normal 0.986644 0.162892 9.77643e-05
    outer loop
      vertex -18.1862 -2.4365 2.26996
      vertex -17.9974 -3.57991 2
      vertex -18.193 -2.39515 2
    endloop
  endfacet
  facet normal 1 -0 0
    outer loop
      vertex -18.193 -2.39516 5.26895
      vertex -18.193 -2.39515 4.85605
      vertex -18.193 -2.39515 5.26895
    endloop
  endfacet
  facet normal 1 0 0
    outer loop
      vertex -18.193 -2.39516 5.26895
      vertex -18.193 -2.39516 4.85605
      vertex -18.193 -2.39515 4.85605
    endloop
  endfacet
  facet normal 0.98674 0.162308 0
    outer loop
      vertex -18.1862 -2.4365 5.26996
      vertex -18.193 -2.39516 4.85605
      vertex -18.193 -2.39516 5.26895
    endloop
  endfacet
  facet normal 0.98664 0.162917 6.24407e-05
    outer loop
      vertex -18.1862 -2.4365 5.26996
      vertex -18.0042 -3.53856 4.88629
      vertex -18.193 -2.39516 4.85605
    endloop
  endfacet
  facet normal 0.98664 0.162916 6.62444e-05
    outer loop
      vertex -17.9974 -3.57991 5.3002
      vertex -18.0042 -3.53856 4.88629
      vertex -18.1862 -2.4365 5.26996
    endloop
  endfacet
  facet normal 0.986746 0.16227 0
    outer loop
      vertex -18.0042 -3.53856 4.88629
      vertex -17.9974 -3.57991 5.3002
      vertex -17.9974 -3.57991 4.8873
    endloop
  endfacet
  facet normal 1 -0 0
    outer loop
      vertex -18.193 -2.39516 8.26895
      vertex -18.193 -2.39515 7.85605
      vertex -18.193 -2.39515 8.26895
    endloop
  endfacet
  facet normal 1 0 0
    outer loop
      vertex -18.193 -2.39516 8.26895
      vertex -18.193 -2.39516 7.85605
      vertex -18.193 -2.39515 7.85605
    endloop
  endfacet
  facet normal 0.98674 0.162308 0
    outer loop
      vertex -18.1862 -2.4365 8.26996
      vertex -18.193 -2.39516 7.85605
      vertex -18.193 -2.39516 8.26895
    endloop
  endfacet
  facet normal 0.98664 0.162917 6.24407e-05
    outer loop
      vertex -18.1862 -2.4365 8.26996
      vertex -18.0042 -3.53856 7.88629
      vertex -18.193 -2.39516 7.85605
    endloop
  endfacet
  facet normal 0.98664 0.162916 6.62444e-05
    outer loop
      vertex -17.9974 -3.57991 8.3002
      vertex -18.0042 -3.53856 7.88629
      vertex -18.1862 -2.4365 8.26996
    endloop
  endfacet
  facet normal 0.986746 0.16227 0
    outer loop
      vertex -18.0042 -3.53856 7.88629
      vertex -17.9974 -3.57991 8.3002
      vertex -17.9974 -3.57991 7.8873
    endloop
  endfacet
  facet normal 0 1 0
    outer loop
      vertex -2.39516 -18.193 2.48105
      vertex -2.39516 -18.193 2.89395
      vertex -2.39515 -18.193 2.89395
    endloop
  endfacet
  facet normal 0 1 0
    outer loop
      vertex -2.39516 -18.193 2.48105
      vertex -2.39515 -18.193 2.89395
      vertex -2.39515 -18.193 2.48105
    endloop
  endfacet
  facet normal 0.162308 0.98674 0
    outer loop
      vertex -2.39516 -18.193 2.89395
      vertex -2.39516 -18.193 2.48105
      vertex -2.4365 -18.1862 2.48004
    endloop
  endfacet
  facet normal 0.162917 0.98664 -6.24407e-05
    outer loop
      vertex -2.39516 -18.193 2.89395
      vertex -2.4365 -18.1862 2.48004
      vertex -3.53856 -18.0042 2.86371
    endloop
  endfacet
  facet normal 0.162916 0.98664 -6.62444e-05
    outer loop
      vertex -3.57991 -17.9974 2.4498
      vertex -3.53856 -18.0042 2.86371
      vertex -2.4365 -18.1862 2.48004
    endloop
  endfacet
  facet normal 0.16227 0.986746 0
    outer loop
      vertex -3.53856 -18.0042 2.86371
      vertex -3.57991 -17.9974 2.4498
      vertex -3.57991 -17.9974 2.8627
    endloop
  endfacet
  facet normal 0 1 0
    outer loop
      vertex -2.39516 -18.193 5.48105
      vertex -2.39516 -18.193 5.89395
      vertex -2.39515 -18.193 5.89395
    endloop
  endfacet
  facet normal 0 1 0
    outer loop
      vertex -2.39516 -18.193 5.48105
      vertex -2.39515 -18.193 5.89395
      vertex -2.39515 -18.193 5.48105
    endloop
  endfacet
  facet normal 0.162308 0.98674 0
    outer loop
      vertex -2.39516 -18.193 5.89395
      vertex -2.39516 -18.193 5.48105
      vertex -2.4365 -18.1862 5.48004
    endloop
  endfacet
  facet normal 0.162917 0.98664 -6.24407e-05
    outer loop
      vertex -2.39516 -18.193 5.89395
      vertex -2.4365 -18.1862 5.48004
      vertex -3.53856 -18.0042 5.86371
    endloop
  endfacet
  facet normal 0.162916 0.98664 -6.62444e-05
    outer loop
      vertex -3.57991 -17.9974 5.4498
      vertex -3.53856 -18.0042 5.86371
      vertex -2.4365 -18.1862 5.48004
    endloop
  endfacet
  facet normal 0.16227 0.986746 0
    outer loop
      vertex -3.53856 -18.0042 5.86371
      vertex -3.57991 -17.9974 5.4498
      vertex -3.57991 -17.9974 5.8627
    endloop
  endfacet
  facet normal 0 1 0
    outer loop
      vertex -2.39516 -18.193 8.48105
      vertex -2.39516 -18.193 8.89395
      vertex -2.39515 -18.193 8.89395
    endloop
  endfacet
  facet normal 0 1 0
    outer loop
      vertex -2.39516 -18.193 8.48105
      vertex -2.39515 -18.193 8.89395
      vertex -2.39515 -18.193 8.48105
    endloop
  endfacet
  facet normal 0.162308 0.98674 0
    outer loop
      vertex -2.39516 -18.193 8.89395
      vertex -2.39516 -18.193 8.48105
      vertex -2.4365 -18.1862 8.48004
    endloop
  endfacet
  facet normal 0.162917 0.98664 -6.24407e-05
    outer loop
      vertex -2.39516 -18.193 8.89395
      vertex -2.4365 -18.1862 8.48004
      vertex -3.53856 -18.0042 8.86371
    endloop
  endfacet
  facet normal 0.162916 0.98664 -6.62444e-05
    outer loop
      vertex -3.57991 -17.9974 8.4498
      vertex -3.53856 -18.0042 8.86371
      vertex -2.4365 -18.1862 8.48004
    endloop
  endfacet
  facet normal 0.16227 0.986746 0
    outer loop
      vertex -3.53856 -18.0042 8.86371
      vertex -3.57991 -17.9974 8.4498
      vertex -3.57991 -17.9974 8.8627
    endloop
  endfacet
  facet normal 0.0978495 0.995201 0
    outer loop
      vertex -1.24185 -18.3066 2.51129
      vertex -1.20015 -18.3107 2.9252
      vertex -1.20015 -18.3107 2.5123
    endloop
  endfacet
  facet normal 0.0980252 0.995184 -1.78696e-05
    outer loop
      vertex -1.20015 -18.3107 2.9252
      vertex -1.24185 -18.3066 2.51129
      vertex -2.35346 -18.1971 2.89496
    endloop
  endfacet
  facet normal 0.098026 0.995184 -1.55809e-05
    outer loop
      vertex -2.39515 -18.193 2.48105
      vertex -2.35346 -18.1971 2.89496
      vertex -1.24185 -18.3066 2.51129
    endloop
  endfacet
  facet normal 0.0978728 0.995199 0
    outer loop
      vertex -2.35346 -18.1971 2.89496
      vertex -2.39515 -18.193 2.48105
      vertex -2.39515 -18.193 2.89395
    endloop
  endfacet
  facet normal 0.0978495 0.995201 0
    outer loop
      vertex -1.24185 -18.3066 5.51129
      vertex -1.20015 -18.3107 5.9252
      vertex -1.20015 -18.3107 5.5123
    endloop
  endfacet
  facet normal 0.0980252 0.995184 -1.78696e-05
    outer loop
      vertex -1.20015 -18.3107 5.9252
      vertex -1.24185 -18.3066 5.51129
      vertex -2.35346 -18.1971 5.89496
    endloop
  endfacet
  facet normal 0.098026 0.995184 -1.55809e-05
    outer loop
      vertex -2.39515 -18.193 5.48105
      vertex -2.35346 -18.1971 5.89496
      vertex -1.24185 -18.3066 5.51129
    endloop
  endfacet
  facet normal 0.0978728 0.995199 0
    outer loop
      vertex -2.35346 -18.1971 5.89496
      vertex -2.39515 -18.193 5.48105
      vertex -2.39515 -18.193 5.89395
    endloop
  endfacet
  facet normal 0.0978495 0.995201 0
    outer loop
      vertex -1.24185 -18.3066 8.51129
      vertex -1.20015 -18.3107 8.9252
      vertex -1.20015 -18.3107 8.5123
    endloop
  endfacet
  facet normal 0.0980252 0.995184 -1.78696e-05
    outer loop
      vertex -1.20015 -18.3107 8.9252
      vertex -1.24185 -18.3066 8.51129
      vertex -2.35346 -18.1971 8.89496
    endloop
  endfacet
  facet normal 0.098026 0.995184 -1.55809e-05
    outer loop
      vertex -2.39515 -18.193 8.48105
      vertex -2.35346 -18.1971 8.89496
      vertex -1.24185 -18.3066 8.51129
    endloop
  endfacet
  facet normal 0.0978728 0.995199 0
    outer loop
      vertex -2.35346 -18.1971 8.89496
      vertex -2.39515 -18.193 8.48105
      vertex -2.39515 -18.193 8.89395
    endloop
  endfacet
  facet normal 0.412814 0.910815 0
    outer loop
      vertex -7.06041 -16.9359 2.35504
      vertex -7.02224 -16.9532 2.76895
      vertex -7.02224 -16.9532 2.35605
    endloop
  endfacet
  facet normal 0.41272 0.910858 1.04429e-05
    outer loop
      vertex -7.02224 -16.9532 2.76895
      vertex -7.06041 -16.9359 2.35504
      vertex -8.07783 -16.4749 2.73871
    endloop
  endfacet
  facet normal 0.41272 0.910858 1.04429e-05
    outer loop
      vertex -8.116 -16.4576 2.3248
      vertex -8.07783 -16.4749 2.73871
      vertex -7.06041 -16.9359 2.35504
    endloop
  endfacet
  facet normal 0.412814 0.910815 0
    outer loop
      vertex -8.07783 -16.4749 2.73871
      vertex -8.116 -16.4576 2.3248
      vertex -8.116 -16.4576 2.7377
    endloop
  endfacet
  facet normal 0.412814 0.910815 0
    outer loop
      vertex -7.06041 -16.9359 5.35504
      vertex -7.02224 -16.9532 5.76895
      vertex -7.02224 -16.9532 5.35605
    endloop
  endfacet
  facet normal 0.41272 0.910858 1.04429e-05
    outer loop
      vertex -7.02224 -16.9532 5.76895
      vertex -7.06041 -16.9359 5.35504
      vertex -8.07783 -16.4749 5.73871
    endloop
  endfacet
  facet normal 0.41272 0.910858 1.04429e-05
    outer loop
      vertex -8.116 -16.4576 5.3248
      vertex -8.07783 -16.4749 5.73871
      vertex -7.06041 -16.9359 5.35504
    endloop
  endfacet
  facet normal 0.412814 0.910815 0
    outer loop
      vertex -8.07783 -16.4749 5.73871
      vertex -8.116 -16.4576 5.3248
      vertex -8.116 -16.4576 5.7377
    endloop
  endfacet
  facet normal 0.412814 0.910815 0
    outer loop
      vertex -7.06041 -16.9359 8.35504
      vertex -7.02224 -16.9532 8.76895
      vertex -7.02224 -16.9532 8.35605
    endloop
  endfacet
  facet normal 0.41272 0.910858 1.04429e-05
    outer loop
      vertex -7.02224 -16.9532 8.76895
      vertex -7.06041 -16.9359 8.35504
      vertex -8.07783 -16.4749 8.73871
    endloop
  endfacet
  facet normal 0.41272 0.910858 1.04429e-05
    outer loop
      vertex -8.116 -16.4576 8.3248
      vertex -8.07783 -16.4749 8.73871
      vertex -7.06041 -16.9359 8.35504
    endloop
  endfacet
  facet normal 0.412814 0.910815 0
    outer loop
      vertex -8.07783 -16.4749 8.73871
      vertex -8.116 -16.4576 8.3248
      vertex -8.116 -16.4576 8.7377
    endloop
  endfacet
  facet normal 0.957345 -0.288947 0
    outer loop
      vertex -17.3883 5.85832 2.05121
      vertex -17.3762 5.89841 2
      vertex -17.3762 5.89841 2.0502
    endloop
  endfacet
  facet normal 0.956942 -0.290278 0
    outer loop
      vertex -17.7247 4.74933 2
      vertex -17.3883 5.85832 2.05121
      vertex -17.7247 4.74933 2.08145
    endloop
  endfacet
  facet normal 0.956956 -0.290231 -0.00109767
    outer loop
      vertex -17.3883 5.85832 2.05121
      vertex -17.7247 4.74933 2
      vertex -17.3762 5.89841 2
    endloop
  endfacet
  facet normal 0.957345 -0.288947 0
    outer loop
      vertex -17.3883 5.85832 5.05121
      vertex -17.3762 5.89841 4.6373
      vertex -17.3762 5.89841 5.0502
    endloop
  endfacet
  facet normal 0.956941 -0.290284 -0.00014134
    outer loop
      vertex -17.3883 5.85832 5.05121
      vertex -17.7126 4.78943 4.66754
      vertex -17.3762 5.89841 4.6373
    endloop
  endfacet
  facet normal 0.956941 -0.290282 -0.000148118
    outer loop
      vertex -17.7247 4.74933 5.08145
      vertex -17.7126 4.78943 4.66754
      vertex -17.3883 5.85832 5.05121
    endloop
  endfacet
  facet normal 0.957365 -0.288881 0
    outer loop
      vertex -17.7247 4.74933 5.08145
      vertex -17.7247 4.74933 4.66855
      vertex -17.7126 4.78943 4.66754
    endloop
  endfacet
  facet normal 0.957345 -0.288947 0
    outer loop
      vertex -17.3883 5.85832 8.05121
      vertex -17.3762 5.89841 7.6373
      vertex -17.3762 5.89841 8.0502
    endloop
  endfacet
  facet normal 0.956941 -0.290284 -0.00014134
    outer loop
      vertex -17.3883 5.85832 8.05121
      vertex -17.7126 4.78943 7.66754
      vertex -17.3762 5.89841 7.6373
    endloop
  endfacet
  facet normal 0.956941 -0.290282 -0.000148118
    outer loop
      vertex -17.7247 4.74933 8.08145
      vertex -17.7126 4.78943 7.66754
      vertex -17.3883 5.85832 8.05121
    endloop
  endfacet
  facet normal 0.957365 -0.288881 0
    outer loop
      vertex -17.7247 4.74933 8.08145
      vertex -17.7247 4.74933 7.66855
      vertex -17.7126 4.78943 7.66754
    endloop
  endfacet
  facet normal 0.882419 0.470464 0
    outer loop
      vertex -16.4379 -8.15295 2.42621
      vertex -16.4576 -8.116 2.0123
      vertex -16.4576 -8.116 2.4252
    endloop
  endfacet
  facet normal 0.881919 0.471401 0.000107439
    outer loop
      vertex -16.4379 -8.15295 2.42621
      vertex -15.9113 -9.13805 2.04254
      vertex -16.4576 -8.116 2.0123
    endloop
  endfacet
  facet normal 0.881919 0.471401 0.000107439
    outer loop
      vertex -15.8916 -9.175 2.45645
      vertex -15.9113 -9.13805 2.04254
      vertex -16.4379 -8.15295 2.42621
    endloop
  endfacet
  facet normal 0.882419 0.470464 0
    outer loop
      vertex -15.9113 -9.13805 2.04254
      vertex -15.8916 -9.175 2.45645
      vertex -15.8916 -9.175 2.04355
    endloop
  endfacet
  facet normal 0.882419 0.470464 0
    outer loop
      vertex -16.4379 -8.15295 5.42621
      vertex -16.4576 -8.116 5.0123
      vertex -16.4576 -8.116 5.4252
    endloop
  endfacet
  facet normal 0.881919 0.471401 0.000107439
    outer loop
      vertex -16.4379 -8.15295 5.42621
      vertex -15.9113 -9.13805 5.04254
      vertex -16.4576 -8.116 5.0123
    endloop
  endfacet
  facet normal 0.881919 0.471401 0.000107439
    outer loop
      vertex -15.8916 -9.175 5.45645
      vertex -15.9113 -9.13805 5.04254
      vertex -16.4379 -8.15295 5.42621
    endloop
  endfacet
  facet normal 0.882419 0.470464 0
    outer loop
      vertex -15.9113 -9.13805 5.04254
      vertex -15.8916 -9.175 5.45645
      vertex -15.8916 -9.175 5.04355
    endloop
  endfacet
  facet normal 0.882419 0.470464 0
    outer loop
      vertex -16.4379 -8.15295 8.42621
      vertex -16.4576 -8.116 8.0123
      vertex -16.4576 -8.116 8.4252
    endloop
  endfacet
  facet normal 0.881919 0.471401 0.000107439
    outer loop
      vertex -16.4379 -8.15295 8.42621
      vertex -15.9113 -9.13805 8.04254
      vertex -16.4576 -8.116 8.0123
    endloop
  endfacet
  facet normal 0.881919 0.471401 0.000107439
    outer loop
      vertex -15.8916 -9.175 8.45645
      vertex -15.9113 -9.13805 8.04254
      vertex -16.4379 -8.15295 8.42621
    endloop
  endfacet
  facet normal 0.882419 0.470464 0
    outer loop
      vertex -15.9113 -9.13805 8.04254
      vertex -15.8916 -9.175 8.45645
      vertex -15.8916 -9.175 8.04355
    endloop
  endfacet
  facet normal 0.529356 0.8484 0
    outer loop
      vertex -9.21058 -15.8694 2.29254
      vertex -9.175 -15.8916 2.70645
      vertex -9.175 -15.8916 2.29355
    endloop
  endfacet
  facet normal 0.528094 0.849186 0.000150626
    outer loop
      vertex -9.175 -15.8916 2.70645
      vertex -9.21058 -15.8694 2.29254
      vertex -10.1591 -15.2796 2.67621
    endloop
  endfacet
  facet normal 0.528029 0.849226 -7.2301e-05
    outer loop
      vertex -10.1947 -15.2575 2.2623
      vertex -10.1591 -15.2796 2.67621
      vertex -9.21058 -15.8694 2.29254
    endloop
  endfacet
  facet normal 0.527422 0.849603 0
    outer loop
      vertex -10.1591 -15.2796 2.67621
      vertex -10.1947 -15.2575 2.2623
      vertex -10.1947 -15.2575 2.6752
    endloop
  endfacet
  facet normal 0.529356 0.8484 0
    outer loop
      vertex -9.21058 -15.8694 5.29254
      vertex -9.175 -15.8916 5.70645
      vertex -9.175 -15.8916 5.29355
    endloop
  endfacet
  facet normal 0.528094 0.849186 0.000150626
    outer loop
      vertex -9.175 -15.8916 5.70645
      vertex -9.21058 -15.8694 5.29254
      vertex -10.1591 -15.2796 5.67621
    endloop
  endfacet
  facet normal 0.528029 0.849226 -7.2301e-05
    outer loop
      vertex -10.1947 -15.2575 5.2623
      vertex -10.1591 -15.2796 5.67621
      vertex -9.21058 -15.8694 5.29254
    endloop
  endfacet
  facet normal 0.527422 0.849603 0
    outer loop
      vertex -10.1591 -15.2796 5.67621
      vertex -10.1947 -15.2575 5.2623
      vertex -10.1947 -15.2575 5.6752
    endloop
  endfacet
  facet normal 0.529356 0.8484 0
    outer loop
      vertex -9.21058 -15.8694 8.29254
      vertex -9.175 -15.8916 8.70645
      vertex -9.175 -15.8916 8.29355
    endloop
  endfacet
  facet normal 0.528094 0.849186 0.000150626
    outer loop
      vertex -9.175 -15.8916 8.70645
      vertex -9.21058 -15.8694 8.29254
      vertex -10.1591 -15.2796 8.67621
    endloop
  endfacet
  facet normal 0.528029 0.849226 -7.2301e-05
    outer loop
      vertex -10.1947 -15.2575 8.2623
      vertex -10.1591 -15.2796 8.67621
      vertex -9.21058 -15.8694 8.29254
    endloop
  endfacet
  facet normal 0.527422 0.849603 0
    outer loop
      vertex -10.1591 -15.2796 8.67621
      vertex -10.1947 -15.2575 8.2623
      vertex -10.1947 -15.2575 8.6752
    endloop
  endfacet
  facet normal -0.407871 -0.496956 0.765948
    outer loop
      vertex 12.1518 14.4867 9.48608
      vertex 13.2701 15.1316 10.5
      vertex 12.2643 15.9571 10.5
    endloop
  endfacet
  facet normal -0.407883 -0.496941 0.765951
    outer loop
      vertex 13.2701 15.1316 10.5
      vertex 12.1518 14.4867 9.48608
      vertex 12.4674 14.2163 9.47871
    endloop
  endfacet
  facet normal 0.58568 0.265375 0.765869
    outer loop
      vertex -18.5941 -7.70195 10.5
      vertex -17.8855 -8.59714 10.2683
      vertex -18.339 -7.59627 10.2683
    endloop
  endfacet
  facet normal 0.585607 0.265296 0.765952
    outer loop
      vertex -17.8855 -8.59714 10.2683
      vertex -18.5941 -7.70195 10.5
      vertex -18.0572 -8.88709 10.5
    endloop
  endfacet
  facet normal -0.642543 -0.0210488 0.765961
    outer loop
      vertex 18.5777 0.170798 9.2057
      vertex 20.1262 0 10.5
      vertex 20.0836 1.30042 10.5
    endloop
  endfacet
  facet normal -0.642546 -0.0211123 0.765956
    outer loop
      vertex 20.1262 0 10.5
      vertex 18.5777 0.170798 9.2057
      vertex 18.5797 0 9.20267
    endloop
  endfacet
  facet normal -0.642573 -0.0202194 0.765957
    outer loop
      vertex 18.5651 1.21682 9.2239
      vertex 20.0836 1.30042 10.5
      vertex 20.0831 1.31631 10.5
    endloop
  endfacet
  facet normal -0.642552 -0.0210279 0.765953
    outer loop
      vertex 20.0836 1.30042 10.5
      vertex 18.5685 0.965159 9.21979
      vertex 18.5777 0.170798 9.2057
    endloop
  endfacet
  facet normal -0.642529 -0.0211901 0.765968
    outer loop
      vertex 20.0836 1.30042 10.5
      vertex 18.5651 1.21682 9.2239
      vertex 18.5685 0.965159 9.21979
    endloop
  endfacet
  facet normal -0.601796 0.22633 0.765909
    outer loop
      vertex 19.0581 -6.46934 10.5
      vertex 18.7966 -6.38057 10.2683
      vertex 19.0525 -6.48423 10.5
    endloop
  endfacet
  facet normal -0.601736 0.226482 0.765911
    outer loop
      vertex 19.0525 -6.48423 10.5
      vertex 18.7966 -6.38057 10.2683
      vertex 18.7261 -6.56788 10.2683
    endloop
  endfacet
  facet normal -0.601575 0.226732 0.765963
    outer loop
      vertex 17.4738 -5.93156 9.0965
      vertex 18.4375 -6.49886 10.0213
      vertex 18.5304 -6.29021 10.0325
    endloop
  endfacet
  facet normal -0.60172 0.22644 0.765936
    outer loop
      vertex 17.427 -6.04892 9.09443
      vertex 18.4375 -6.49886 10.0213
      vertex 17.4738 -5.93156 9.0965
    endloop
  endfacet
  facet normal -0.601742 0.226389 0.765934
    outer loop
      vertex 18.4375 -6.49886 10.0213
      vertex 17.427 -6.04892 9.09443
      vertex 18.3667 -6.65998 10.0133
    endloop
  endfacet
  facet normal -0.601705 0.226458 0.765942
    outer loop
      vertex 18.3667 -6.65998 10.0133
      vertex 17.427 -6.04892 9.09443
      vertex 17.0466 -6.9983 9.07629
    endloop
  endfacet
  facet normal -0.407939 0.496976 0.765898
    outer loop
      vertex 12.099 -13.7963 9.01
      vertex 11.9753 -14.6923 9.52551
      vertex 12.1574 -14.5599 9.53659
    endloop
  endfacet
  facet normal -0.407839 0.496988 0.765944
    outer loop
      vertex 11.1708 -14.558 9.01
      vertex 11.9753 -14.6923 9.52551
      vertex 12.099 -13.7963 9.01
    endloop
  endfacet
  facet normal -0.407876 0.496902 0.76598
    outer loop
      vertex 11.9753 -14.6923 9.52551
      vertex 11.1708 -14.558 9.01
      vertex 11.5265 -15.0216 9.50015
    endloop
  endfacet
  facet normal -0.407967 0.496948 0.765902
    outer loop
      vertex 12.0839 -15.7481 10.2683
      vertex 12.2643 -15.9571 10.5
      vertex 12.2386 -15.6211 10.2683
    endloop
  endfacet
  facet normal -0.408024 0.4969 0.765903
    outer loop
      vertex 12.2643 -15.9571 10.5
      vertex 12.0839 -15.7481 10.2683
      vertex 12.252 -15.9672 10.5
    endloop
  endfacet
  facet normal -0.226517 0.601777 0.765868
    outer loop
      vertex 6.56788 -18.7261 10.2683
      vertex 7.70195 -18.5941 10.5
      vertex 7.59627 -18.339 10.2683
    endloop
  endfacet
  facet normal -0.226519 0.601737 0.765899
    outer loop
      vertex 7.70195 -18.5941 10.5
      vertex 6.56788 -18.7261 10.2683
      vertex 6.48423 -19.0525 10.5
    endloop
  endfacet
  facet normal 0 0.672283 0.740294
    outer loop
      vertex 7.02224 -16.9532 9.01
      vertex 7.1379 -17.2324 9.26355
      vertex 7.13791 -17.2324 9.26355
    endloop
  endfacet
  facet normal -0.226407 0.60176 0.765914
    outer loop
      vertex 7.1379 -17.2324 9.26355
      vertex 7.02224 -16.9532 9.01
      vertex 6.93447 -17.2956 9.25307
    endloop
  endfacet
  facet normal -0.615283 0.186664 0.765887
    outer loop
      vertex 18.7966 -6.38057 10.2683
      vertex 19.0627 -6.45412 10.5
      vertex 18.8547 -6.18906 10.2683
    endloop
  endfacet
  facet normal -0.61547 0.186016 0.765895
    outer loop
      vertex 19.0627 -6.45412 10.5
      vertex 18.7966 -6.38057 10.2683
      vertex 19.0581 -6.46934 10.5
    endloop
  endfacet
  facet normal -0.615182 0.186686 0.765963
    outer loop
      vertex 17.8033 -4.92261 9.11533
      vertex 18.6582 -5.93874 10.0496
      vertex 17.8201 -4.87086 9.11621
    endloop
  endfacet
  facet normal -0.615229 0.186625 0.76594
    outer loop
      vertex 17.4738 -5.93156 9.0965
      vertex 18.6582 -5.93874 10.0496
      vertex 17.8033 -4.92261 9.11533
    endloop
  endfacet
  facet normal -0.615251 0.186448 0.765966
    outer loop
      vertex 18.6582 -5.93874 10.0496
      vertex 17.4738 -5.93156 9.0965
      vertex 18.5304 -6.29021 10.0325
    endloop
  endfacet
  facet normal -0.145537 -0.626215 0.765947
    outer loop
      vertex 5.19354 19.444 10.5
      vertex 4.9398 18.4356 9.62735
      vertex 5.20903 19.4404 10.5
    endloop
  endfacet
  facet normal -0.14593 -0.626119 0.76595
    outer loop
      vertex 5.19354 19.444 10.5
      vertex 4.37731 18.5793 9.63765
      vertex 4.9398 18.4356 9.62735
    endloop
  endfacet
  facet normal -0.146295 -0.62589 0.766067
    outer loop
      vertex 4.37731 18.5793 9.63765
      vertex 5.19354 19.444 10.5
      vertex 4.26174 18.6087 9.6396
    endloop
  endfacet
  facet normal 0.522593 -0.374502 0.765928
    outer loop
      vertex -16.7343 11.1815 10.5
      vertex -15.7431 11.5756 10.0164
      vertex -15.9764 12.2391 10.5
    endloop
  endfacet
  facet normal 0.522585 -0.374435 0.765966
    outer loop
      vertex -15.7431 11.5756 10.0164
      vertex -16.7343 11.1815 10.5
      vertex -16.2692 10.8708 10.0308
    endloop
  endfacet
  facet normal -0.601737 0.226519 0.765899
    outer loop
      vertex 18.7261 -6.56788 10.2683
      vertex 18.5941 -7.70195 10.5
      vertex 19.0525 -6.48423 10.5
    endloop
  endfacet
  facet normal -0.601777 0.226517 0.765868
    outer loop
      vertex 18.339 -7.59627 10.2683
      vertex 18.5941 -7.70195 10.5
      vertex 18.7261 -6.56788 10.2683
    endloop
  endfacet
  facet normal -0.601703 0.226395 0.765962
    outer loop
      vertex 17.0466 -6.9983 9.07629
      vertex 18.0142 -7.46171 9.97336
      vertex 18.3667 -6.65998 10.0133
    endloop
  endfacet
  facet normal -0.601786 0.226205 0.765954
    outer loop
      vertex 18.0142 -7.46171 9.97336
      vertex 17.0466 -6.9983 9.07629
      vertex 17.0251 -7.05201 9.07526
    endloop
  endfacet
  facet normal 0.601796 0.22633 0.765909
    outer loop
      vertex -18.7966 -6.38057 10.2683
      vertex -19.0581 -6.46934 10.5
      vertex -19.0525 -6.48423 10.5
    endloop
  endfacet
  facet normal 0.601736 0.226482 0.765911
    outer loop
      vertex -18.7261 -6.56788 10.2683
      vertex -18.7966 -6.38057 10.2683
      vertex -19.0525 -6.48423 10.5
    endloop
  endfacet
  facet normal -0.496989 0.40782 0.765954
    outer loop
      vertex 14.558 -11.1708 9.01
      vertex 14.896 -12.0763 9.71143
      vertex 15.2453 -11.6982 9.73676
    endloop
  endfacet
  facet normal -0.496679 0.408012 0.766052
    outer loop
      vertex 14.558 -11.1708 9.01
      vertex 14.8045 -12.1761 9.70526
      vertex 14.896 -12.0763 9.71143
    endloop
  endfacet
  facet normal -0.497 0.407849 0.765931
    outer loop
      vertex 14.8045 -12.1761 9.70526
      vertex 14.558 -11.1708 9.01
      vertex 13.7963 -12.099 9.01
    endloop
  endfacet
  facet normal -0.4969 0.408024 0.765903
    outer loop
      vertex 15.7481 -12.0839 10.2683
      vertex 15.9571 -12.2643 10.5
      vertex 15.9672 -12.252 10.5
    endloop
  endfacet
  facet normal -0.496948 0.407967 0.765902
    outer loop
      vertex 15.9571 -12.2643 10.5
      vertex 15.7481 -12.0839 10.2683
      vertex 15.6211 -12.2386 10.2683
    endloop
  endfacet
  facet normal -0.374475 -0.522555 0.765967
    outer loop
      vertex 11.1815 16.7343 10.5
      vertex 10.8862 15.5006 9.51398
      vertex 12.2391 15.9764 10.5
    endloop
  endfacet
  facet normal -0.374532 -0.522532 0.765955
    outer loop
      vertex 10.8862 15.5006 9.51398
      vertex 11.1815 16.7343 10.5
      vertex 10.5333 15.7641 9.52118
    endloop
  endfacet
  facet normal -0.615213 0.186582 0.765964
    outer loop
      vertex 18.8547 -6.18906 10.2683
      vertex 19.4404 -5.20903 10.5
      vertex 19.1736 -5.13756 10.2683
    endloop
  endfacet
  facet normal -0.615294 0.18665 0.765882
    outer loop
      vertex 19.4404 -5.20903 10.5
      vertex 18.8547 -6.18906 10.2683
      vertex 19.0627 -6.45412 10.5
    endloop
  endfacet
  facet normal -0.615306 0.186367 0.765941
    outer loop
      vertex 17.8488 -4.78257 9.11773
      vertex 18.911 -5.24357 10.0832
      vertex 18.9702 -5.08305 10.0917
    endloop
  endfacet
  facet normal -0.615151 0.186777 0.765966
    outer loop
      vertex 17.8201 -4.87086 9.11621
      vertex 18.911 -5.24357 10.0832
      vertex 17.8488 -4.78257 9.11773
    endloop
  endfacet
  facet normal -0.615179 0.186689 0.765964
    outer loop
      vertex 18.911 -5.24357 10.0832
      vertex 17.8201 -4.87086 9.11621
      vertex 18.6582 -5.93874 10.0496
    endloop
  endfacet
  facet normal -0.567013 0.302942 0.765978
    outer loop
      vertex 17.1906 -9.925 10.2683
      vertex 17.4373 -10.0491 10.5
      vertex 17.2849 -9.7485 10.2683
    endloop
  endfacet
  facet normal -0.566683 0.30358 0.765969
    outer loop
      vertex 17.4373 -10.0491 10.5
      vertex 17.1906 -9.925 10.2683
      vertex 17.4298 -10.0631 10.5
    endloop
  endfacet
  facet normal -0.566757 0.303266 0.766039
    outer loop
      vertex 16.4634 -8.21301 9.05265
      vertex 17.0285 -9.24249 9.8783
      vertex 16.4862 -8.17232 9.05341
    endloop
  endfacet
  facet normal -0.566986 0.303067 0.765949
    outer loop
      vertex 15.9151 -9.18859 9.03279
      vertex 17.0285 -9.24249 9.8783
      vertex 16.4634 -8.21301 9.05265
    endloop
  endfacet
  facet normal -0.566998 0.30301 0.765962
    outer loop
      vertex 17.0285 -9.24249 9.8783
      vertex 15.9151 -9.18859 9.03279
      vertex 16.764 -9.67868 9.85506
    endloop
  endfacet
  facet normal -0.522621 0.374571 0.765874
    outer loop
      vertex 15.8646 -11.9212 10.2683
      vertex 16.7343 -11.1815 10.5
      vertex 16.5047 -11.0281 10.2683
    endloop
  endfacet
  facet normal -0.522568 0.374484 0.765954
    outer loop
      vertex 16.7343 -11.1815 10.5
      vertex 15.8646 -11.9212 10.2683
      vertex 15.9764 -12.2391 10.5
    endloop
  endfacet
  facet normal -0.526384 0.368897 0.766052
    outer loop
      vertex 15.2582 -10.1968 9.01154
      vertex 16.0364 -10.7152 9.79591
      vertex 15.259 -10.1957 9.01156
    endloop
  endfacet
  facet normal -0.522582 0.374459 0.765956
    outer loop
      vertex 16.0364 -10.7152 9.79591
      vertex 15.2582 -10.1968 9.01154
      vertex 15.7486 -11.0708 9.7734
    endloop
  endfacet
  facet normal -0.522648 0.374405 0.765937
    outer loop
      vertex 15.7486 -11.0708 9.7734
      vertex 15.2582 -10.1968 9.01154
      vertex 15.6214 -11.2294 9.76413
    endloop
  endfacet
  facet normal -0.265296 0.585607 0.765952
    outer loop
      vertex 8.59714 -17.8855 10.2683
      vertex 7.70195 -18.5941 10.5
      vertex 8.88709 -18.0572 10.5
    endloop
  endfacet
  facet normal -0.265375 0.58568 0.765869
    outer loop
      vertex 7.70195 -18.5941 10.5
      vertex 8.59714 -17.8855 10.2683
      vertex 7.59627 -18.339 10.2683
    endloop
  endfacet
  facet normal -0.265352 0.585623 0.765921
    outer loop
      vertex 7.13791 -17.2324 9.26355
      vertex 7.35272 -17.1488 9.27405
      vertex 7.02224 -16.9532 9.01
    endloop
  endfacet
  facet normal 0.0210249 -0.64253 0.765972
    outer loop
      vertex -1.30042 20.0836 10.5
      vertex -1.25656 19.1713 9.73352
      vertex -0.62242 19.1797 9.72316
    endloop
  endfacet
  facet normal 0.0202191 -0.642563 0.765966
    outer loop
      vertex -1.25656 19.1713 9.73352
      vertex -1.30042 20.0836 10.5
      vertex -1.31631 20.0831 10.5
    endloop
  endfacet
  facet normal -0.46929 0.439506 0.765899
    outer loop
      vertex 14.1729 -13.89 10.2683
      vertex 15.1316 -13.2701 10.5
      vertex 14.924 -13.088 10.2683
    endloop
  endfacet
  facet normal -0.469316 0.439563 0.765851
    outer loop
      vertex 15.1316 -13.2701 10.5
      vertex 14.1729 -13.89 10.2683
      vertex 14.2422 -14.2197 10.5
    endloop
  endfacet
  facet normal -0.469231 0.439502 0.765938
    outer loop
      vertex 13.9878 -13.0099 9.65
      vertex 14.3946 -12.6237 9.67761
      vertex 13.7963 -12.099 9.01
    endloop
  endfacet
  facet normal 0.634418 0.10474 0.765861
    outer loop
      vertex -19.742 -3.91073 10.5
      vertex -19.4686 -3.87254 10.2683
      vertex -19.5012 -3.67508 10.2683
    endloop
  endfacet
  facet normal 0.634361 0.10512 0.765856
    outer loop
      vertex -19.4686 -3.87254 10.2683
      vertex -19.742 -3.91073 10.5
      vertex -19.7394 -3.92642 10.5
    endloop
  endfacet
  facet normal 0.642506 -0.0202173 0.766014
    outer loop
      vertex -20.0836 1.30042 10.5
      vertex -19.727 1.29298 10.2007
      vertex -20.0831 1.31631 10.5
    endloop
  endfacet
  facet normal 0.642489 -0.0208759 0.76601
    outer loop
      vertex -19.727 1.29298 10.2007
      vertex -20.0836 1.30042 10.5
      vertex -19.7303 1.23178 10.2018
    endloop
  endfacet
  facet normal 0.64241 -0.0214949 0.766059
    outer loop
      vertex -19.7303 1.23178 10.2018
      vertex -20.0836 1.30042 10.5
      vertex -19.7402 1.04282 10.2048
    endloop
  endfacet
  facet normal -0.626222 0.146006 0.765851
    outer loop
      vertex 19.2191 -4.94265 10.2683
      vertex 19.7394 -3.92642 10.5
      vertex 19.4686 -3.87254 10.2683
    endloop
  endfacet
  facet normal -0.626189 0.145982 0.765883
    outer loop
      vertex 19.7394 -3.92642 10.5
      vertex 19.2191 -4.94265 10.2683
      vertex 19.444 -5.19354 10.5
    endloop
  endfacet
  facet normal -0.626091 0.146017 0.765956
    outer loop
      vertex 19.3312 -3.84521 10.1508
      vertex 18.1482 -3.6099 9.13896
      vertex 19.2989 -3.95433 10.1452
    endloop
  endfacet
  facet normal -0.626142 0.14583 0.76595
    outer loop
      vertex 18.1209 -3.71761 9.13715
      vertex 19.2989 -3.95433 10.1452
      vertex 18.1482 -3.6099 9.13896
    endloop
  endfacet
  facet normal -0.626114 0.145962 0.765948
    outer loop
      vertex 19.2989 -3.95433 10.1452
      vertex 18.1209 -3.71761 9.13715
      vertex 19.0621 -4.76754 10.1066
    endloop
  endfacet
  facet normal 0.615213 0.186582 0.765964
    outer loop
      vertex -19.4404 -5.20903 10.5
      vertex -18.8547 -6.18906 10.2683
      vertex -19.1736 -5.13756 10.2683
    endloop
  endfacet
  facet normal 0.615294 0.18665 0.765882
    outer loop
      vertex -18.8547 -6.18906 10.2683
      vertex -19.4404 -5.20903 10.5
      vertex -19.0627 -6.45412 10.5
    endloop
  endfacet
  facet normal 0.30358 0.566683 0.765969
    outer loop
      vertex -9.925 -17.1906 10.2683
      vertex -10.0631 -17.4298 10.5
      vertex -10.0491 -17.4373 10.5
    endloop
  endfacet
  facet normal 0.302942 0.567013 0.765978
    outer loop
      vertex -9.7485 -17.2849 10.2683
      vertex -9.925 -17.1906 10.2683
      vertex -10.0491 -17.4373 10.5
    endloop
  endfacet
  facet normal 0.585618 -0.265301 0.765942
    outer loop
      vertex -18.5941 7.70195 10.5
      vertex -17.7454 8.36047 10.0792
      vertex -18.0572 8.88709 10.5
    endloop
  endfacet
  facet normal 0.585642 -0.265355 0.765905
    outer loop
      vertex -17.7454 8.36047 10.0792
      vertex -18.5941 7.70195 10.5
      vertex -18.1476 7.51697 10.0945
    endloop
  endfacet
  facet normal -0.265349 0.585596 0.765942
    outer loop
      vertex 8.116 -16.4576 9.01
      vertex 7.42602 -17.1203 9.27763
      vertex 8.28086 -16.7919 9.3227
    endloop
  endfacet
  facet normal -0.26534 0.58559 0.76595
    outer loop
      vertex 7.02224 -16.9532 9.01
      vertex 7.42602 -17.1203 9.27763
      vertex 8.116 -16.4576 9.01
    endloop
  endfacet
  facet normal -0.265175 0.585811 0.765838
    outer loop
      vertex 7.42602 -17.1203 9.27763
      vertex 7.02224 -16.9532 9.01
      vertex 7.35272 -17.1488 9.27405
    endloop
  endfacet
  facet normal -0.266642 0.584996 0.765952
    outer loop
      vertex 8.77943 -17.8029 10.2683
      vertex 8.88709 -18.0572 10.5
      vertex 8.90157 -18.0506 10.5
    endloop
  endfacet
  facet normal -0.265334 0.585566 0.76597
    outer loop
      vertex 8.88709 -18.0572 10.5
      vertex 8.77943 -17.8029 10.2683
      vertex 8.59714 -17.8855 10.2683
    endloop
  endfacet
  facet normal -0.439437 0.469242 0.765968
    outer loop
      vertex 12.9754 -12.9754 9.01
      vertex 13.0045 -13.8908 9.58748
      vertex 13.4883 -13.4883 9.61846
    endloop
  endfacet
  facet normal -0.439507 0.469222 0.76594
    outer loop
      vertex 12.099 -13.7963 9.01
      vertex 13.0045 -13.8908 9.58748
      vertex 12.9754 -12.9754 9.01
    endloop
  endfacet
  facet normal -0.439579 0.469023 0.766021
    outer loop
      vertex 13.0045 -13.8908 9.58748
      vertex 12.099 -13.7963 9.01
      vertex 12.9132 -13.9675 9.58205
    endloop
  endfacet
  facet normal -0.440361 0.468641 0.765805
    outer loop
      vertex 14.0361 -14.0361 10.2683
      vertex 14.2197 -14.2422 10.5
      vertex 14.2313 -14.2313 10.5
    endloop
  endfacet
  facet normal -0.439523 0.469403 0.76582
    outer loop
      vertex 14.2197 -14.2422 10.5
      vertex 14.0361 -14.0361 10.2683
      vertex 13.89 -14.1729 10.2683
    endloop
  endfacet
  facet normal 0.496978 -0.407864 0.765937
    outer loop
      vertex -15.1316 13.2701 10.5
      vertex -14.8381 12.6753 9.99283
      vertex -14.6731 12.8679 9.98833
    endloop
  endfacet
  facet normal 0.496903 -0.407918 0.765957
    outer loop
      vertex -15.1316 13.2701 10.5
      vertex -15.2361 12.2092 10.0028
      vertex -14.8381 12.6753 9.99283
    endloop
  endfacet
  facet normal 0.496994 -0.407903 0.765906
    outer loop
      vertex -15.2361 12.2092 10.0028
      vertex -15.1316 13.2701 10.5
      vertex -15.9571 12.2643 10.5
    endloop
  endfacet
  facet normal -0.303093 0.567032 0.765904
    outer loop
      vertex 9.175 -15.8916 9.01
      vertex 8.61712 -16.635 9.3396
      vertex 9.39663 -16.2754 9.38185
    endloop
  endfacet
  facet normal -0.30305 0.567013 0.765935
    outer loop
      vertex 8.116 -16.4576 9.01
      vertex 8.61712 -16.635 9.3396
      vertex 9.175 -15.8916 9.01
    endloop
  endfacet
  facet normal -0.303073 0.566979 0.765952
    outer loop
      vertex 8.61712 -16.635 9.3396
      vertex 8.116 -16.4576 9.01
      vertex 8.53848 -16.6717 9.33565
    endloop
  endfacet
  facet normal -0.30358 0.566683 0.765969
    outer loop
      vertex 10.0631 -17.4298 10.5
      vertex 9.925 -17.1906 10.2683
      vertex 10.0491 -17.4373 10.5
    endloop
  endfacet
  facet normal -0.302942 0.567013 0.765978
    outer loop
      vertex 10.0491 -17.4373 10.5
      vertex 9.925 -17.1906 10.2683
      vertex 9.7485 -17.2849 10.2683
    endloop
  endfacet
  facet normal -0.642545 0.0211983 0.765955
    outer loop
      vertex 18.571 -0.165787 9.19996
      vertex 20.1262 0 10.5
      vertex 18.5797 0 9.20267
    endloop
  endfacet
  facet normal -0.642538 0.0210487 0.765965
    outer loop
      vertex 20.1262 0 10.5
      vertex 18.571 -0.165787 9.19996
      vertex 20.0836 -1.30042 10.5
    endloop
  endfacet
  facet normal -0.634418 0.10474 0.765861
    outer loop
      vertex 19.4686 -3.87254 10.2683
      vertex 19.742 -3.91073 10.5
      vertex 19.5012 -3.67508 10.2683
    endloop
  endfacet
  facet normal -0.634361 0.10512 0.765856
    outer loop
      vertex 19.742 -3.91073 10.5
      vertex 19.4686 -3.87254 10.2683
      vertex 19.7394 -3.92642 10.5
    endloop
  endfacet
  facet normal -0.634011 0.105231 0.766131
    outer loop
      vertex 18.3361 -2.60439 9.15711
      vertex 19.3924 -3.56868 10.1637
      vertex 18.347 -2.54578 9.15808
    endloop
  endfacet
  facet normal -0.634316 0.104709 0.76595
    outer loop
      vertex 18.1482 -3.6099 9.13896
      vertex 19.3924 -3.56868 10.1637
      vertex 18.3361 -2.60439 9.15711
    endloop
  endfacet
  facet normal -0.634319 0.104652 0.765956
    outer loop
      vertex 19.3924 -3.56868 10.1637
      vertex 18.1482 -3.6099 9.13896
      vertex 19.3312 -3.84521 10.1508
    endloop
  endfacet
  facet normal -0.186016 0.61547 0.765895
    outer loop
      vertex 6.38057 -18.7966 10.2683
      vertex 6.45412 -19.0627 10.5
      vertex 6.46934 -19.0581 10.5
    endloop
  endfacet
  facet normal -0.186664 0.615283 0.765887
    outer loop
      vertex 6.45412 -19.0627 10.5
      vertex 6.38057 -18.7966 10.2683
      vertex 6.18906 -18.8547 10.2683
    endloop
  endfacet
  facet normal -0.186661 0.615259 0.765907
    outer loop
      vertex 5.89841 -17.3762 9.01
      vertex 4.97112 -17.8364 9.15369
      vertex 5.9729 -17.5956 9.2044
    endloop
  endfacet
  facet normal -0.186545 0.615079 0.76608
    outer loop
      vertex 4.74933 -17.7247 9.01
      vertex 4.97112 -17.8364 9.15369
      vertex 5.89841 -17.3762 9.01
    endloop
  endfacet
  facet normal -0.186104 0.615577 0.765788
    outer loop
      vertex 4.97112 -17.8364 9.15369
      vertex 4.74933 -17.7247 9.01
      vertex 4.91048 -17.8512 9.15085
    endloop
  endfacet
  facet normal 0.0208821 0.642591 0.765925
    outer loop
      vertex -1.29825 -19.8075 10.2683
      vertex -1.30042 -20.0836 10.5
      vertex -1.09823 -19.814 10.2683
    endloop
  endfacet
  facet normal 0.0202204 0.642603 0.765932
    outer loop
      vertex -1.30042 -20.0836 10.5
      vertex -1.29825 -19.8075 10.2683
      vertex -1.31631 -20.0831 10.5
    endloop
  endfacet
  facet normal -0.566671 -0.303574 0.765981
    outer loop
      vertex 16.2658 9.39108 9.37254
      vertex 17.4373 10.0491 10.5
      vertex 17.4298 10.0631 10.5
    endloop
  endfacet
  facet normal -0.56696 -0.303047 0.765975
    outer loop
      vertex 17.4373 10.0491 10.5
      vertex 16.4465 9.03658 9.36604
      vertex 16.6855 8.56576 9.35667
    endloop
  endfacet
  facet normal -0.566963 -0.303044 0.765975
    outer loop
      vertex 17.4373 10.0491 10.5
      vertex 16.2658 9.39108 9.37254
      vertex 16.4465 9.03658 9.36604
    endloop
  endfacet
  facet normal 0.407898 0.497014 0.765896
    outer loop
      vertex -13.2701 -15.1316 10.5
      vertex -12.2386 -15.6211 10.2683
      vertex -13.088 -14.924 10.2683
    endloop
  endfacet
  facet normal 0.407886 0.496973 0.765929
    outer loop
      vertex -12.2386 -15.6211 10.2683
      vertex -13.2701 -15.1316 10.5
      vertex -12.2643 -15.9571 10.5
    endloop
  endfacet
  facet normal -0.626069 0.14615 0.765949
    outer loop
      vertex 19.1736 -5.13756 10.2683
      vertex 19.444 -5.19354 10.5
      vertex 19.2191 -4.94265 10.2683
    endloop
  endfacet
  facet normal -0.626203 0.145535 0.765957
    outer loop
      vertex 19.444 -5.19354 10.5
      vertex 19.1736 -5.13756 10.2683
      vertex 19.4404 -5.20903 10.5
    endloop
  endfacet
  facet normal -0.625555 0.146746 0.766255
    outer loop
      vertex 18.1068 -3.77286 9.13622
      vertex 19.0621 -4.76754 10.1066
      vertex 18.1209 -3.71761 9.13715
    endloop
  endfacet
  facet normal -0.626091 0.145952 0.765968
    outer loop
      vertex 17.8488 -4.78257 9.11773
      vertex 19.0621 -4.76754 10.1066
      vertex 18.1068 -3.77286 9.13622
    endloop
  endfacet
  facet normal -0.626071 0.146187 0.76594
    outer loop
      vertex 19.0621 -4.76754 10.1066
      vertex 17.8488 -4.78257 9.11773
      vertex 18.9702 -5.08305 10.0917
    endloop
  endfacet
  facet normal 0.10474 0.634418 0.765861
    outer loop
      vertex -3.87254 -19.4686 10.2683
      vertex -3.91073 -19.742 10.5
      vertex -3.67508 -19.5012 10.2683
    endloop
  endfacet
  facet normal 0.10512 0.634361 0.765856
    outer loop
      vertex -3.91073 -19.742 10.5
      vertex -3.87254 -19.4686 10.2683
      vertex -3.92642 -19.7394 10.5
    endloop
  endfacet
  facet normal 0.63976 -0.0629735 0.765991
    outer loop
      vertex -20.0815 1.33214 10.5
      vertex -19.727 1.29298 10.2007
      vertex -19.6968 1.5487 10.1965
    endloop
  endfacet
  facet normal 0.639583 -0.0646451 0.765999
    outer loop
      vertex -20.0831 1.31631 10.5
      vertex -19.727 1.29298 10.2007
      vertex -20.0815 1.33214 10.5
    endloop
  endfacet
  facet normal 0.265307 -0.585602 0.765952
    outer loop
      vertex -7.70195 18.5941 10.5
      vertex -7.75767 17.7142 9.84658
      vertex -7.40073 17.8669 9.83969
    endloop
  endfacet
  facet normal 0.265335 -0.585599 0.765945
    outer loop
      vertex -7.70195 18.5941 10.5
      vertex -8.07637 17.5772 9.85224
      vertex -7.75767 17.7142 9.84658
    endloop
  endfacet
  facet normal 0.26529 -0.585594 0.765964
    outer loop
      vertex -8.07637 17.5772 9.85224
      vertex -7.70195 18.5941 10.5
      vertex -8.88709 18.0572 10.5
    endloop
  endfacet
  facet normal 0.186664 0.615283 0.765887
    outer loop
      vertex -6.38057 -18.7966 10.2683
      vertex -6.45412 -19.0627 10.5
      vertex -6.18906 -18.8547 10.2683
    endloop
  endfacet
  facet normal 0.186016 0.61547 0.765895
    outer loop
      vertex -6.45412 -19.0627 10.5
      vertex -6.38057 -18.7966 10.2683
      vertex -6.46934 -19.0581 10.5
    endloop
  endfacet
  facet normal 0.567013 0.302942 0.765978
    outer loop
      vertex -17.4373 -10.0491 10.5
      vertex -17.1906 -9.925 10.2683
      vertex -17.2849 -9.7485 10.2683
    endloop
  endfacet
  facet normal 0.566683 0.30358 0.765969
    outer loop
      vertex -17.1906 -9.925 10.2683
      vertex -17.4373 -10.0491 10.5
      vertex -17.4298 -10.0631 10.5
    endloop
  endfacet
  facet normal -0.145967 -0.626125 0.765939
    outer loop
      vertex 3.92642 19.7394 10.5
      vertex 4.26174 18.6087 9.6396
      vertex 5.19354 19.444 10.5
    endloop
  endfacet
  facet normal -0.145944 -0.626122 0.765945
    outer loop
      vertex 3.92642 19.7394 10.5
      vertex 3.72841 18.744 9.64858
      vertex 4.26174 18.6087 9.6396
    endloop
  endfacet
  facet normal -0.496973 0.407886 0.765929
    outer loop
      vertex 15.6211 -12.2386 10.2683
      vertex 15.1316 -13.2701 10.5
      vertex 15.9571 -12.2643 10.5
    endloop
  endfacet
  facet normal -0.497014 0.407898 0.765896
    outer loop
      vertex 14.924 -13.088 10.2683
      vertex 15.1316 -13.2701 10.5
      vertex 15.6211 -12.2386 10.2683
    endloop
  endfacet
  facet normal -0.497006 0.40783 0.765937
    outer loop
      vertex 14.3946 -12.6237 9.67761
      vertex 14.8045 -12.1761 9.70526
      vertex 13.7963 -12.099 9.01
    endloop
  endfacet
  facet normal 0.226299 -0.601713 0.765983
    outer loop
      vertex -6.48423 19.0525 10.5
      vertex -6.20819 18.2887 9.81845
      vertex -6.46934 19.0581 10.5
    endloop
  endfacet
  facet normal 0.226393 -0.601678 0.765983
    outer loop
      vertex -6.48423 19.0525 10.5
      vertex -6.5925 18.1533 9.82568
      vertex -6.20819 18.2887 9.81845
    endloop
  endfacet
  facet normal 0.226423 -0.601676 0.765975
    outer loop
      vertex -6.5925 18.1533 9.82568
      vertex -6.48423 19.0525 10.5
      vertex -6.72687 18.1057 9.82801
    endloop
  endfacet
  facet normal 0.545966 0.339463 0.765954
    outer loop
      vertex -17.1906 -9.925 10.2683
      vertex -17.4214 -10.0766 10.5
      vertex -17.0849 -10.095 10.2683
    endloop
  endfacet
  facet normal 0.545852 0.339641 0.765957
    outer loop
      vertex -17.4214 -10.0766 10.5
      vertex -17.1906 -9.925 10.2683
      vertex -17.4298 -10.0631 10.5
    endloop
  endfacet
  facet normal -0.545852 0.339641 0.765957
    outer loop
      vertex 17.1906 -9.925 10.2683
      vertex 17.4214 -10.0766 10.5
      vertex 17.4298 -10.0631 10.5
    endloop
  endfacet
  facet normal -0.545966 0.339463 0.765954
    outer loop
      vertex 17.4214 -10.0766 10.5
      vertex 17.1906 -9.925 10.2683
      vertex 17.0849 -10.095 10.2683
    endloop
  endfacet
  facet normal -0.545815 0.339697 0.765958
    outer loop
      vertex 15.8804 -9.242 9.03175
      vertex 16.764 -9.67868 9.85506
      vertex 15.9151 -9.18859 9.03279
    endloop
  endfacet
  facet normal -0.545944 0.339461 0.765971
    outer loop
      vertex 16.764 -9.67868 9.85506
      vertex 15.8804 -9.242 9.03175
      vertex 16.5331 -10.0056 9.83537
    endloop
  endfacet
  facet normal -0.545751 0.339671 0.766015
    outer loop
      vertex 16.5331 -10.0056 9.83537
      vertex 15.8804 -9.242 9.03175
      vertex 16.4461 -10.1298 9.82846
    endloop
  endfacet
  facet normal -0.545965 0.339476 0.765949
    outer loop
      vertex 16.4461 -10.1298 9.82846
      vertex 15.8804 -9.242 9.03175
      vertex 15.2598 -10.1946 9.01159
    endloop
  endfacet
  facet normal -0.407825 0.497011 0.765937
    outer loop
      vertex 12.5307 -14.2886 9.55931
      vertex 12.099 -13.7963 9.01
      vertex 12.1574 -14.5599 9.53659
    endloop
  endfacet
  facet normal -0.407898 0.497014 0.765896
    outer loop
      vertex 12.2386 -15.6211 10.2683
      vertex 13.2701 -15.1316 10.5
      vertex 13.088 -14.924 10.2683
    endloop
  endfacet
  facet normal -0.407886 0.496973 0.765929
    outer loop
      vertex 13.2701 -15.1316 10.5
      vertex 12.2386 -15.6211 10.2683
      vertex 12.2643 -15.9571 10.5
    endloop
  endfacet
  facet normal -0.1047 0.634202 0.766046
    outer loop
      vertex 3.57991 -17.9974 9.01
      vertex 2.45904 -18.2063 9.02975
      vertex 3.5976 -18.0864 9.0861
    endloop
  endfacet
  facet normal -0.104725 0.634323 0.765942
    outer loop
      vertex 2.39515 -18.193 9.01
      vertex 2.45904 -18.2063 9.02975
      vertex 3.57991 -17.9974 9.01
    endloop
  endfacet
  facet normal -0.105348 0.632922 0.767015
    outer loop
      vertex 2.45904 -18.2063 9.02975
      vertex 2.39515 -18.193 9.01
      vertex 2.41311 -18.2114 9.02765
    endloop
  endfacet
  facet normal -0.10512 0.634361 0.765856
    outer loop
      vertex 3.87254 -19.4686 10.2683
      vertex 3.91073 -19.742 10.5
      vertex 3.92642 -19.7394 10.5
    endloop
  endfacet
  facet normal -0.10474 0.634418 0.765861
    outer loop
      vertex 3.91073 -19.742 10.5
      vertex 3.87254 -19.4686 10.2683
      vertex 3.67508 -19.5012 10.2683
    endloop
  endfacet
  facet normal -0.226482 0.601736 0.765911
    outer loop
      vertex 6.38057 -18.7966 10.2683
      vertex 6.48423 -19.0525 10.5
      vertex 6.56788 -18.7261 10.2683
    endloop
  endfacet
  facet normal -0.22633 0.601796 0.765909
    outer loop
      vertex 6.48423 -19.0525 10.5
      vertex 6.38057 -18.7966 10.2683
      vertex 6.46934 -19.0581 10.5
    endloop
  endfacet
  facet normal -0.226537 0.601764 0.765873
    outer loop
      vertex 7.02224 -16.9532 9.01
      vertex 6.20872 -17.5212 9.21566
      vertex 6.93447 -17.2956 9.25307
    endloop
  endfacet
  facet normal -0.226474 0.601699 0.765942
    outer loop
      vertex 5.89841 -17.3762 9.01
      vertex 6.20872 -17.5212 9.21566
      vertex 7.02224 -16.9532 9.01
    endloop
  endfacet
  facet normal -0.226423 0.601761 0.765909
    outer loop
      vertex 6.20872 -17.5212 9.21566
      vertex 5.89841 -17.3762 9.01
      vertex 5.9729 -17.5956 9.2044
    endloop
  endfacet
  facet normal -0.18665 0.615294 0.765882
    outer loop
      vertex 6.18906 -18.8547 10.2683
      vertex 5.20903 -19.4404 10.5
      vertex 6.45412 -19.0627 10.5
    endloop
  endfacet
  facet normal -0.186582 0.615213 0.765964
    outer loop
      vertex 5.13756 -19.1736 10.2683
      vertex 5.20903 -19.4404 10.5
      vertex 6.18906 -18.8547 10.2683
    endloop
  endfacet
  facet normal -0.186815 0.614997 0.76608
    outer loop
      vertex 4.79106 -17.8805 9.14525
      vertex 4.91048 -17.8512 9.15085
      vertex 4.74933 -17.7247 9.01
    endloop
  endfacet
  facet normal -0.522417 0.37455 0.766024
    outer loop
      vertex 15.2334 -10.23 9.01086
      vertex 15.6214 -11.2294 9.76413
      vertex 15.2582 -10.1968 9.01154
    endloop
  endfacet
  facet normal -0.523576 0.373785 0.765606
    outer loop
      vertex 15.2043 -10.269 9.01
      vertex 15.6214 -11.2294 9.76413
      vertex 15.2334 -10.23 9.01086
    endloop
  endfacet
  facet normal -0.522553 0.374502 0.765954
    outer loop
      vertex 14.558 -11.1708 9.01
      vertex 15.6214 -11.2294 9.76413
      vertex 15.2043 -10.269 9.01
    endloop
  endfacet
  facet normal -0.522553 0.374505 0.765953
    outer loop
      vertex 15.6214 -11.2294 9.76413
      vertex 14.558 -11.1708 9.01
      vertex 15.2453 -11.6982 9.73676
    endloop
  endfacet
  facet normal -0.522794 0.374342 0.765869
    outer loop
      vertex 15.7481 -12.0839 10.2683
      vertex 15.9764 -12.2391 10.5
      vertex 15.8646 -11.9212 10.2683
    endloop
  endfacet
  facet normal -0.523489 0.373341 0.765883
    outer loop
      vertex 15.9764 -12.2391 10.5
      vertex 15.7481 -12.0839 10.2683
      vertex 15.9672 -12.252 10.5
    endloop
  endfacet
  facet normal -0.634355 0.104737 0.765914
    outer loop
      vertex 19.5012 -3.67508 10.2683
      vertex 19.954 -2.62699 10.5
      vertex 19.6802 -2.59094 10.2683
    endloop
  endfacet
  facet normal -0.634402 0.104767 0.765871
    outer loop
      vertex 19.954 -2.62699 10.5
      vertex 19.5012 -3.67508 10.2683
      vertex 19.742 -3.91073 10.5
    endloop
  endfacet
  facet normal -0.634284 0.104914 0.765948
    outer loop
      vertex 19.6112 -2.58186 10.21
      vertex 18.3705 -2.41853 9.1602
      vertex 19.5987 -2.63699 10.2072
    endloop
  endfacet
  facet normal -0.634374 0.104393 0.765945
    outer loop
      vertex 18.347 -2.54578 9.15808
      vertex 19.5987 -2.63699 10.2072
      vertex 18.3705 -2.41853 9.1602
    endloop
  endfacet
  facet normal -0.634341 0.104698 0.765931
    outer loop
      vertex 19.5987 -2.63699 10.2072
      vertex 18.347 -2.54578 9.15808
      vertex 19.3924 -3.56868 10.1637
    endloop
  endfacet
  facet normal -0.545958 0.339513 0.765938
    outer loop
      vertex 17.0849 -10.095 10.2683
      vertex 16.7343 -11.1815 10.5
      vertex 17.4214 -10.0766 10.5
    endloop
  endfacet
  facet normal -0.546038 0.339525 0.765876
    outer loop
      vertex 16.7343 -11.1815 10.5
      vertex 17.0849 -10.095 10.2683
      vertex 16.5047 -11.0281 10.2683
    endloop
  endfacet
  facet normal -0.54596 0.339509 0.765938
    outer loop
      vertex 15.2598 -10.1946 9.01159
      vertex 16.0364 -10.7152 9.79591
      vertex 16.4461 -10.1298 9.82846
    endloop
  endfacet
  facet normal -0.52955 0.364234 0.766101
    outer loop
      vertex 16.0364 -10.7152 9.79591
      vertex 15.2598 -10.1946 9.01159
      vertex 15.259 -10.1957 9.01156
    endloop
  endfacet
  facet normal -0.0629337 0.639451 0.766252
    outer loop
      vertex 2.38357 -18.2136 9.02624
      vertex 2.39515 -18.193 9.01
      vertex 2.05375 -18.2266 9.01
    endloop
  endfacet
  facet normal -0.0629687 0.639871 0.765898
    outer loop
      vertex 1.29825 -19.8075 10.2683
      vertex 1.33214 -20.0815 10.5
      vertex 1.49742 -19.7879 10.2683
    endloop
  endfacet
  facet normal -0.0646549 0.639679 0.765918
    outer loop
      vertex 1.33214 -20.0815 10.5
      vertex 1.29825 -19.8075 10.2683
      vertex 1.31631 -20.0831 10.5
    endloop
  endfacet
  facet normal 0.104777 -0.63429 0.765962
    outer loop
      vertex -2.62699 19.954 10.5
      vertex -2.97149 19.0071 9.763
      vertex -2.51103 19.0732 9.75475
    endloop
  endfacet
  facet normal 0.104439 -0.634237 0.766052
    outer loop
      vertex -2.62699 19.954 10.5
      vertex -3.16432 18.9792 9.76619
      vertex -2.97149 19.0071 9.763
    endloop
  endfacet
  facet normal 0.104754 -0.634324 0.765937
    outer loop
      vertex -3.16432 18.9792 9.76619
      vertex -2.62699 19.954 10.5
      vertex -3.91073 19.742 10.5
    endloop
  endfacet
  facet normal 0.566684 -0.303581 0.765968
    outer loop
      vertex -17.4373 10.0491 10.5
      vertex -16.9673 9.79608 10.052
      vertex -17.4298 10.0631 10.5
    endloop
  endfacet
  facet normal 0.567 -0.302993 0.765967
    outer loop
      vertex -16.9673 9.79608 10.052
      vertex -17.4373 10.0491 10.5
      vertex -17.0633 9.62528 10.0555
    endloop
  endfacet
  facet normal 0.566889 -0.303123 0.765998
    outer loop
      vertex -17.0633 9.62528 10.0555
      vertex -17.4373 10.0491 10.5
      vertex -17.1469 9.47601 10.0583
    endloop
  endfacet
  facet normal -0.469403 0.439523 0.76582
    outer loop
      vertex 14.0361 -14.0361 10.2683
      vertex 14.2422 -14.2197 10.5
      vertex 14.1729 -13.89 10.2683
    endloop
  endfacet
  facet normal -0.468641 0.440361 0.765805
    outer loop
      vertex 14.2422 -14.2197 10.5
      vertex 14.0361 -14.0361 10.2683
      vertex 14.2313 -14.2313 10.5
    endloop
  endfacet
  facet normal -0.468977 0.439618 0.766027
    outer loop
      vertex 13.7963 -12.099 9.01
      vertex 13.9797 -13.0176 9.64946
      vertex 13.9878 -13.0099 9.65
    endloop
  endfacet
  facet normal -0.469223 0.439508 0.765939
    outer loop
      vertex 12.9754 -12.9754 9.01
      vertex 13.9797 -13.0176 9.64946
      vertex 13.7963 -12.099 9.01
    endloop
  endfacet
  facet normal -0.469244 0.439434 0.765968
    outer loop
      vertex 13.9797 -13.0176 9.64946
      vertex 12.9754 -12.9754 9.01
      vertex 13.4883 -13.4883 9.61846
    endloop
  endfacet
  facet normal 0.265375 0.58568 0.765869
    outer loop
      vertex -8.59714 -17.8855 10.2683
      vertex -7.70195 -18.5941 10.5
      vertex -7.59627 -18.339 10.2683
    endloop
  endfacet
  facet normal 0.265296 0.585607 0.765952
    outer loop
      vertex -7.70195 -18.5941 10.5
      vertex -8.59714 -17.8855 10.2683
      vertex -8.88709 -18.0572 10.5
    endloop
  endfacet
  facet normal 0.14615 0.626069 0.765949
    outer loop
      vertex -5.13756 -19.1736 10.2683
      vertex -5.19354 -19.444 10.5
      vertex -4.94265 -19.2191 10.2683
    endloop
  endfacet
  facet normal 0.145535 0.626203 0.765957
    outer loop
      vertex -5.19354 -19.444 10.5
      vertex -5.13756 -19.1736 10.2683
      vertex -5.20903 -19.4404 10.5
    endloop
  endfacet
  facet normal 0.374484 -0.522577 0.765947
    outer loop
      vertex -12.2391 15.9764 10.5
      vertex -11.8345 15.423 9.92462
      vertex -11.4389 15.695 9.91678
    endloop
  endfacet
  facet normal 0.373302 -0.523434 0.765939
    outer loop
      vertex -11.8345 15.423 9.92462
      vertex -12.2391 15.9764 10.5
      vertex -12.252 15.9672 10.5
    endloop
  endfacet
  facet normal -0.639882 0.0630073 0.765885
    outer loop
      vertex 19.7879 -1.49742 10.2683
      vertex 19.954 -2.62699 10.5
      vertex 20.0815 -1.33214 10.5
    endloop
  endfacet
  facet normal -0.639848 0.0630182 0.765913
    outer loop
      vertex 19.954 -2.62699 10.5
      vertex 19.7879 -1.49742 10.2683
      vertex 19.6802 -2.59094 10.2683
    endloop
  endfacet
  facet normal -0.639818 0.0630194 0.765938
    outer loop
      vertex 18.3864 -2.28631 9.16256
      vertex 19.6112 -2.58186 10.21
      vertex 19.7769 -1.50361 10.2597
    endloop
  endfacet
  facet normal -0.639774 0.0632638 0.765955
    outer loop
      vertex 19.6112 -2.58186 10.21
      vertex 18.3864 -2.28631 9.16256
      vertex 18.3705 -2.41853 9.1602
    endloop
  endfacet
  facet normal 0.186582 0.615213 0.765964
    outer loop
      vertex -6.18906 -18.8547 10.2683
      vertex -5.20903 -19.4404 10.5
      vertex -5.13756 -19.1736 10.2683
    endloop
  endfacet
  facet normal 0.18665 0.615294 0.765882
    outer loop
      vertex -5.20903 -19.4404 10.5
      vertex -6.18906 -18.8547 10.2683
      vertex -6.45412 -19.0627 10.5
    endloop
  endfacet
  facet normal -0.54584 -0.339634 0.765968
    outer loop
      vertex 17.4214 10.0766 10.5
      vertex 16.2658 9.39108 9.37254
      vertex 17.4298 10.0631 10.5
    endloop
  endfacet
  facet normal -0.545933 -0.33948 0.76597
    outer loop
      vertex 17.4214 10.0766 10.5
      vertex 15.852 10.089 9.38693
      vertex 16.2658 9.39108 9.37254
    endloop
  endfacet
  facet normal -0.546002 -0.339144 0.76607
    outer loop
      vertex 15.852 10.089 9.38693
      vertex 17.4214 10.0766 10.5
      vertex 15.807 10.1647 9.38837
    endloop
  endfacet
  facet normal 0.639867 -0.0624617 0.765943
    outer loop
      vertex -19.954 2.62699 10.5
      vertex -19.5847 2.49716 10.1809
      vertex -19.5751 2.57711 10.1794
    endloop
  endfacet
  facet normal 0.639732 -0.0630119 0.766011
    outer loop
      vertex -19.954 2.62699 10.5
      vertex -19.6968 1.5487 10.1965
      vertex -19.5847 2.49716 10.1809
    endloop
  endfacet
  facet normal 0.639767 -0.0629959 0.765983
    outer loop
      vertex -19.6968 1.5487 10.1965
      vertex -19.954 2.62699 10.5
      vertex -20.0815 1.33214 10.5
    endloop
  endfacet
  facet normal 0.145909 -0.626127 0.765947
    outer loop
      vertex -5.19354 19.444 10.5
      vertex -4.99221 18.6312 9.79722
      vertex -4.42214 18.7524 9.7877
    endloop
  endfacet
  facet normal 0.145538 -0.626217 0.765944
    outer loop
      vertex -4.99221 18.6312 9.79722
      vertex -5.19354 19.444 10.5
      vertex -5.20903 19.4404 10.5
    endloop
  endfacet
  facet normal 0.186612 -0.615218 0.765952
    outer loop
      vertex -5.20903 19.4404 10.5
      vertex -5.40307 18.516 9.80479
      vertex -4.99221 18.6312 9.79722
    endloop
  endfacet
  facet normal 0.18668 -0.615219 0.765935
    outer loop
      vertex -5.20903 19.4404 10.5
      vertex -5.66376 18.4424 9.80921
      vertex -5.40307 18.516 9.80479
    endloop
  endfacet
  facet normal 0.186625 -0.615209 0.765956
    outer loop
      vertex -5.66376 18.4424 9.80921
      vertex -5.20903 19.4404 10.5
      vertex -6.45412 19.0627 10.5
    endloop
  endfacet
  facet normal -0.303053 0.567002 0.765942
    outer loop
      vertex 8.28086 -16.7919 9.3227
      vertex 8.53848 -16.6717 9.33565
      vertex 8.116 -16.4576 9.01
    endloop
  endfacet
  facet normal -0.303002 0.56694 0.766008
    outer loop
      vertex 9.7485 -17.2849 10.2683
      vertex 8.90157 -18.0506 10.5
      vertex 10.0491 -17.4373 10.5
    endloop
  endfacet
  facet normal -0.303083 0.567005 0.765928
    outer loop
      vertex 8.90157 -18.0506 10.5
      vertex 9.7485 -17.2849 10.2683
      vertex 8.77943 -17.8029 10.2683
    endloop
  endfacet
  facet normal 0.46929 0.439506 0.765899
    outer loop
      vertex -15.1316 -13.2701 10.5
      vertex -14.1729 -13.89 10.2683
      vertex -14.924 -13.088 10.2683
    endloop
  endfacet
  facet normal 0.469316 0.439563 0.765851
    outer loop
      vertex -14.1729 -13.89 10.2683
      vertex -15.1316 -13.2701 10.5
      vertex -14.2422 -14.2197 10.5
    endloop
  endfacet
  facet normal 0.021125 -0.642551 0.765952
    outer loop
      vertex 0 20.1262 10.5
      vertex -0.503606 19.1813 9.72122
      vertex 0 19.1872 9.71228
    endloop
  endfacet
  facet normal 0.0211593 -0.642561 0.765942
    outer loop
      vertex 0 20.1262 10.5
      vertex -0.62242 19.1797 9.72316
      vertex -0.503606 19.1813 9.72122
    endloop
  endfacet
  facet normal 0.0210481 -0.64252 0.76598
    outer loop
      vertex -0.62242 19.1797 9.72316
      vertex 0 20.1262 10.5
      vertex -1.30042 20.0836 10.5
    endloop
  endfacet
  facet normal -0.639738 0.0646608 0.765868
    outer loop
      vertex 20.0831 -1.31631 10.5
      vertex 19.8058 -1.3155 10.2683
      vertex 20.0815 -1.33214 10.5
    endloop
  endfacet
  facet normal -0.639835 0.0623787 0.765977
    outer loop
      vertex 18.5146 -1.21351 9.18143
      vertex 19.8058 -1.3155 10.2683
      vertex 20.0831 -1.31631 10.5
    endloop
  endfacet
  facet normal -0.639758 0.0632697 0.765968
    outer loop
      vertex 19.8058 -1.3155 10.2683
      vertex 18.5146 -1.21351 9.18143
      vertex 19.7769 -1.50361 10.2597
    endloop
  endfacet
  facet normal -0.639822 0.0629014 0.765945
    outer loop
      vertex 18.49 -1.42197 9.178
      vertex 19.7769 -1.50361 10.2597
      vertex 18.5146 -1.21351 9.18143
    endloop
  endfacet
  facet normal -0.639814 0.063006 0.765943
    outer loop
      vertex 19.7769 -1.50361 10.2597
      vertex 18.49 -1.42197 9.178
      vertex 18.3864 -2.28631 9.16256
    endloop
  endfacet
  facet normal -0.639868 0.0629598 0.765901
    outer loop
      vertex 20.0815 -1.33214 10.5
      vertex 19.8058 -1.3155 10.2683
      vertex 19.7879 -1.49742 10.2683
    endloop
  endfacet
  facet normal 0.639649 0.0646518 0.765944
    outer loop
      vertex -19.7775 -1.29629 10.2431
      vertex -20.0831 -1.31631 10.5
      vertex -20.0815 -1.33214 10.5
    endloop
  endfacet
  facet normal 0.639896 0.0631639 0.765862
    outer loop
      vertex -19.7758 -1.31904 10.2435
      vertex -20.0815 -1.33214 10.5
      vertex -19.7605 -1.51284 10.2467
    endloop
  endfacet
  facet normal 0.640018 0.0612921 0.765912
    outer loop
      vertex -20.0815 -1.33214 10.5
      vertex -19.7758 -1.31904 10.2435
      vertex -19.7775 -1.29629 10.2431
    endloop
  endfacet
  facet normal 0.639721 0.0630491 0.766017
    outer loop
      vertex -19.7605 -1.51284 10.2467
      vertex -19.954 -2.62699 10.5
      vertex -19.6755 -2.59033 10.2644
    endloop
  endfacet
  facet normal 0.639848 0.0630039 0.765915
    outer loop
      vertex -19.954 -2.62699 10.5
      vertex -19.7605 -1.51284 10.2467
      vertex -20.0815 -1.33214 10.5
    endloop
  endfacet
  facet normal 0.439506 0.46929 0.765899
    outer loop
      vertex -13.89 -14.1729 10.2683
      vertex -13.2701 -15.1316 10.5
      vertex -13.088 -14.924 10.2683
    endloop
  endfacet
  facet normal 0.439563 0.469316 0.765851
    outer loop
      vertex -13.2701 -15.1316 10.5
      vertex -13.89 -14.1729 10.2683
      vertex -14.2197 -14.2422 10.5
    endloop
  endfacet
  facet normal 0.585566 0.265334 0.76597
    outer loop
      vertex -18.0572 -8.88709 10.5
      vertex -17.8029 -8.77943 10.2683
      vertex -17.8855 -8.59714 10.2683
    endloop
  endfacet
  facet normal 0.584996 0.266642 0.765952
    outer loop
      vertex -17.8029 -8.77943 10.2683
      vertex -18.0572 -8.88709 10.5
      vertex -18.0506 -8.90157 10.5
    endloop
  endfacet
  facet normal -0.642464 0.021213 0.766022
    outer loop
      vertex 18.5676 -0.230483 9.1989
      vertex 20.0836 -1.30042 10.5
      vertex 18.571 -0.165787 9.19996
    endloop
  endfacet
  facet normal -0.642541 0.0210303 0.765962
    outer loop
      vertex 18.5146 -1.21351 9.18143
      vertex 20.0836 -1.30042 10.5
      vertex 18.5676 -0.230483 9.1989
    endloop
  endfacet
  facet normal -0.642578 0.0202196 0.765953
    outer loop
      vertex 20.0836 -1.30042 10.5
      vertex 18.5146 -1.21351 9.18143
      vertex 20.0831 -1.31631 10.5
    endloop
  endfacet
  facet normal 0.303051 -0.566934 0.765993
    outer loop
      vertex -10.0491 17.4373 10.5
      vertex -9.69483 16.7919 9.88216
      vertex -9.23659 17.0255 9.87376
    endloop
  endfacet
  facet normal 0.303565 -0.566655 0.765996
    outer loop
      vertex -9.69483 16.7919 9.88216
      vertex -10.0491 17.4373 10.5
      vertex -10.0631 17.4298 10.5
    endloop
  endfacet
  facet normal 0.40786 -0.496942 0.765963
    outer loop
      vertex -13.2701 15.1316 10.5
      vertex -12.2014 15.1343 9.93269
      vertex -12.2643 15.9571 10.5
    endloop
  endfacet
  facet normal 0.407841 -0.497012 0.765927
    outer loop
      vertex -12.2014 15.1343 9.93269
      vertex -13.2701 15.1316 10.5
      vertex -12.8346 14.635 9.94586
    endloop
  endfacet
  facet normal 0.374342 0.522794 0.765869
    outer loop
      vertex -12.0839 -15.7481 10.2683
      vertex -12.2391 -15.9764 10.5
      vertex -11.9212 -15.8646 10.2683
    endloop
  endfacet
  facet normal 0.373341 0.523489 0.765883
    outer loop
      vertex -12.2391 -15.9764 10.5
      vertex -12.0839 -15.7481 10.2683
      vertex -12.252 -15.9672 10.5
    endloop
  endfacet
  facet normal -0.439487 -0.469234 0.765944
    outer loop
      vertex 13.2701 15.1316 10.5
      vertex 12.7567 13.9346 9.47211
      vertex 14.2197 14.2422 10.5
    endloop
  endfacet
  facet normal -0.439453 -0.469255 0.765951
    outer loop
      vertex 12.7567 13.9346 9.47211
      vertex 13.2701 15.1316 10.5
      vertex 12.4674 14.2163 9.47871
    endloop
  endfacet
  facet normal -0.226501 -0.601684 0.765946
    outer loop
      vertex 7.70195 18.5941 10.5
      vertex 6.8114 17.7759 9.59392
      vertex 7.28449 17.5863 9.58488
    endloop
  endfacet
  facet normal -0.226499 -0.601686 0.765946
    outer loop
      vertex 6.8114 17.7759 9.59392
      vertex 7.70195 18.5941 10.5
      vertex 6.48423 19.0525 10.5
    endloop
  endfacet
  facet normal -0.0629913 -0.639784 0.765969
    outer loop
      vertex 2.62699 19.954 10.5
      vertex 1.95957 19.0373 9.67943
      vertex 2.49782 18.9728 9.66982
    endloop
  endfacet
  facet normal -0.0640778 -0.639285 0.766296
    outer loop
      vertex 2.62699 19.954 10.5
      vertex 1.91706 19.0424 9.68013
      vertex 1.95957 19.0373 9.67943
    endloop
  endfacet
  facet normal -0.0630002 -0.63981 0.765947
    outer loop
      vertex 1.91706 19.0424 9.68013
      vertex 2.62699 19.954 10.5
      vertex 1.33214 20.0815 10.5
    endloop
  endfacet
  facet normal -0.469223 -0.439477 0.765957
    outer loop
      vertex 13.9258 12.7152 9.44295
      vertex 15.1316 13.2701 10.5
      vertex 14.2422 14.2197 10.5
    endloop
  endfacet
  facet normal -0.46917 -0.439562 0.765941
    outer loop
      vertex 15.1316 13.2701 10.5
      vertex 13.9258 12.7152 9.44295
      vertex 14.1783 12.434 9.43624
    endloop
  endfacet
  facet normal 0.634232 0.104739 0.766016
    outer loop
      vertex -19.6755 -2.59033 10.2644
      vertex -19.954 -2.62699 10.5
      vertex -19.742 -3.91073 10.5
    endloop
  endfacet
  facet normal 0.634417 0.104743 0.765862
    outer loop
      vertex -19.6407 -2.83014 10.2683
      vertex -19.742 -3.91073 10.5
      vertex -19.5012 -3.67508 10.2683
    endloop
  endfacet
  facet normal 0.634407 0.104745 0.765869
    outer loop
      vertex -19.675 -2.59388 10.2644
      vertex -19.742 -3.91073 10.5
      vertex -19.6407 -2.83014 10.2683
    endloop
  endfacet
  facet normal 0.679128 0.0956518 0.727761
    outer loop
      vertex -19.742 -3.91073 10.5
      vertex -19.675 -2.59388 10.2644
      vertex -19.6755 -2.59033 10.2644
    endloop
  endfacet
  facet normal -0.101337 0.635393 0.76551
    outer loop
      vertex 2.39515 -18.193 9.01
      vertex 2.39779 -18.213 9.02695
      vertex 2.41311 -18.2114 9.02765
    endloop
  endfacet
  facet normal -0.104767 0.634402 0.765871
    outer loop
      vertex 3.67508 -19.5012 10.2683
      vertex 2.62699 -19.954 10.5
      vertex 3.91073 -19.742 10.5
    endloop
  endfacet
  facet normal -0.104737 0.634355 0.765914
    outer loop
      vertex 2.62699 -19.954 10.5
      vertex 3.67508 -19.5012 10.2683
      vertex 2.59094 -19.6802 10.2683
    endloop
  endfacet
  facet normal -0.0652305 0.640138 0.765485
    outer loop
      vertex 2.39779 -18.213 9.02695
      vertex 2.39515 -18.193 9.01
      vertex 2.38357 -18.2136 9.02624
    endloop
  endfacet
  facet normal -0.0630182 0.639848 0.765913
    outer loop
      vertex 1.49742 -19.7879 10.2683
      vertex 2.62699 -19.954 10.5
      vertex 2.59094 -19.6802 10.2683
    endloop
  endfacet
  facet normal -0.0630073 0.639882 0.765885
    outer loop
      vertex 2.62699 -19.954 10.5
      vertex 1.49742 -19.7879 10.2683
      vertex 1.33214 -20.0815 10.5
    endloop
  endfacet
  facet normal -0.626215 -0.145537 0.765947
    outer loop
      vertex 18.0444 4.83498 9.2876
      vertex 19.444 5.19354 10.5
      vertex 19.4404 5.20903 10.5
    endloop
  endfacet
  facet normal -0.626109 -0.145962 0.765952
    outer loop
      vertex 19.444 5.19354 10.5
      vertex 18.1098 4.52751 9.28247
      vertex 18.2502 3.86192 9.2704
    endloop
  endfacet
  facet normal -0.626111 -0.145956 0.765951
    outer loop
      vertex 19.444 5.19354 10.5
      vertex 18.0444 4.83498 9.2876
      vertex 18.1098 4.52751 9.28247
    endloop
  endfacet
  facet normal -0.634238 -0.1051 0.765961
    outer loop
      vertex 18.2971 3.63953 9.26637
      vertex 19.742 3.91073 10.5
      vertex 19.7394 3.92642 10.5
    endloop
  endfacet
  facet normal -0.634312 -0.104731 0.76595
    outer loop
      vertex 19.742 3.91073 10.5
      vertex 18.3393 3.34911 9.26158
      vertex 18.4413 2.63809 9.24883
    endloop
  endfacet
  facet normal -0.634291 -0.1048 0.765958
    outer loop
      vertex 19.742 3.91073 10.5
      vertex 18.2971 3.63953 9.26637
      vertex 18.3393 3.34911 9.26158
    endloop
  endfacet
  facet normal -0.43947 0.469262 0.765937
    outer loop
      vertex 12.5307 -14.2886 9.55931
      vertex 12.9132 -13.9675 9.58205
      vertex 12.099 -13.7963 9.01
    endloop
  endfacet
  facet normal -0.439563 0.469316 0.765851
    outer loop
      vertex 13.89 -14.1729 10.2683
      vertex 13.2701 -15.1316 10.5
      vertex 14.2197 -14.2422 10.5
    endloop
  endfacet
  facet normal -0.439506 0.46929 0.765899
    outer loop
      vertex 13.2701 -15.1316 10.5
      vertex 13.89 -14.1729 10.2683
      vertex 13.088 -14.924 10.2683
    endloop
  endfacet
  facet normal 0.601777 0.226517 0.765868
    outer loop
      vertex -18.7261 -6.56788 10.2683
      vertex -18.5941 -7.70195 10.5
      vertex -18.339 -7.59627 10.2683
    endloop
  endfacet
  facet normal 0.601737 0.226519 0.765899
    outer loop
      vertex -18.5941 -7.70195 10.5
      vertex -18.7261 -6.56788 10.2683
      vertex -19.0525 -6.48423 10.5
    endloop
  endfacet
  facet normal 0.146006 0.626222 0.765851
    outer loop
      vertex -4.94265 -19.2191 10.2683
      vertex -3.92642 -19.7394 10.5
      vertex -3.87254 -19.4686 10.2683
    endloop
  endfacet
  facet normal 0.145982 0.626189 0.765883
    outer loop
      vertex -3.92642 -19.7394 10.5
      vertex -4.94265 -19.2191 10.2683
      vertex -5.19354 -19.444 10.5
    endloop
  endfacet
  facet normal -0.0646517 -0.639648 0.765944
    outer loop
      vertex 1.25324 19.1208 9.69105
      vertex 1.33214 20.0815 10.5
      vertex 1.31631 20.0831 10.5
    endloop
  endfacet
  facet normal -0.0629628 -0.639799 0.765959
    outer loop
      vertex 1.33214 20.0815 10.5
      vertex 1.25324 19.1208 9.69105
      vertex 1.91706 19.0424 9.68013
    endloop
  endfacet
  facet normal -0.585566 0.265334 0.76597
    outer loop
      vertex 17.8029 -8.77943 10.2683
      vertex 18.0572 -8.88709 10.5
      vertex 17.8855 -8.59714 10.2683
    endloop
  endfacet
  facet normal -0.584996 0.266642 0.765952
    outer loop
      vertex 18.0572 -8.88709 10.5
      vertex 17.8029 -8.77943 10.2683
      vertex 18.0506 -8.90157 10.5
    endloop
  endfacet
  facet normal -0.585441 0.265494 0.76601
    outer loop
      vertex 16.9797 -7.14721 9.07354
      vertex 17.6388 -8.18043 9.93538
      vertex 17.0009 -7.10277 9.07434
    endloop
  endfacet
  facet normal -0.585599 0.265338 0.765944
    outer loop
      vertex 16.5047 -8.13921 9.05403
      vertex 17.6388 -8.18043 9.93538
      vertex 16.9797 -7.14721 9.07354
    endloop
  endfacet
  facet normal -0.5856 0.265331 0.765945
    outer loop
      vertex 17.6388 -8.18043 9.93538
      vertex 16.5047 -8.13921 9.05403
      vertex 17.4243 -8.59273 9.91421
    endloop
  endfacet
  facet normal 0.407967 0.496948 0.765902
    outer loop
      vertex -12.2643 -15.9571 10.5
      vertex -12.0839 -15.7481 10.2683
      vertex -12.2386 -15.6211 10.2683
    endloop
  endfacet
  facet normal 0.408024 0.4969 0.765903
    outer loop
      vertex -12.0839 -15.7481 10.2683
      vertex -12.2643 -15.9571 10.5
      vertex -12.252 -15.9672 10.5
    endloop
  endfacet
  facet normal -0.566985 -0.303027 0.765965
    outer loop
      vertex 16.6855 8.56576 9.35667
      vertex 18.0506 8.90157 10.5
      vertex 17.4373 10.0491 10.5
    endloop
  endfacet
  facet normal -0.56696 -0.303098 0.765956
    outer loop
      vertex 18.0506 8.90157 10.5
      vertex 16.6855 8.56576 9.35667
      vertex 16.8225 8.29595 9.35131
    endloop
  endfacet
  facet normal 0.0210628 0.642548 0.765955
    outer loop
      vertex -1.09823 -19.814 10.2683
      vertex 0 -20.1262 10.5
      vertex 0 -19.85 10.2683
    endloop
  endfacet
  facet normal 0.021048 0.642517 0.765983
    outer loop
      vertex 0 -20.1262 10.5
      vertex -1.09823 -19.814 10.2683
      vertex -1.30042 -20.0836 10.5
    endloop
  endfacet
  facet normal 0.626069 0.14615 0.765949
    outer loop
      vertex -19.444 -5.19354 10.5
      vertex -19.1736 -5.13756 10.2683
      vertex -19.2191 -4.94265 10.2683
    endloop
  endfacet
  facet normal 0.626203 0.145535 0.765957
    outer loop
      vertex -19.1736 -5.13756 10.2683
      vertex -19.444 -5.19354 10.5
      vertex -19.4404 -5.20903 10.5
    endloop
  endfacet
  facet normal 0.439434 -0.469355 0.7659
    outer loop
      vertex -14.2197 14.2422 10.5
      vertex -13.7822 13.7822 9.96709
      vertex -13.4509 14.0805 9.95981
    endloop
  endfacet
  facet normal 0.44028 -0.468555 0.765904
    outer loop
      vertex -13.7822 13.7822 9.96709
      vertex -14.2197 14.2422 10.5
      vertex -14.2313 14.2313 10.5
    endloop
  endfacet
  facet normal -0.585616 -0.265299 0.765944
    outer loop
      vertex 17.1941 7.42913 9.33511
      vertex 18.5941 7.70195 10.5
      vertex 18.0572 8.88709 10.5
    endloop
  endfacet
  facet normal -0.585612 -0.265312 0.765943
    outer loop
      vertex 18.5941 7.70195 10.5
      vertex 17.1941 7.42913 9.33511
      vertex 17.3057 7.16825 9.33007
    endloop
  endfacet
  facet normal 0.615283 0.186664 0.765887
    outer loop
      vertex -19.0627 -6.45412 10.5
      vertex -18.7966 -6.38057 10.2683
      vertex -18.8547 -6.18906 10.2683
    endloop
  endfacet
  facet normal 0.61547 0.186016 0.765895
    outer loop
      vertex -18.7966 -6.38057 10.2683
      vertex -19.0627 -6.45412 10.5
      vertex -19.0581 -6.46934 10.5
    endloop
  endfacet
  facet normal -0.0202204 0.642603 0.765932
    outer loop
      vertex 1.29825 -19.8075 10.2683
      vertex 1.30042 -20.0836 10.5
      vertex 1.31631 -20.0831 10.5
    endloop
  endfacet
  facet normal -0.0208821 0.642591 0.765925
    outer loop
      vertex 1.30042 -20.0836 10.5
      vertex 1.29825 -19.8075 10.2683
      vertex 1.09823 -19.814 10.2683
    endloop
  endfacet
  facet normal 0.64261 -0.021051 0.765904
    outer loop
      vertex -20.1262 0 10.5
      vertex -19.7402 1.04282 10.2048
      vertex -20.0836 1.30042 10.5
    endloop
  endfacet
  facet normal 0.642562 -0.0210218 0.765945
    outer loop
      vertex -19.7402 1.04282 10.2048
      vertex -20.1262 0 10.5
      vertex -19.7947 0 10.2219
    endloop
  endfacet
  facet normal -0.567005 0.303083 0.765928
    outer loop
      vertex 17.2849 -9.7485 10.2683
      vertex 18.0506 -8.90157 10.5
      vertex 17.8029 -8.77943 10.2683
    endloop
  endfacet
  facet normal -0.56694 0.303002 0.766008
    outer loop
      vertex 18.0506 -8.90157 10.5
      vertex 17.2849 -9.7485 10.2683
      vertex 17.4373 -10.0491 10.5
    endloop
  endfacet
  facet normal -0.567231 0.302594 0.765954
    outer loop
      vertex 16.4862 -8.17232 9.05341
      vertex 17.4243 -8.59273 9.91421
      vertex 16.5047 -8.13921 9.05403
    endloop
  endfacet
  facet normal -0.566999 0.303075 0.765936
    outer loop
      vertex 17.4243 -8.59273 9.91421
      vertex 16.4862 -8.17232 9.05341
      vertex 17.2452 -8.88516 9.89734
    endloop
  endfacet
  facet normal -0.567017 0.303051 0.765932
    outer loop
      vertex 17.2452 -8.88516 9.89734
      vertex 16.4862 -8.17232 9.05341
      vertex 17.0285 -9.24249 9.8783
    endloop
  endfacet
  facet normal -0.58568 0.265375 0.765869
    outer loop
      vertex 17.8855 -8.59714 10.2683
      vertex 18.5941 -7.70195 10.5
      vertex 18.339 -7.59627 10.2683
    endloop
  endfacet
  facet normal -0.585607 0.265296 0.765952
    outer loop
      vertex 18.5941 -7.70195 10.5
      vertex 17.8855 -8.59714 10.2683
      vertex 18.0572 -8.88709 10.5
    endloop
  endfacet
  facet normal -0.585596 0.265302 0.765958
    outer loop
      vertex 17.0009 -7.10277 9.07434
      vertex 18.0142 -7.46171 9.97336
      vertex 17.0251 -7.05201 9.07526
    endloop
  endfacet
  facet normal -0.585533 0.265463 0.765951
    outer loop
      vertex 18.0142 -7.46171 9.97336
      vertex 17.0009 -7.10277 9.07434
      vertex 17.8812 -7.71453 9.95931
    endloop
  endfacet
  facet normal -0.585605 0.26534 0.765938
    outer loop
      vertex 17.8812 -7.71453 9.95931
      vertex 17.0009 -7.10277 9.07434
      vertex 17.6388 -8.18043 9.93538
    endloop
  endfacet
  facet normal 0.497014 0.407898 0.765896
    outer loop
      vertex -15.6211 -12.2386 10.2683
      vertex -15.1316 -13.2701 10.5
      vertex -14.924 -13.088 10.2683
    endloop
  endfacet
  facet normal 0.496973 0.407886 0.765929
    outer loop
      vertex -15.1316 -13.2701 10.5
      vertex -15.6211 -12.2386 10.2683
      vertex -15.9571 -12.2643 10.5
    endloop
  endfacet
  facet normal -0.0210628 0.642548 0.765955
    outer loop
      vertex 0 -20.1262 10.5
      vertex 1.09823 -19.814 10.2683
      vertex 0 -19.85 10.2683
    endloop
  endfacet
  facet normal -0.021048 0.642517 0.765983
    outer loop
      vertex 1.09823 -19.814 10.2683
      vertex 0 -20.1262 10.5
      vertex 1.30042 -20.0836 10.5
    endloop
  endfacet
  facet normal -0.339435 -0.545981 0.765956
    outer loop
      vertex 11.1815 16.7343 10.5
      vertex 10.1535 16.0115 9.52922
      vertex 10.5333 15.7641 9.52118
    endloop
  endfacet
  facet normal -0.339491 -0.545923 0.765972
    outer loop
      vertex 10.1535 16.0115 9.52922
      vertex 11.1815 16.7343 10.5
      vertex 10.0766 17.4214 10.5
    endloop
  endfacet
  facet normal -0.0202194 -0.642572 0.765959
    outer loop
      vertex 1.30042 20.0836 10.5
      vertex 1.25324 19.1208 9.69105
      vertex 1.31631 20.0831 10.5
    endloop
  endfacet
  facet normal -0.0210901 -0.642535 0.765966
    outer loop
      vertex 1.30042 20.0836 10.5
      vertex 0.731131 19.149 9.70033
      vertex 1.25324 19.1208 9.69105
    endloop
  endfacet
  facet normal -0.0209387 -0.642591 0.765923
    outer loop
      vertex 0.731131 19.149 9.70033
      vertex 1.30042 20.0836 10.5
      vertex 0.604302 19.1556 9.7024
    endloop
  endfacet
  facet normal -0.14595 0.625948 0.766086
    outer loop
      vertex 4.74933 -17.7247 9.01
      vertex 3.71923 -18.0649 9.09172
      vertex 4.79106 -17.8805 9.14525
    endloop
  endfacet
  facet normal -0.145989 0.626046 0.765998
    outer loop
      vertex 3.57991 -17.9974 9.01
      vertex 3.71923 -18.0649 9.09172
      vertex 4.74933 -17.7247 9.01
    endloop
  endfacet
  facet normal -0.145452 0.626666 0.765594
    outer loop
      vertex 3.71923 -18.0649 9.09172
      vertex 3.57991 -17.9974 9.01
      vertex 3.66573 -18.0743 9.08925
    endloop
  endfacet
  facet normal -0.145535 0.626203 0.765957
    outer loop
      vertex 5.13756 -19.1736 10.2683
      vertex 5.19354 -19.444 10.5
      vertex 5.20903 -19.4404 10.5
    endloop
  endfacet
  facet normal -0.14615 0.626069 0.765949
    outer loop
      vertex 5.19354 -19.444 10.5
      vertex 5.13756 -19.1736 10.2683
      vertex 4.94265 -19.2191 10.2683
    endloop
  endfacet
  facet normal -0.0210488 -0.642542 0.765962
    outer loop
      vertex 0 20.1262 10.5
      vertex 0.604302 19.1556 9.7024
      vertex 1.30042 20.0836 10.5
    endloop
  endfacet
  facet normal -0.0210772 -0.642552 0.765952
    outer loop
      vertex 0.604302 19.1556 9.7024
      vertex 0 20.1262 10.5
      vertex 0 19.1872 9.71228
    endloop
  endfacet
  facet normal 0.634333 -0.104755 0.765929
    outer loop
      vertex -19.954 2.62699 10.5
      vertex -19.3917 3.56792 10.163
      vertex -19.742 3.91073 10.5
    endloop
  endfacet
  facet normal 0.63431 -0.104733 0.765952
    outer loop
      vertex -19.3917 3.56792 10.163
      vertex -19.954 2.62699 10.5
      vertex -19.5751 2.57711 10.1794
    endloop
  endfacet
  facet normal -0.146573 0.625868 0.766033
    outer loop
      vertex 3.57991 -17.9974 9.01
      vertex 3.5976 -18.0864 9.0861
      vertex 3.66573 -18.0743 9.08925
    endloop
  endfacet
  facet normal -0.145982 0.626189 0.765883
    outer loop
      vertex 4.94265 -19.2191 10.2683
      vertex 3.92642 -19.7394 10.5
      vertex 5.19354 -19.444 10.5
    endloop
  endfacet
  facet normal -0.146006 0.626222 0.765851
    outer loop
      vertex 3.87254 -19.4686 10.2683
      vertex 3.92642 -19.7394 10.5
      vertex 4.94265 -19.2191 10.2683
    endloop
  endfacet
  facet normal 0.496948 0.407967 0.765902
    outer loop
      vertex -15.7481 -12.0839 10.2683
      vertex -15.9571 -12.2643 10.5
      vertex -15.6211 -12.2386 10.2683
    endloop
  endfacet
  facet normal 0.4969 0.408024 0.765903
    outer loop
      vertex -15.9571 -12.2643 10.5
      vertex -15.7481 -12.0839 10.2683
      vertex -15.9672 -12.252 10.5
    endloop
  endfacet
  facet normal -0.615174 -0.186759 0.765952
    outer loop
      vertex 19.4404 5.20903 10.5
      vertex 17.9779 5.07195 9.29197
      vertex 18.0444 4.83498 9.2876
    endloop
  endfacet
  facet normal -0.615198 -0.186621 0.765966
    outer loop
      vertex 17.9779 5.07195 9.29197
      vertex 19.4404 5.20903 10.5
      vertex 19.0627 6.45412 10.5
    endloop
  endfacet
  facet normal 0.439523 0.469403 0.76582
    outer loop
      vertex -14.0361 -14.0361 10.2683
      vertex -14.2197 -14.2422 10.5
      vertex -13.89 -14.1729 10.2683
    endloop
  endfacet
  facet normal 0.440361 0.468641 0.765805
    outer loop
      vertex -14.2197 -14.2422 10.5
      vertex -14.0361 -14.0361 10.2683
      vertex -14.2313 -14.2313 10.5
    endloop
  endfacet
  facet normal 0.265334 0.585566 0.76597
    outer loop
      vertex -8.77943 -17.8029 10.2683
      vertex -8.88709 -18.0572 10.5
      vertex -8.59714 -17.8855 10.2683
    endloop
  endfacet
  facet normal 0.266642 0.584996 0.765952
    outer loop
      vertex -8.88709 -18.0572 10.5
      vertex -8.77943 -17.8029 10.2683
      vertex -8.90157 -18.0506 10.5
    endloop
  endfacet
  facet normal -0.639649 -0.0646519 0.765943
    outer loop
      vertex 20.0815 1.33214 10.5
      vertex 18.5651 1.21682 9.2239
      vertex 20.0831 1.31631 10.5
    endloop
  endfacet
  facet normal -0.63979 -0.0630091 0.765962
    outer loop
      vertex 20.0815 1.33214 10.5
      vertex 18.4923 2.16001 9.24068
      vertex 18.5651 1.21682 9.2239
    endloop
  endfacet
  facet normal -0.63981 -0.0630793 0.76594
    outer loop
      vertex 18.4923 2.16001 9.24068
      vertex 20.0815 1.33214 10.5
      vertex 18.4868 2.22976 9.24183
    endloop
  endfacet
  facet normal 0.339641 0.545852 0.765957
    outer loop
      vertex -9.925 -17.1906 10.2683
      vertex -10.0766 -17.4214 10.5
      vertex -10.0631 -17.4298 10.5
    endloop
  endfacet
  facet normal 0.339463 0.545966 0.765954
    outer loop
      vertex -10.0766 -17.4214 10.5
      vertex -9.925 -17.1906 10.2683
      vertex -10.095 -17.0849 10.2683
    endloop
  endfacet
  facet normal 0.303083 0.567005 0.765928
    outer loop
      vertex -9.7485 -17.2849 10.2683
      vertex -8.90157 -18.0506 10.5
      vertex -8.77943 -17.8029 10.2683
    endloop
  endfacet
  facet normal 0.303002 0.56694 0.766008
    outer loop
      vertex -8.90157 -18.0506 10.5
      vertex -9.7485 -17.2849 10.2683
      vertex -10.0491 -17.4373 10.5
    endloop
  endfacet
  facet normal 0.374571 0.522621 0.765874
    outer loop
      vertex -11.9212 -15.8646 10.2683
      vertex -11.1815 -16.7343 10.5
      vertex -11.0281 -16.5047 10.2683
    endloop
  endfacet
  facet normal 0.374484 0.522568 0.765954
    outer loop
      vertex -11.1815 -16.7343 10.5
      vertex -11.9212 -15.8646 10.2683
      vertex -12.2391 -15.9764 10.5
    endloop
  endfacet
  facet normal 0.303169 -0.566953 0.765933
    outer loop
      vertex -8.90157 18.0506 10.5
      vertex -8.89367 17.2003 9.86747
      vertex -8.56463 17.3674 9.86092
    endloop
  endfacet
  facet normal 0.303059 -0.566975 0.76596
    outer loop
      vertex -8.90157 18.0506 10.5
      vertex -9.23659 17.0255 9.87376
      vertex -8.89367 17.2003 9.86747
    endloop
  endfacet
  facet normal 0.30302 -0.566972 0.765977
    outer loop
      vertex -9.23659 17.0255 9.87376
      vertex -8.90157 18.0506 10.5
      vertex -10.0491 17.4373 10.5
    endloop
  endfacet
  facet normal 0.407981 -0.496849 0.765959
    outer loop
      vertex -12.2643 15.9571 10.5
      vertex -11.8345 15.423 9.92462
      vertex -12.252 15.9672 10.5
    endloop
  endfacet
  facet normal 0.407871 -0.496939 0.765959
    outer loop
      vertex -11.8345 15.423 9.92462
      vertex -12.2643 15.9571 10.5
      vertex -12.0793 15.2306 9.93015
    endloop
  endfacet
  facet normal 0.407869 -0.496939 0.76596
    outer loop
      vertex -12.0793 15.2306 9.93015
      vertex -12.2643 15.9571 10.5
      vertex -12.2014 15.1343 9.93269
    endloop
  endfacet
  facet normal 0.146043 -0.626121 0.765927
    outer loop
      vertex -3.92642 19.7394 10.5
      vertex -4.19438 18.8009 9.7839
      vertex -3.75804 18.893 9.77599
    endloop
  endfacet
  facet normal 0.146108 -0.626126 0.76591
    outer loop
      vertex -3.92642 19.7394 10.5
      vertex -4.42214 18.7524 9.7877
      vertex -4.19438 18.8009 9.7839
    endloop
  endfacet
  facet normal 0.145959 -0.626092 0.765967
    outer loop
      vertex -4.42214 18.7524 9.7877
      vertex -3.92642 19.7394 10.5
      vertex -5.19354 19.444 10.5
    endloop
  endfacet
  facet normal 0.468555 -0.44028 0.765904
    outer loop
      vertex -14.2422 14.2197 10.5
      vertex -13.7822 13.7822 9.96709
      vertex -14.2313 14.2313 10.5
    endloop
  endfacet
  facet normal 0.469419 -0.439367 0.7659
    outer loop
      vertex -13.7822 13.7822 9.96709
      vertex -14.2422 14.2197 10.5
      vertex -13.9728 13.587 9.97193
    endloop
  endfacet
  facet normal 0.46897 -0.439651 0.766012
    outer loop
      vertex -13.9728 13.587 9.97193
      vertex -14.2422 14.2197 10.5
      vertex -14.085 13.4719 9.97456
    endloop
  endfacet
  facet normal -0.601735 -0.226307 0.765963
    outer loop
      vertex 19.0525 6.48423 10.5
      vertex 17.7135 6.01292 9.30884
      vertex 19.0581 6.46934 10.5
    endloop
  endfacet
  facet normal -0.601676 -0.226472 0.765961
    outer loop
      vertex 19.0525 6.48423 10.5
      vertex 17.4246 6.83257 9.32425
      vertex 17.7135 6.01292 9.30884
    endloop
  endfacet
  facet normal -0.601676 -0.226308 0.76601
    outer loop
      vertex 17.4246 6.83257 9.32425
      vertex 19.0525 6.48423 10.5
      vertex 17.3978 6.90829 9.32557
    endloop
  endfacet
  facet normal 0.546038 0.339525 0.765876
    outer loop
      vertex -17.0849 -10.095 10.2683
      vertex -16.7343 -11.1815 10.5
      vertex -16.5047 -11.0281 10.2683
    endloop
  endfacet
  facet normal 0.545958 0.339513 0.765938
    outer loop
      vertex -16.7343 -11.1815 10.5
      vertex -17.0849 -10.095 10.2683
      vertex -17.4214 -10.0766 10.5
    endloop
  endfacet
  facet normal 0.469265 -0.439516 0.765908
    outer loop
      vertex -15.1316 13.2701 10.5
      vertex -14.085 13.4719 9.97456
      vertex -14.2422 14.2197 10.5
    endloop
  endfacet
  facet normal 0.46927 -0.439455 0.765941
    outer loop
      vertex -14.085 13.4719 9.97456
      vertex -15.1316 13.2701 10.5
      vertex -14.6731 12.8679 9.98833
    endloop
  endfacet
  facet normal 0.469403 0.439523 0.76582
    outer loop
      vertex -14.2422 -14.2197 10.5
      vertex -14.0361 -14.0361 10.2683
      vertex -14.1729 -13.89 10.2683
    endloop
  endfacet
  facet normal 0.468641 0.440361 0.765805
    outer loop
      vertex -14.0361 -14.0361 10.2683
      vertex -14.2422 -14.2197 10.5
      vertex -14.2313 -14.2313 10.5
    endloop
  endfacet
  facet normal -0.584966 -0.266628 0.765979
    outer loop
      vertex 16.8225 8.29595 9.35131
      vertex 18.0572 8.88709 10.5
      vertex 18.0506 8.90157 10.5
    endloop
  endfacet
  facet normal -0.585567 -0.265345 0.765965
    outer loop
      vertex 18.0572 8.88709 10.5
      vertex 16.9714 7.94957 9.34515
      vertex 17.1941 7.42913 9.33511
    endloop
  endfacet
  facet normal -0.585569 -0.265343 0.765965
    outer loop
      vertex 18.0572 8.88709 10.5
      vertex 16.8225 8.29595 9.35131
      vertex 16.9714 7.94957 9.34515
    endloop
  endfacet
  facet normal 0.0413347 0 0.999145
    outer loop
      vertex 16.9714 7.94957 9.34515
      vertex 16.8225 8.29595 9.35131
      vertex 16.8225 8.29594 9.35131
    endloop
  endfacet
  facet normal -0.601681 -0.226498 0.765949
    outer loop
      vertex 18.5941 7.70195 10.5
      vertex 17.3978 6.90829 9.32557
      vertex 19.0525 6.48423 10.5
    endloop
  endfacet
  facet normal -0.601714 -0.226437 0.765941
    outer loop
      vertex 17.3057 7.16825 9.33007
      vertex 17.3978 6.90829 9.32557
      vertex 18.5941 7.70195 10.5
    endloop
  endfacet
  facet normal 0.104737 0.634355 0.765914
    outer loop
      vertex -3.67508 -19.5012 10.2683
      vertex -2.62699 -19.954 10.5
      vertex -2.59094 -19.6802 10.2683
    endloop
  endfacet
  facet normal 0.104767 0.634402 0.765871
    outer loop
      vertex -2.62699 -19.954 10.5
      vertex -3.67508 -19.5012 10.2683
      vertex -3.91073 -19.742 10.5
    endloop
  endfacet
  facet normal -0.639785 -0.0629977 0.765968
    outer loop
      vertex 19.954 2.62699 10.5
      vertex 18.4868 2.22976 9.24183
      vertex 20.0815 1.33214 10.5
    endloop
  endfacet
  facet normal -0.639801 -0.0629179 0.765961
    outer loop
      vertex 18.4868 2.22976 9.24183
      vertex 19.954 2.62699 10.5
      vertex 18.4709 2.43174 9.24514
    endloop
  endfacet
  facet normal 0.226497 -0.601678 0.765952
    outer loop
      vertex -7.70195 18.5941 10.5
      vertex -6.72687 18.1057 9.82801
      vertex -6.48423 19.0525 10.5
    endloop
  endfacet
  facet normal 0.226497 -0.601678 0.765952
    outer loop
      vertex -6.72687 18.1057 9.82801
      vertex -7.70195 18.5941 10.5
      vertex -7.40073 17.8669 9.83969
    endloop
  endfacet
  facet normal 0.601694 -0.226436 0.765958
    outer loop
      vertex -19.0525 6.48423 10.5
      vertex -18.6243 6.3221 10.1157
      vertex -18.5036 6.6249 10.1104
    endloop
  endfacet
  facet normal 0.601742 -0.22631 0.765957
    outer loop
      vertex -19.0581 6.46934 10.5
      vertex -18.6243 6.3221 10.1157
      vertex -19.0525 6.48423 10.5
    endloop
  endfacet
  facet normal 0.601851 -0.226216 0.765899
    outer loop
      vertex -18.5941 7.70195 10.5
      vertex -18.2061 7.37081 10.0973
      vertex -18.1476 7.51697 10.0945
    endloop
  endfacet
  facet normal 0.60166 -0.226515 0.765961
    outer loop
      vertex -18.5941 7.70195 10.5
      vertex -18.5036 6.6249 10.1104
      vertex -18.2061 7.37081 10.0973
    endloop
  endfacet
  facet normal 0.601696 -0.226503 0.765936
    outer loop
      vertex -18.5036 6.6249 10.1104
      vertex -18.5941 7.70195 10.5
      vertex -19.0525 6.48423 10.5
    endloop
  endfacet
  facet normal 0.226517 0.601777 0.765868
    outer loop
      vertex -7.70195 -18.5941 10.5
      vertex -6.56788 -18.7261 10.2683
      vertex -7.59627 -18.339 10.2683
    endloop
  endfacet
  facet normal 0.226519 0.601737 0.765899
    outer loop
      vertex -6.56788 -18.7261 10.2683
      vertex -7.70195 -18.5941 10.5
      vertex -6.48423 -19.0525 10.5
    endloop
  endfacet
  facet normal 0.22633 0.601796 0.765909
    outer loop
      vertex -6.38057 -18.7966 10.2683
      vertex -6.48423 -19.0525 10.5
      vertex -6.46934 -19.0581 10.5
    endloop
  endfacet
  facet normal 0.226482 0.601736 0.765911
    outer loop
      vertex -6.48423 -19.0525 10.5
      vertex -6.38057 -18.7966 10.2683
      vertex -6.56788 -18.7261 10.2683
    endloop
  endfacet
  facet normal 0.567005 0.303083 0.765928
    outer loop
      vertex -18.0506 -8.90157 10.5
      vertex -17.2849 -9.7485 10.2683
      vertex -17.8029 -8.77943 10.2683
    endloop
  endfacet
  facet normal 0.56694 0.303002 0.766008
    outer loop
      vertex -17.2849 -9.7485 10.2683
      vertex -18.0506 -8.90157 10.5
      vertex -17.4373 -10.0491 10.5
    endloop
  endfacet
  facet normal -0.339637 -0.545846 0.765963
    outer loop
      vertex 9.49233 16.4412 9.54241
      vertex 10.0766 17.4214 10.5
      vertex 10.0631 17.4298 10.5
    endloop
  endfacet
  facet normal -0.339754 -0.545879 0.765887
    outer loop
      vertex 10.0766 17.4214 10.5
      vertex 9.96625 16.1336 9.53318
      vertex 10.1535 16.0115 9.52922
    endloop
  endfacet
  facet normal -0.339443 -0.545964 0.765965
    outer loop
      vertex 10.0766 17.4214 10.5
      vertex 9.49233 16.4412 9.54241
      vertex 9.96625 16.1336 9.53318
    endloop
  endfacet
  facet normal -0.265291 -0.585597 0.765961
    outer loop
      vertex 7.70195 18.5941 10.5
      vertex 7.73162 17.3731 9.57679
      vertex 8.88709 18.0572 10.5
    endloop
  endfacet
  facet normal -0.26536 -0.585587 0.765945
    outer loop
      vertex 7.73162 17.3731 9.57679
      vertex 7.70195 18.5941 10.5
      vertex 7.28449 17.5863 9.58488
    endloop
  endfacet
  facet normal -0.374567 0.522469 0.76598
    outer loop
      vertex 10.4802 -15.6847 9.441
      vertex 10.8106 -15.474 9.45885
      vertex 10.1947 -15.2575 9.01
    endloop
  endfacet
  facet normal -0.374484 0.522568 0.765954
    outer loop
      vertex 11.9212 -15.8646 10.2683
      vertex 11.1815 -16.7343 10.5
      vertex 12.2391 -15.9764 10.5
    endloop
  endfacet
  facet normal -0.374571 0.522621 0.765874
    outer loop
      vertex 11.1815 -16.7343 10.5
      vertex 11.9212 -15.8646 10.2683
      vertex 11.0281 -16.5047 10.2683
    endloop
  endfacet
  facet normal 0.0646549 0.639679 0.765918
    outer loop
      vertex -1.29825 -19.8075 10.2683
      vertex -1.33214 -20.0815 10.5
      vertex -1.31631 -20.0831 10.5
    endloop
  endfacet
  facet normal 0.0629687 0.639871 0.765898
    outer loop
      vertex -1.33214 -20.0815 10.5
      vertex -1.29825 -19.8075 10.2683
      vertex -1.49742 -19.7879 10.2683
    endloop
  endfacet
  facet normal -0.339391 0.545976 0.765979
    outer loop
      vertex 10.4802 -15.6847 9.441
      vertex 10.1947 -15.2575 9.01
      vertex 10.162 -15.8575 9.42318
    endloop
  endfacet
  facet normal -0.339525 0.546038 0.765876
    outer loop
      vertex 10.095 -17.0849 10.2683
      vertex 11.1815 -16.7343 10.5
      vertex 11.0281 -16.5047 10.2683
    endloop
  endfacet
  facet normal -0.339513 0.545958 0.765938
    outer loop
      vertex 11.1815 -16.7343 10.5
      vertex 10.095 -17.0849 10.2683
      vertex 10.0766 -17.4214 10.5
    endloop
  endfacet
  facet normal -0.374429 0.522566 0.765982
    outer loop
      vertex 11.1708 -14.558 9.01
      vertex 10.8974 -15.4187 9.46354
      vertex 11.5265 -15.0216 9.50015
    endloop
  endfacet
  facet normal -0.374487 0.522568 0.765952
    outer loop
      vertex 10.1947 -15.2575 9.01
      vertex 10.8974 -15.4187 9.46354
      vertex 11.1708 -14.558 9.01
    endloop
  endfacet
  facet normal -0.374408 0.522723 0.765885
    outer loop
      vertex 10.8974 -15.4187 9.46354
      vertex 10.1947 -15.2575 9.01
      vertex 10.8106 -15.474 9.45885
    endloop
  endfacet
  facet normal -0.373341 0.523489 0.765883
    outer loop
      vertex 12.0839 -15.7481 10.2683
      vertex 12.2391 -15.9764 10.5
      vertex 12.252 -15.9672 10.5
    endloop
  endfacet
  facet normal -0.374342 0.522794 0.765869
    outer loop
      vertex 12.2391 -15.9764 10.5
      vertex 12.0839 -15.7481 10.2683
      vertex 11.9212 -15.8646 10.2683
    endloop
  endfacet
  facet normal -0.186001 -0.615419 0.765939
    outer loop
      vertex 6.45412 19.0627 10.5
      vertex 6.12683 18.0491 9.60611
      vertex 6.46934 19.0581 10.5
    endloop
  endfacet
  facet normal -0.18662 -0.615225 0.765945
    outer loop
      vertex 6.45412 19.0627 10.5
      vertex 5.55666 18.2353 9.61675
      vertex 6.12683 18.0491 9.60611
    endloop
  endfacet
  facet normal -0.186499 -0.615312 0.765904
    outer loop
      vertex 5.55666 18.2353 9.61675
      vertex 6.45412 19.0627 10.5
      vertex 5.44573 18.2713 9.61866
    endloop
  endfacet
  facet normal 0.615413 -0.185999 0.765945
    outer loop
      vertex -19.0627 6.45412 10.5
      vertex -18.6243 6.3221 10.1157
      vertex -19.0581 6.46934 10.5
    endloop
  endfacet
  facet normal 0.615313 -0.186331 0.765945
    outer loop
      vertex -18.6243 6.3221 10.1157
      vertex -19.0627 6.45412 10.5
      vertex -18.6672 6.19071 10.1182
    endloop
  endfacet
  facet normal 0.61503 -0.186888 0.766036
    outer loop
      vertex -18.6672 6.19071 10.1182
      vertex -19.0627 6.45412 10.5
      vertex -18.7225 6.02061 10.1211
    endloop
  endfacet
  facet normal 0.626222 0.146006 0.765851
    outer loop
      vertex -19.7394 -3.92642 10.5
      vertex -19.2191 -4.94265 10.2683
      vertex -19.4686 -3.87254 10.2683
    endloop
  endfacet
  facet normal 0.626189 0.145982 0.765883
    outer loop
      vertex -19.2191 -4.94265 10.2683
      vertex -19.7394 -3.92642 10.5
      vertex -19.444 -5.19354 10.5
    endloop
  endfacet
  facet normal 0.497092 -0.407583 0.766013
    outer loop
      vertex -15.9571 12.2643 10.5
      vertex -15.5033 11.8961 10.0096
      vertex -15.2361 12.2092 10.0028
    endloop
  endfacet
  facet normal 0.4968 -0.407942 0.766011
    outer loop
      vertex -15.5033 11.8961 10.0096
      vertex -15.9571 12.2643 10.5
      vertex -15.9672 12.252 10.5
    endloop
  endfacet
  facet normal -0.634304 -0.104685 0.765963
    outer loop
      vertex 19.954 2.62699 10.5
      vertex 18.4413 2.63809 9.24883
      vertex 18.4709 2.43174 9.24514
    endloop
  endfacet
  facet normal -0.6343 -0.10475 0.765957
    outer loop
      vertex 18.4413 2.63809 9.24883
      vertex 19.954 2.62699 10.5
      vertex 19.742 3.91073 10.5
    endloop
  endfacet
  facet normal 0.0630182 0.639848 0.765913
    outer loop
      vertex -2.62699 -19.954 10.5
      vertex -1.49742 -19.7879 10.2683
      vertex -2.59094 -19.6802 10.2683
    endloop
  endfacet
  facet normal 0.0630073 0.639882 0.765885
    outer loop
      vertex -1.49742 -19.7879 10.2683
      vertex -2.62699 -19.954 10.5
      vertex -1.33214 -20.0815 10.5
    endloop
  endfacet
  facet normal -0.339481 0.54596 0.76595
    outer loop
      vertex 10.1947 -15.2575 9.01
      vertex 9.77616 -16.0671 9.40157
      vertex 10.162 -15.8575 9.42318
    endloop
  endfacet
  facet normal -0.339509 0.545967 0.765933
    outer loop
      vertex 9.175 -15.8916 9.01
      vertex 9.77616 -16.0671 9.40157
      vertex 10.1947 -15.2575 9.01
    endloop
  endfacet
  facet normal -0.339475 0.546026 0.765907
    outer loop
      vertex 9.77616 -16.0671 9.40157
      vertex 9.175 -15.8916 9.01
      vertex 9.39663 -16.2754 9.38185
    endloop
  endfacet
  facet normal -0.339463 0.545966 0.765954
    outer loop
      vertex 9.925 -17.1906 10.2683
      vertex 10.0766 -17.4214 10.5
      vertex 10.095 -17.0849 10.2683
    endloop
  endfacet
  facet normal -0.339641 0.545852 0.765957
    outer loop
      vertex 10.0766 -17.4214 10.5
      vertex 9.925 -17.1906 10.2683
      vertex 10.0631 -17.4298 10.5
    endloop
  endfacet
  facet normal 0.439537 -0.469215 0.765927
    outer loop
      vertex -13.2701 15.1316 10.5
      vertex -13.0519 14.4399 9.95104
      vertex -12.8346 14.635 9.94586
    endloop
  endfacet
  facet normal 0.439499 -0.469235 0.765937
    outer loop
      vertex -13.2701 15.1316 10.5
      vertex -13.4509 14.0805 9.95981
      vertex -13.0519 14.4399 9.95104
    endloop
  endfacet
  facet normal 0.439489 -0.469236 0.765942
    outer loop
      vertex -13.4509 14.0805 9.95981
      vertex -13.2701 15.1316 10.5
      vertex -14.2197 14.2422 10.5
    endloop
  endfacet
  facet normal -0.105102 -0.634251 0.76595
    outer loop
      vertex 3.91073 19.742 10.5
      vertex 3.72841 18.744 9.64858
      vertex 3.92642 19.7394 10.5
    endloop
  endfacet
  facet normal -0.104697 -0.634322 0.765946
    outer loop
      vertex 3.91073 19.742 10.5
      vertex 3.17663 18.8471 9.65854
      vertex 3.72841 18.744 9.64858
    endloop
  endfacet
  facet normal -0.104826 -0.634253 0.765986
    outer loop
      vertex 3.17663 18.8471 9.65854
      vertex 3.91073 19.742 10.5
      vertex 3.05685 18.8693 9.66053
    endloop
  endfacet
  facet normal -0.615407 -0.185997 0.76595
    outer loop
      vertex 17.7135 6.01292 9.30884
      vertex 19.0627 6.45412 10.5
      vertex 19.0581 6.46934 10.5
    endloop
  endfacet
  facet normal -0.615192 -0.18663 0.765969
    outer loop
      vertex 19.0627 6.45412 10.5
      vertex 17.8045 5.69028 9.30336
      vertex 17.9779 5.07195 9.29197
    endloop
  endfacet
  facet normal -0.615236 -0.186536 0.765956
    outer loop
      vertex 19.0627 6.45412 10.5
      vertex 17.7135 6.01292 9.30884
      vertex 17.8045 5.69028 9.30336
    endloop
  endfacet
  facet normal 0.339506 -0.545947 0.765949
    outer loop
      vertex -11.1815 16.7343 10.5
      vertex -10.1249 16.5367 9.89082
      vertex -10.0766 17.4214 10.5
    endloop
  endfacet
  facet normal 0.339495 -0.545969 0.765938
    outer loop
      vertex -10.1249 16.5367 9.89082
      vertex -11.1815 16.7343 10.5
      vertex -10.7864 16.143 9.90339
    endloop
  endfacet
  facet normal 0.642614 0.0210937 0.7659
    outer loop
      vertex -20.1262 0 10.5
      vertex -19.7805 -1.07305 10.2395
      vertex -19.7942 -0.0420524 10.2226
    endloop
  endfacet
  facet normal 0.642571 0.0203901 0.765955
    outer loop
      vertex -20.1262 0 10.5
      vertex -19.7942 -0.0420524 10.2226
      vertex -19.7947 0 10.2219
    endloop
  endfacet
  facet normal 0.642528 0.0210483 0.765973
    outer loop
      vertex -19.7805 -1.07305 10.2395
      vertex -20.1262 0 10.5
      vertex -20.0836 -1.30042 10.5
    endloop
  endfacet
  facet normal 0.522794 0.374342 0.765869
    outer loop
      vertex -15.9764 -12.2391 10.5
      vertex -15.7481 -12.0839 10.2683
      vertex -15.8646 -11.9212 10.2683
    endloop
  endfacet
  facet normal 0.523489 0.373341 0.765883
    outer loop
      vertex -15.7481 -12.0839 10.2683
      vertex -15.9764 -12.2391 10.5
      vertex -15.9672 -12.252 10.5
    endloop
  endfacet
  facet normal 0.265256 -0.58563 0.765948
    outer loop
      vertex -8.88709 18.0572 10.5
      vertex -8.56463 17.3674 9.86092
      vertex -8.07637 17.5772 9.85224
    endloop
  endfacet
  facet normal 0.26664 -0.584991 0.765956
    outer loop
      vertex -8.56463 17.3674 9.86092
      vertex -8.88709 18.0572 10.5
      vertex -8.90157 18.0506 10.5
    endloop
  endfacet
  facet normal 0.339525 0.546038 0.765876
    outer loop
      vertex -11.1815 -16.7343 10.5
      vertex -10.095 -17.0849 10.2683
      vertex -11.0281 -16.5047 10.2683
    endloop
  endfacet
  facet normal 0.339513 0.545958 0.765938
    outer loop
      vertex -10.095 -17.0849 10.2683
      vertex -11.1815 -16.7343 10.5
      vertex -10.0766 -17.4214 10.5
    endloop
  endfacet
  facet normal 0.545857 -0.339635 0.765956
    outer loop
      vertex -17.4214 10.0766 10.5
      vertex -16.9673 9.79608 10.052
      vertex -16.7618 10.1126 10.0459
    endloop
  endfacet
  facet normal 0.545853 -0.339642 0.765956
    outer loop
      vertex -16.9673 9.79608 10.052
      vertex -17.4214 10.0766 10.5
      vertex -17.4298 10.0631 10.5
    endloop
  endfacet
  facet normal 0.522621 0.374571 0.765874
    outer loop
      vertex -16.7343 -11.1815 10.5
      vertex -15.8646 -11.9212 10.2683
      vertex -16.5047 -11.0281 10.2683
    endloop
  endfacet
  facet normal 0.522568 0.374484 0.765954
    outer loop
      vertex -15.8646 -11.9212 10.2683
      vertex -16.7343 -11.1815 10.5
      vertex -15.9764 -12.2391 10.5
    endloop
  endfacet
  facet normal -0.44024 -0.468513 0.765953
    outer loop
      vertex 14.2197 14.2422 10.5
      vertex 13.3526 13.3526 9.45748
      vertex 14.2313 14.2313 10.5
    endloop
  endfacet
  facet normal -0.43951 -0.469213 0.765944
    outer loop
      vertex 14.2197 14.2422 10.5
      vertex 12.8273 13.8659 9.4705
      vertex 13.3526 13.3526 9.45748
    endloop
  endfacet
  facet normal -0.439377 -0.469476 0.765859
    outer loop
      vertex 12.8273 13.8659 9.4705
      vertex 14.2197 14.2422 10.5
      vertex 12.7567 13.9346 9.47211
    endloop
  endfacet
  facet normal 0.523383 -0.373265 0.765992
    outer loop
      vertex -15.9764 12.2391 10.5
      vertex -15.5033 11.8961 10.0096
      vertex -15.9672 12.252 10.5
    endloop
  endfacet
  facet normal 0.522329 -0.374727 0.765998
    outer loop
      vertex -15.5033 11.8961 10.0096
      vertex -15.9764 12.2391 10.5
      vertex -15.6439 11.7085 10.0137
    endloop
  endfacet
  facet normal 0.522582 -0.374508 0.765932
    outer loop
      vertex -15.6439 11.7085 10.0137
      vertex -15.9764 12.2391 10.5
      vertex -15.7431 11.5756 10.0164
    endloop
  endfacet
  facet normal 0.339624 -0.545825 0.765983
    outer loop
      vertex -10.0766 17.4214 10.5
      vertex -9.69483 16.7919 9.88216
      vertex -10.0631 17.4298 10.5
    endloop
  endfacet
  facet normal 0.339482 -0.545912 0.765984
    outer loop
      vertex -9.69483 16.7919 9.88216
      vertex -10.0766 17.4214 10.5
      vertex -9.9957 16.6135 9.88836
    endloop
  endfacet
  facet normal 0.339147 -0.546007 0.766065
    outer loop
      vertex -9.9957 16.6135 9.88836
      vertex -10.0766 17.4214 10.5
      vertex -10.1249 16.5367 9.89082
    endloop
  endfacet
  facet normal -0.626113 -0.145922 0.765956
    outer loop
      vertex 19.7394 3.92642 10.5
      vertex 18.2502 3.86192 9.2704
      vertex 18.2971 3.63953 9.26637
    endloop
  endfacet
  facet normal -0.626108 -0.145963 0.765952
    outer loop
      vertex 18.2502 3.86192 9.2704
      vertex 19.7394 3.92642 10.5
      vertex 19.444 5.19354 10.5
    endloop
  endfacet
  facet normal -0.407985 -0.496854 0.765953
    outer loop
      vertex 11.5263 15.0214 9.49994
      vertex 12.2643 15.9571 10.5
      vertex 12.252 15.9672 10.5
    endloop
  endfacet
  facet normal -0.407698 -0.497009 0.766006
    outer loop
      vertex 12.2643 15.9571 10.5
      vertex 11.9242 14.6816 9.4914
      vertex 12.1518 14.4867 9.48608
    endloop
  endfacet
  facet normal -0.407914 -0.496911 0.765954
    outer loop
      vertex 12.2643 15.9571 10.5
      vertex 11.5263 15.0214 9.49994
      vertex 11.9242 14.6816 9.4914
    endloop
  endfacet
  facet normal -0.545941 -0.339503 0.765954
    outer loop
      vertex 16.7343 11.1815 10.5
      vertex 15.807 10.1647 9.38837
      vertex 17.4214 10.0766 10.5
    endloop
  endfacet
  facet normal -0.545895 -0.339555 0.765964
    outer loop
      vertex 15.807 10.1647 9.38837
      vertex 16.7343 11.1815 10.5
      vertex 15.6378 10.4489 9.39377
    endloop
  endfacet
  facet normal -0.522579 -0.374492 0.765941
    outer loop
      vertex 15.4456 10.7296 9.39981
      vertex 16.7343 11.1815 10.5
      vertex 15.9764 12.2391 10.5
    endloop
  endfacet
  facet normal -0.522649 -0.374348 0.765964
    outer loop
      vertex 16.7343 11.1815 10.5
      vertex 15.4456 10.7296 9.39981
      vertex 15.6378 10.4489 9.39377
    endloop
  endfacet
  facet normal 0.642556 0.0209868 0.765952
    outer loop
      vertex -20.0836 -1.30042 10.5
      vertex -19.7775 -1.29629 10.2431
      vertex -19.7805 -1.07305 10.2395
    endloop
  endfacet
  facet normal 0.642572 0.0202194 0.765959
    outer loop
      vertex -19.7775 -1.29629 10.2431
      vertex -20.0836 -1.30042 10.5
      vertex -20.0831 -1.31631 10.5
    endloop
  endfacet
  facet normal 0.374581 -0.522524 0.765936
    outer loop
      vertex -11.1815 16.7343 10.5
      vertex -11.0591 15.9561 9.90925
      vertex -10.7864 16.143 9.90339
    endloop
  endfacet
  facet normal 0.374438 -0.522573 0.765972
    outer loop
      vertex -11.1815 16.7343 10.5
      vertex -11.4389 15.695 9.91678
      vertex -11.0591 15.9561 9.90925
    endloop
  endfacet
  facet normal 0.374487 -0.522572 0.765949
    outer loop
      vertex -11.4389 15.695 9.91678
      vertex -11.1815 16.7343 10.5
      vertex -12.2391 15.9764 10.5
    endloop
  endfacet
  facet normal -0.226561 -0.601687 0.765926
    outer loop
      vertex 6.48423 19.0525 10.5
      vertex 6.70987 17.8166 9.59586
      vertex 6.8114 17.7759 9.59392
    endloop
  endfacet
  facet normal -0.226312 -0.601747 0.765952
    outer loop
      vertex 6.12683 18.0491 9.60611
      vertex 6.48423 19.0525 10.5
      vertex 6.46934 19.0581 10.5
    endloop
  endfacet
  facet normal -0.226471 -0.601689 0.765951
    outer loop
      vertex 6.48423 19.0525 10.5
      vertex 6.12683 18.0491 9.60611
      vertex 6.70987 17.8166 9.59586
    endloop
  endfacet
  facet normal 0.545865 -0.339592 0.765969
    outer loop
      vertex -16.7343 11.1815 10.5
      vertex -16.3867 10.6905 10.0346
      vertex -16.2692 10.8708 10.0308
    endloop
  endfacet
  facet normal 0.546026 -0.339435 0.765924
    outer loop
      vertex -16.7343 11.1815 10.5
      vertex -16.7618 10.1126 10.0459
      vertex -16.3867 10.6905 10.0346
    endloop
  endfacet
  facet normal 0.545885 -0.339468 0.76601
    outer loop
      vertex -16.7618 10.1126 10.0459
      vertex -16.7343 11.1815 10.5
      vertex -17.4214 10.0766 10.5
    endloop
  endfacet
  facet normal -0.10475 -0.634301 0.765957
    outer loop
      vertex 2.62699 19.954 10.5
      vertex 3.05685 18.8693 9.66053
      vertex 3.91073 19.742 10.5
    endloop
  endfacet
  facet normal -0.104705 -0.634293 0.76597
    outer loop
      vertex 2.62699 19.954 10.5
      vertex 2.49782 18.9728 9.66982
      vertex 3.05685 18.8693 9.66053
    endloop
  endfacet
  facet normal 0.584959 -0.266625 0.765986
    outer loop
      vertex -18.0572 8.88709 10.5
      vertex -17.5944 8.67658 10.0733
      vertex -18.0506 8.90157 10.5
    endloop
  endfacet
  facet normal 0.585495 -0.265445 0.765986
    outer loop
      vertex -17.5944 8.67658 10.0733
      vertex -18.0572 8.88709 10.5
      vertex -17.6707 8.51723 10.0764
    endloop
  endfacet
  facet normal 0.585562 -0.265353 0.765966
    outer loop
      vertex -17.6707 8.51723 10.0764
      vertex -18.0572 8.88709 10.5
      vertex -17.7454 8.36047 10.0792
    endloop
  endfacet
  facet normal 0.566998 -0.303033 0.765953
    outer loop
      vertex -18.0506 8.90157 10.5
      vertex -17.1469 9.47601 10.0583
      vertex -17.4373 10.0491 10.5
    endloop
  endfacet
  facet normal 0.566992 -0.303015 0.765965
    outer loop
      vertex -17.1469 9.47601 10.0583
      vertex -18.0506 8.90157 10.5
      vertex -17.5944 8.67658 10.0733
    endloop
  endfacet
  facet normal 0.615238 -0.186633 0.765931
    outer loop
      vertex -19.4404 5.20903 10.5
      vertex -18.7225 6.02061 10.1211
      vertex -19.0627 6.45412 10.5
    endloop
  endfacet
  facet normal 0.615198 -0.186577 0.765977
    outer loop
      vertex -18.7225 6.02061 10.1211
      vertex -19.4404 5.20903 10.5
      vertex -19.0224 5.09703 10.137
    endloop
  endfacet
  facet normal 0.626181 -0.14598 0.76589
    outer loop
      vertex -19.7394 3.92642 10.5
      vertex -19.0965 4.80588 10.142
      vertex -19.444 5.19354 10.5
    endloop
  endfacet
  facet normal 0.626128 -0.145919 0.765945
    outer loop
      vertex -19.0965 4.80588 10.142
      vertex -19.7394 3.92642 10.5
      vertex -19.3398 3.84693 10.1582
    endloop
  endfacet
  facet normal -0.186625 -0.61521 0.765956
    outer loop
      vertex 5.20903 19.4404 10.5
      vertex 5.44573 18.2713 9.61866
      vertex 6.45412 19.0627 10.5
    endloop
  endfacet
  facet normal -0.186632 -0.61521 0.765954
    outer loop
      vertex 5.20903 19.4404 10.5
      vertex 4.9398 18.4356 9.62735
      vertex 5.44573 18.2713 9.61866
    endloop
  endfacet
  facet normal -0.30303 -0.566991 0.76596
    outer loop
      vertex 8.90157 18.0506 10.5
      vertex 8.82416 16.8165 9.55585
      vertex 10.0491 17.4373 10.5
    endloop
  endfacet
  facet normal -0.30302 -0.566993 0.765962
    outer loop
      vertex 8.82416 16.8165 9.55585
      vertex 8.90157 18.0506 10.5
      vertex 8.4079 17.0495 9.56365
    endloop
  endfacet
  facet normal 0.626189 -0.145531 0.765969
    outer loop
      vertex -19.444 5.19354 10.5
      vertex -19.0224 5.09703 10.137
      vertex -19.4404 5.20903 10.5
    endloop
  endfacet
  facet normal 0.626143 -0.145733 0.765968
    outer loop
      vertex -19.0224 5.09703 10.137
      vertex -19.444 5.19354 10.5
      vertex -19.0518 4.98175 10.1391
    endloop
  endfacet
  facet normal 0.625855 -0.146438 0.766069
    outer loop
      vertex -19.0518 4.98175 10.1391
      vertex -19.444 5.19354 10.5
      vertex -19.0965 4.80588 10.142
    endloop
  endfacet
  facet normal 0.634252 -0.105102 0.765949
    outer loop
      vertex -19.742 3.91073 10.5
      vertex -19.3398 3.84693 10.1582
      vertex -19.7394 3.92642 10.5
    endloop
  endfacet
  facet normal 0.634275 -0.104956 0.76595
    outer loop
      vertex -19.3398 3.84693 10.1582
      vertex -19.742 3.91073 10.5
      vertex -19.3582 3.74887 10.16
    endloop
  endfacet
  facet normal 0.634343 -0.10474 0.765923
    outer loop
      vertex -19.3582 3.74887 10.16
      vertex -19.742 3.91073 10.5
      vertex -19.3917 3.56792 10.163
    endloop
  endfacet
  facet normal -0.523449 -0.373312 0.765924
    outer loop
      vertex 14.9411 11.4647 9.41501
      vertex 15.9764 12.2391 10.5
      vertex 15.9672 12.252 10.5
    endloop
  endfacet
  facet normal -0.522582 -0.374491 0.765941
    outer loop
      vertex 15.9764 12.2391 10.5
      vertex 15.1902 11.1024 9.40783
      vertex 15.4456 10.7296 9.39981
    endloop
  endfacet
  facet normal -0.522588 -0.374485 0.765939
    outer loop
      vertex 15.9764 12.2391 10.5
      vertex 14.9411 11.4647 9.41501
      vertex 15.1902 11.1024 9.40783
    endloop
  endfacet
  facet normal -0.373306 -0.52344 0.765932
    outer loop
      vertex 12.2391 15.9764 10.5
      vertex 11.5263 15.0214 9.49994
      vertex 12.252 15.9672 10.5
    endloop
  endfacet
  facet normal -0.374452 -0.522601 0.765947
    outer loop
      vertex 12.2391 15.9764 10.5
      vertex 10.9693 15.4386 9.51229
      vertex 11.5263 15.0214 9.49994
    endloop
  endfacet
  facet normal -0.374393 -0.522685 0.765918
    outer loop
      vertex 10.9693 15.4386 9.51229
      vertex 12.2391 15.9764 10.5
      vertex 10.8862 15.5006 9.51398
    endloop
  endfacet
  facet normal -0.303577 -0.566677 0.765975
    outer loop
      vertex 10.0491 17.4373 10.5
      vertex 9.49233 16.4412 9.54241
      vertex 10.0631 17.4298 10.5
    endloop
  endfacet
  facet normal -0.303022 -0.566982 0.765969
    outer loop
      vertex 10.0491 17.4373 10.5
      vertex 8.91915 16.7633 9.55408
      vertex 9.49233 16.4412 9.54241
    endloop
  endfacet
  facet normal -0.303175 -0.566814 0.766033
    outer loop
      vertex 8.91915 16.7633 9.55408
      vertex 10.0491 17.4373 10.5
      vertex 8.82416 16.8165 9.55585
    endloop
  endfacet
  facet normal -0.266626 -0.584961 0.765984
    outer loop
      vertex 8.88709 18.0572 10.5
      vertex 8.4079 17.0495 9.56365
      vertex 8.90157 18.0506 10.5
    endloop
  endfacet
  facet normal -0.265365 -0.585549 0.765972
    outer loop
      vertex 8.88709 18.0572 10.5
      vertex 7.83222 17.3252 9.57497
      vertex 8.4079 17.0495 9.56365
    endloop
  endfacet
  facet normal -0.265079 -0.585822 0.765863
    outer loop
      vertex 7.83222 17.3252 9.57497
      vertex 8.88709 18.0572 10.5
      vertex 7.73162 17.3731 9.57679
    endloop
  endfacet
  facet normal -0.468513 -0.44024 0.765953
    outer loop
      vertex 13.3526 13.3526 9.45748
      vertex 14.2422 14.2197 10.5
      vertex 14.2313 14.2313 10.5
    endloop
  endfacet
  facet normal -0.469344 -0.439422 0.765915
    outer loop
      vertex 14.2422 14.2197 10.5
      vertex 13.6748 12.9949 9.44961
      vertex 13.9258 12.7152 9.44295
    endloop
  endfacet
  facet normal -0.46922 -0.439504 0.765944
    outer loop
      vertex 14.2422 14.2197 10.5
      vertex 13.3526 13.3526 9.45748
      vertex 13.6748 12.9949 9.44961
    endloop
  endfacet
  facet normal -0.496862 -0.407992 0.765944
    outer loop
      vertex 15.9571 12.2643 10.5
      vertex 14.9411 11.4647 9.41501
      vertex 15.9672 12.252 10.5
    endloop
  endfacet
  facet normal -0.496971 -0.407856 0.765946
    outer loop
      vertex 15.9571 12.2643 10.5
      vertex 14.4635 12.0724 9.42872
      vertex 14.9411 11.4647 9.41501
    endloop
  endfacet
  facet normal -0.496844 -0.408219 0.765835
    outer loop
      vertex 14.4635 12.0724 9.42872
      vertex 15.9571 12.2643 10.5
      vertex 14.4057 12.1456 9.43024
    endloop
  endfacet
  facet normal 0.104739 -0.634334 0.765931
    outer loop
      vertex -3.91073 19.742 10.5
      vertex -3.75804 18.893 9.77599
      vertex -3.16432 18.9792 9.76619
    endloop
  endfacet
  facet normal 0.105105 -0.63427 0.765934
    outer loop
      vertex -3.75804 18.893 9.77599
      vertex -3.91073 19.742 10.5
      vertex -3.92642 19.7394 10.5
    endloop
  endfacet
  facet normal 0.186671 -0.615171 0.765975
    outer loop
      vertex -6.45412 19.0627 10.5
      vertex -6.20819 18.2887 9.81845
      vertex -5.66376 18.4424 9.80921
    endloop
  endfacet
  facet normal 0.18599 -0.615383 0.765971
    outer loop
      vertex -6.20819 18.2887 9.81845
      vertex -6.45412 19.0627 10.5
      vertex -6.46934 19.0581 10.5
    endloop
  endfacet
  facet normal -0.496952 -0.407868 0.765952
    outer loop
      vertex 15.1316 13.2701 10.5
      vertex 14.4057 12.1456 9.43024
      vertex 15.9571 12.2643 10.5
    endloop
  endfacet
  facet normal -0.497009 -0.40782 0.765941
    outer loop
      vertex 14.1783 12.434 9.43624
      vertex 14.4057 12.1456 9.43024
      vertex 15.1316 13.2701 10.5
    endloop
  endfacet
  facet normal 0.0630006 -0.639814 0.765943
    outer loop
      vertex -2.62699 19.954 10.5
      vertex -1.8713 19.1237 9.74427
      vertex -1.33214 20.0815 10.5
    endloop
  endfacet
  facet normal 0.0630523 -0.639785 0.765963
    outer loop
      vertex -1.8713 19.1237 9.74427
      vertex -2.62699 19.954 10.5
      vertex -2.51103 19.0732 9.75475
    endloop
  endfacet
  facet normal 0.0646509 -0.63964 0.765951
    outer loop
      vertex -1.33214 20.0815 10.5
      vertex -1.25656 19.1713 9.73352
      vertex -1.31631 20.0831 10.5
    endloop
  endfacet
  facet normal 0.0629026 -0.639797 0.765966
    outer loop
      vertex -1.33214 20.0815 10.5
      vertex -1.73953 19.1341 9.74211
      vertex -1.25656 19.1713 9.73352
    endloop
  endfacet
  facet normal 0.063054 -0.63983 0.765925
    outer loop
      vertex -1.73953 19.1341 9.74211
      vertex -1.33214 20.0815 10.5
      vertex -1.8713 19.1237 9.74427
    endloop
  endfacet
  facet normal 0.986645 -0.162888 0
    outer loop
      vertex 21.4302 -4.26272 10.5
      vertex 21.6631 -2.852 0
      vertex 21.6631 -2.852 10.5
    endloop
  endfacet
  facet normal 0.986645 -0.162888 0
    outer loop
      vertex 21.6631 -2.852 0
      vertex 21.4302 -4.26272 10.5
      vertex 21.4302 -4.26272 0
    endloop
  endfacet
  facet normal 0.995188 0.0979843 0
    outer loop
      vertex 21.8032 1.42906 10.5
      vertex 21.6631 2.852 0
      vertex 21.6631 2.852 10.5
    endloop
  endfacet
  facet normal 0.995188 0.0979843 0
    outer loop
      vertex 21.6631 2.852 0
      vertex 21.8032 1.42906 10.5
      vertex 21.8032 1.42906 0
    endloop
  endfacet
  facet normal 0.999464 0.0327313 0
    outer loop
      vertex 21.85 0 10.5
      vertex 21.8032 1.42906 0
      vertex 21.8032 1.42906 10.5
    endloop
  endfacet
  facet normal 0.999464 0.0327313 0
    outer loop
      vertex 21.8032 1.42906 0
      vertex 21.85 0 10.5
      vertex 21.85 0 0
    endloop
  endfacet
  facet normal 0.0979843 0.995188 -0
    outer loop
      vertex 2.852 21.6631 0
      vertex 1.42906 21.8032 10.5
      vertex 2.852 21.6631 10.5
    endloop
  endfacet
  facet normal 0.0979843 0.995188 0
    outer loop
      vertex 1.42906 21.8032 10.5
      vertex 2.852 21.6631 0
      vertex 1.42906 21.8032 0
    endloop
  endfacet
  facet normal -0.227089 0.973874 0
    outer loop
      vertex -4.26272 21.4302 0
      vertex -5.6552 21.1055 10.5
      vertex -4.26272 21.4302 10.5
    endloop
  endfacet
  facet normal -0.227089 0.973874 0
    outer loop
      vertex -5.6552 21.1055 10.5
      vertex -4.26272 21.4302 0
      vertex -5.6552 21.1055 0
    endloop
  endfacet
  facet normal 0.0979843 -0.995188 0
    outer loop
      vertex 1.42906 -21.8032 0
      vertex 2.852 -21.6631 10.5
      vertex 1.42906 -21.8032 10.5
    endloop
  endfacet
  facet normal 0.0979843 -0.995188 0
    outer loop
      vertex 2.852 -21.6631 10.5
      vertex 1.42906 -21.8032 0
      vertex 2.852 -21.6631 0
    endloop
  endfacet
  facet normal 0.47139 0.881925 -0
    outer loop
      vertex 10.925 18.9227 0
      vertex 9.66401 19.5967 10.5
      vertex 10.925 18.9227 10.5
    endloop
  endfacet
  facet normal 0.47139 0.881925 0
    outer loop
      vertex 9.66401 19.5967 10.5
      vertex 10.925 18.9227 0
      vertex 9.66401 19.5967 0
    endloop
  endfacet
  facet normal -0.227089 -0.973874 0
    outer loop
      vertex -5.6552 -21.1055 0
      vertex -4.26272 -21.4302 10.5
      vertex -5.6552 -21.1055 10.5
    endloop
  endfacet
  facet normal -0.227089 -0.973874 -0
    outer loop
      vertex -4.26272 -21.4302 10.5
      vertex -5.6552 -21.1055 0
      vertex -4.26272 -21.4302 0
    endloop
  endfacet
  facet normal -0.352216 0.935919 0
    outer loop
      vertex -7.02345 20.6904 0
      vertex -8.36163 20.1868 10.5
      vertex -7.02345 20.6904 10.5
    endloop
  endfacet
  facet normal -0.352216 0.935919 0
    outer loop
      vertex -8.36163 20.1868 10.5
      vertex -7.02345 20.6904 0
      vertex -8.36163 20.1868 0
    endloop
  endfacet
  facet normal -0.0327313 0.999464 0
    outer loop
      vertex 0 21.85 0
      vertex -1.42906 21.8032 10.5
      vertex 0 21.85 10.5
    endloop
  endfacet
  facet normal -0.0327313 0.999464 0
    outer loop
      vertex -1.42906 21.8032 10.5
      vertex 0 21.85 0
      vertex -1.42906 21.8032 0
    endloop
  endfacet
  facet normal 0.910864 0.412707 0
    outer loop
      vertex 20.1868 8.36163 10.5
      vertex 19.5967 9.66401 0
      vertex 19.5967 9.66401 10.5
    endloop
  endfacet
  facet normal 0.910864 0.412707 0
    outer loop
      vertex 19.5967 9.66401 0
      vertex 20.1868 8.36163 10.5
      vertex 20.1868 8.36163 0
    endloop
  endfacet
  facet normal -0.582468 0.812854 0
    outer loop
      vertex -12.1392 18.1676 0
      vertex -13.3014 17.3348 10.5
      vertex -12.1392 18.1676 10.5
    endloop
  endfacet
  facet normal -0.582468 0.812854 0
    outer loop
      vertex -13.3014 17.3348 10.5
      vertex -12.1392 18.1676 0
      vertex -13.3014 17.3348 0
    endloop
  endfacet
  facet normal 0.582468 0.812854 -0
    outer loop
      vertex 13.3014 17.3348 0
      vertex 12.1392 18.1676 10.5
      vertex 13.3014 17.3348 10.5
    endloop
  endfacet
  facet normal 0.582468 0.812854 0
    outer loop
      vertex 12.1392 18.1676 10.5
      vertex 13.3014 17.3348 0
      vertex 12.1392 18.1676 0
    endloop
  endfacet
  facet normal -0.162888 -0.986645 0
    outer loop
      vertex -4.26272 -21.4302 0
      vertex -2.852 -21.6631 10.5
      vertex -4.26272 -21.4302 10.5
    endloop
  endfacet
  facet normal -0.162888 -0.986645 -0
    outer loop
      vertex -2.852 -21.6631 10.5
      vertex -4.26272 -21.4302 0
      vertex -2.852 -21.6631 0
    endloop
  endfacet
  facet normal 0.773009 -0.634395 0
    outer loop
      vertex 16.4277 -14.4067 10.5
      vertex 17.3348 -13.3014 0
      vertex 17.3348 -13.3014 10.5
    endloop
  endfacet
  facet normal 0.773009 -0.634395 0
    outer loop
      vertex 17.3348 -13.3014 0
      vertex 16.4277 -14.4067 10.5
      vertex 16.4277 -14.4067 0
    endloop
  endfacet
  facet normal 0.849183 -0.528099 0
    outer loop
      vertex 18.1676 -12.1392 10.5
      vertex 18.9227 -10.925 0
      vertex 18.9227 -10.925 10.5
    endloop
  endfacet
  facet normal 0.849183 -0.528099 0
    outer loop
      vertex 18.9227 -10.925 0
      vertex 18.1676 -12.1392 10.5
      vertex 18.1676 -12.1392 0
    endloop
  endfacet
  facet normal 0.973874 0.227089 0
    outer loop
      vertex 21.4302 4.26272 10.5
      vertex 21.1055 5.6552 0
      vertex 21.1055 5.6552 10.5
    endloop
  endfacet
  facet normal 0.973874 0.227089 0
    outer loop
      vertex 21.1055 5.6552 0
      vertex 21.4302 4.26272 10.5
      vertex 21.4302 4.26272 0
    endloop
  endfacet
  facet normal 0.582468 -0.812854 0
    outer loop
      vertex 12.1392 -18.1676 0
      vertex 13.3014 -17.3348 10.5
      vertex 12.1392 -18.1676 10.5
    endloop
  endfacet
  facet normal 0.582468 -0.812854 0
    outer loop
      vertex 13.3014 -17.3348 10.5
      vertex 12.1392 -18.1676 0
      vertex 13.3014 -17.3348 0
    endloop
  endfacet
  facet normal 0.812854 0.582468 0
    outer loop
      vertex 18.1676 12.1392 10.5
      vertex 17.3348 13.3014 0
      vertex 17.3348 13.3014 10.5
    endloop
  endfacet
  facet normal 0.812854 0.582468 0
    outer loop
      vertex 17.3348 13.3014 0
      vertex 18.1676 12.1392 10.5
      vertex 18.1676 12.1392 0
    endloop
  endfacet
  facet normal 0.634395 0.773009 -0
    outer loop
      vertex 14.4067 16.4277 0
      vertex 13.3014 17.3348 10.5
      vertex 14.4067 16.4277 10.5
    endloop
  endfacet
  facet normal 0.634395 0.773009 0
    outer loop
      vertex 13.3014 17.3348 10.5
      vertex 14.4067 16.4277 0
      vertex 13.3014 17.3348 0
    endloop
  endfacet
  facet normal -0.729877 0.683578 0
    outer loop
      vertex -16.4277 14.4067 0
      vertex -15.4503 15.4503 10.5
      vertex -15.4503 15.4503 0
    endloop
  endfacet
  facet normal -0.729877 0.683578 0
    outer loop
      vertex -15.4503 15.4503 10.5
      vertex -16.4277 14.4067 0
      vertex -16.4277 14.4067 10.5
    endloop
  endfacet
  facet normal -0.290314 -0.956931 0
    outer loop
      vertex -7.02345 -20.6904 0
      vertex -5.6552 -21.1055 10.5
      vertex -7.02345 -20.6904 10.5
    endloop
  endfacet
  facet normal -0.290314 -0.956931 -0
    outer loop
      vertex -5.6552 -21.1055 10.5
      vertex -7.02345 -20.6904 0
      vertex -5.6552 -21.1055 0
    endloop
  endfacet
  facet normal 0.935919 -0.352216 0
    outer loop
      vertex 20.1868 -8.36163 10.5
      vertex 20.6904 -7.02345 0
      vertex 20.6904 -7.02345 10.5
    endloop
  endfacet
  facet normal 0.935919 -0.352216 0
    outer loop
      vertex 20.6904 -7.02345 0
      vertex 20.1868 -8.36163 10.5
      vertex 20.1868 -8.36163 0
    endloop
  endfacet
  facet normal -0.881925 -0.47139 0
    outer loop
      vertex -18.9227 -10.925 0
      vertex -19.5967 -9.66401 10.5
      vertex -19.5967 -9.66401 0
    endloop
  endfacet
  facet normal -0.881925 -0.47139 0
    outer loop
      vertex -19.5967 -9.66401 10.5
      vertex -18.9227 -10.925 0
      vertex -18.9227 -10.925 10.5
    endloop
  endfacet
  facet normal -0.582468 -0.812854 0
    outer loop
      vertex -13.3014 -17.3348 0
      vertex -12.1392 -18.1676 10.5
      vertex -13.3014 -17.3348 10.5
    endloop
  endfacet
  facet normal -0.582468 -0.812854 -0
    outer loop
      vertex -12.1392 -18.1676 10.5
      vertex -13.3014 -17.3348 0
      vertex -12.1392 -18.1676 0
    endloop
  endfacet
  facet normal 0.999464 -0.0327313 0
    outer loop
      vertex 21.8032 -1.42906 10.5
      vertex 21.85 0 0
      vertex 21.85 0 10.5
    endloop
  endfacet
  facet normal 0.999464 -0.0327313 0
    outer loop
      vertex 21.85 0 0
      vertex 21.8032 -1.42906 10.5
      vertex 21.8032 -1.42906 0
    endloop
  endfacet
  facet normal 0.956931 0.290314 0
    outer loop
      vertex 21.1055 5.6552 10.5
      vertex 20.6904 7.02345 0
      vertex 20.6904 7.02345 10.5
    endloop
  endfacet
  facet normal 0.956931 0.290314 0
    outer loop
      vertex 20.6904 7.02345 0
      vertex 21.1055 5.6552 10.5
      vertex 21.1055 5.6552 0
    endloop
  endfacet
  facet normal 0.0327313 -0.999464 0
    outer loop
      vertex 0 -21.85 0
      vertex 1.42906 -21.8032 10.5
      vertex 0 -21.85 10.5
    endloop
  endfacet
  facet normal 0.0327313 -0.999464 0
    outer loop
      vertex 1.42906 -21.8032 10.5
      vertex 0 -21.85 0
      vertex 1.42906 -21.8032 0
    endloop
  endfacet
  facet normal 0.528099 -0.849183 0
    outer loop
      vertex 10.925 -18.9227 0
      vertex 12.1392 -18.1676 10.5
      vertex 10.925 -18.9227 10.5
    endloop
  endfacet
  facet normal 0.528099 -0.849183 0
    outer loop
      vertex 12.1392 -18.1676 10.5
      vertex 10.925 -18.9227 0
      vertex 12.1392 -18.1676 0
    endloop
  endfacet
  facet normal -0.849183 0.528099 0
    outer loop
      vertex -18.9227 10.925 0
      vertex -18.1676 12.1392 10.5
      vertex -18.1676 12.1392 0
    endloop
  endfacet
  facet normal -0.849183 0.528099 0
    outer loop
      vertex -18.1676 12.1392 10.5
      vertex -18.9227 10.925 0
      vertex -18.9227 10.925 10.5
    endloop
  endfacet
  facet normal -0.986645 0.162888 0
    outer loop
      vertex -21.6631 2.852 0
      vertex -21.4302 4.26272 10.5
      vertex -21.4302 4.26272 0
    endloop
  endfacet
  facet normal -0.986645 0.162888 0
    outer loop
      vertex -21.4302 4.26272 10.5
      vertex -21.6631 2.852 0
      vertex -21.6631 2.852 10.5
    endloop
  endfacet
  facet normal -0.528099 0.849183 0
    outer loop
      vertex -10.925 18.9227 0
      vertex -12.1392 18.1676 10.5
      vertex -10.925 18.9227 10.5
    endloop
  endfacet
  facet normal -0.528099 0.849183 0
    outer loop
      vertex -12.1392 18.1676 10.5
      vertex -10.925 18.9227 0
      vertex -12.1392 18.1676 0
    endloop
  endfacet
  facet normal 0.290314 0.956931 -0
    outer loop
      vertex 7.02345 20.6904 0
      vertex 5.6552 21.1055 10.5
      vertex 7.02345 20.6904 10.5
    endloop
  endfacet
  facet normal 0.290314 0.956931 0
    outer loop
      vertex 5.6552 21.1055 10.5
      vertex 7.02345 20.6904 0
      vertex 5.6552 21.1055 0
    endloop
  endfacet
  facet normal -0.812854 -0.582468 0
    outer loop
      vertex -17.3348 -13.3014 0
      vertex -18.1676 -12.1392 10.5
      vertex -18.1676 -12.1392 0
    endloop
  endfacet
  facet normal -0.812854 -0.582468 0
    outer loop
      vertex -18.1676 -12.1392 10.5
      vertex -17.3348 -13.3014 0
      vertex -17.3348 -13.3014 10.5
    endloop
  endfacet
  facet normal -0.956931 0.290314 0
    outer loop
      vertex -21.1055 5.6552 0
      vertex -20.6904 7.02345 10.5
      vertex -20.6904 7.02345 0
    endloop
  endfacet
  facet normal -0.956931 0.290314 0
    outer loop
      vertex -20.6904 7.02345 10.5
      vertex -21.1055 5.6552 0
      vertex -21.1055 5.6552 10.5
    endloop
  endfacet
  facet normal 0.729877 -0.683578 0
    outer loop
      vertex 15.4503 -15.4503 10.5
      vertex 16.4277 -14.4067 0
      vertex 16.4277 -14.4067 10.5
    endloop
  endfacet
  facet normal 0.729877 -0.683578 0
    outer loop
      vertex 16.4277 -14.4067 0
      vertex 15.4503 -15.4503 10.5
      vertex 15.4503 -15.4503 0
    endloop
  endfacet
  facet normal -0.683578 0.729877 0
    outer loop
      vertex -14.4067 16.4277 0
      vertex -15.4503 15.4503 10.5
      vertex -14.4067 16.4277 10.5
    endloop
  endfacet
  facet normal -0.683578 0.729877 0
    outer loop
      vertex -15.4503 15.4503 10.5
      vertex -14.4067 16.4277 0
      vertex -15.4503 15.4503 0
    endloop
  endfacet
  facet normal 0.849183 0.528099 0
    outer loop
      vertex 18.9227 10.925 10.5
      vertex 18.1676 12.1392 0
      vertex 18.1676 12.1392 10.5
    endloop
  endfacet
  facet normal 0.849183 0.528099 0
    outer loop
      vertex 18.1676 12.1392 0
      vertex 18.9227 10.925 10.5
      vertex 18.9227 10.925 0
    endloop
  endfacet
  facet normal -0.935919 -0.352216 0
    outer loop
      vertex -20.1868 -8.36163 0
      vertex -20.6904 -7.02345 10.5
      vertex -20.6904 -7.02345 0
    endloop
  endfacet
  facet normal -0.935919 -0.352216 0
    outer loop
      vertex -20.6904 -7.02345 10.5
      vertex -20.1868 -8.36163 0
      vertex -20.1868 -8.36163 10.5
    endloop
  endfacet
  facet normal 0.881925 -0.47139 0
    outer loop
      vertex 18.9227 -10.925 10.5
      vertex 19.5967 -9.66401 0
      vertex 19.5967 -9.66401 10.5
    endloop
  endfacet
  facet normal 0.881925 -0.47139 0
    outer loop
      vertex 19.5967 -9.66401 0
      vertex 18.9227 -10.925 10.5
      vertex 18.9227 -10.925 0
    endloop
  endfacet
  facet normal 0.412707 -0.910864 0
    outer loop
      vertex 8.36163 -20.1868 0
      vertex 9.66401 -19.5967 10.5
      vertex 8.36163 -20.1868 10.5
    endloop
  endfacet
  facet normal 0.412707 -0.910864 0
    outer loop
      vertex 9.66401 -19.5967 10.5
      vertex 8.36163 -20.1868 0
      vertex 9.66401 -19.5967 0
    endloop
  endfacet
  facet normal -0.910864 -0.412707 0
    outer loop
      vertex -19.5967 -9.66401 0
      vertex -20.1868 -8.36163 10.5
      vertex -20.1868 -8.36163 0
    endloop
  endfacet
  facet normal -0.910864 -0.412707 0
    outer loop
      vertex -20.1868 -8.36163 10.5
      vertex -19.5967 -9.66401 0
      vertex -19.5967 -9.66401 10.5
    endloop
  endfacet
  facet normal -0.412707 0.910864 0
    outer loop
      vertex -8.36163 20.1868 0
      vertex -9.66401 19.5967 10.5
      vertex -8.36163 20.1868 10.5
    endloop
  endfacet
  facet normal -0.412707 0.910864 0
    outer loop
      vertex -9.66401 19.5967 10.5
      vertex -8.36163 20.1868 0
      vertex -9.66401 19.5967 0
    endloop
  endfacet
  facet normal -0.935919 0.352216 0
    outer loop
      vertex -20.6904 7.02345 0
      vertex -20.1868 8.36163 10.5
      vertex -20.1868 8.36163 0
    endloop
  endfacet
  facet normal -0.935919 0.352216 0
    outer loop
      vertex -20.1868 8.36163 10.5
      vertex -20.6904 7.02345 0
      vertex -20.6904 7.02345 10.5
    endloop
  endfacet
  facet normal 0.683578 -0.729877 0
    outer loop
      vertex 14.4067 -16.4277 0
      vertex 15.4503 -15.4503 10.5
      vertex 14.4067 -16.4277 10.5
    endloop
  endfacet
  facet normal 0.683578 -0.729877 0
    outer loop
      vertex 15.4503 -15.4503 10.5
      vertex 14.4067 -16.4277 0
      vertex 15.4503 -15.4503 0
    endloop
  endfacet
  facet normal 0.352216 0.935919 -0
    outer loop
      vertex 8.36163 20.1868 0
      vertex 7.02345 20.6904 10.5
      vertex 8.36163 20.1868 10.5
    endloop
  endfacet
  facet normal 0.352216 0.935919 0
    outer loop
      vertex 7.02345 20.6904 10.5
      vertex 8.36163 20.1868 0
      vertex 7.02345 20.6904 0
    endloop
  endfacet
  facet normal -0.162888 0.986645 0
    outer loop
      vertex -2.852 21.6631 0
      vertex -4.26272 21.4302 10.5
      vertex -2.852 21.6631 10.5
    endloop
  endfacet
  facet normal -0.162888 0.986645 0
    outer loop
      vertex -4.26272 21.4302 10.5
      vertex -2.852 21.6631 0
      vertex -4.26272 21.4302 0
    endloop
  endfacet
  facet normal 0.227089 -0.973874 0
    outer loop
      vertex 4.26272 -21.4302 0
      vertex 5.6552 -21.1055 10.5
      vertex 4.26272 -21.4302 10.5
    endloop
  endfacet
  facet normal 0.227089 -0.973874 0
    outer loop
      vertex 5.6552 -21.1055 10.5
      vertex 4.26272 -21.4302 0
      vertex 5.6552 -21.1055 0
    endloop
  endfacet
  facet normal 0.352216 -0.935919 0
    outer loop
      vertex 7.02345 -20.6904 0
      vertex 8.36163 -20.1868 10.5
      vertex 7.02345 -20.6904 10.5
    endloop
  endfacet
  facet normal 0.352216 -0.935919 0
    outer loop
      vertex 8.36163 -20.1868 10.5
      vertex 7.02345 -20.6904 0
      vertex 8.36163 -20.1868 0
    endloop
  endfacet
  facet normal -0.47139 0.881925 0
    outer loop
      vertex -9.66401 19.5967 0
      vertex -10.925 18.9227 10.5
      vertex -9.66401 19.5967 10.5
    endloop
  endfacet
  facet normal -0.47139 0.881925 0
    outer loop
      vertex -10.925 18.9227 10.5
      vertex -9.66401 19.5967 0
      vertex -10.925 18.9227 0
    endloop
  endfacet
  facet normal -0.881925 0.47139 0
    outer loop
      vertex -19.5967 9.66401 0
      vertex -18.9227 10.925 10.5
      vertex -18.9227 10.925 0
    endloop
  endfacet
  facet normal -0.881925 0.47139 0
    outer loop
      vertex -18.9227 10.925 10.5
      vertex -19.5967 9.66401 0
      vertex -19.5967 9.66401 10.5
    endloop
  endfacet
  facet normal 0.773009 0.634395 0
    outer loop
      vertex 17.3348 13.3014 10.5
      vertex 16.4277 14.4067 0
      vertex 16.4277 14.4067 10.5
    endloop
  endfacet
  facet normal 0.773009 0.634395 0
    outer loop
      vertex 16.4277 14.4067 0
      vertex 17.3348 13.3014 10.5
      vertex 17.3348 13.3014 0
    endloop
  endfacet
  facet normal -0.0979843 0.995188 0
    outer loop
      vertex -1.42906 21.8032 0
      vertex -2.852 21.6631 10.5
      vertex -1.42906 21.8032 10.5
    endloop
  endfacet
  facet normal -0.0979843 0.995188 0
    outer loop
      vertex -2.852 21.6631 10.5
      vertex -1.42906 21.8032 0
      vertex -2.852 21.6631 0
    endloop
  endfacet
  facet normal -0.973874 0.227089 0
    outer loop
      vertex -21.4302 4.26272 0
      vertex -21.1055 5.6552 10.5
      vertex -21.1055 5.6552 0
    endloop
  endfacet
  facet normal -0.973874 0.227089 0
    outer loop
      vertex -21.1055 5.6552 10.5
      vertex -21.4302 4.26272 0
      vertex -21.4302 4.26272 10.5
    endloop
  endfacet
  facet normal -0.999464 0.0327313 0
    outer loop
      vertex -21.85 0 0
      vertex -21.8032 1.42906 10.5
      vertex -21.8032 1.42906 0
    endloop
  endfacet
  facet normal -0.999464 0.0327313 0
    outer loop
      vertex -21.8032 1.42906 10.5
      vertex -21.85 0 0
      vertex -21.85 0 10.5
    endloop
  endfacet
  facet normal -0.290314 0.956931 0
    outer loop
      vertex -5.6552 21.1055 0
      vertex -7.02345 20.6904 10.5
      vertex -5.6552 21.1055 10.5
    endloop
  endfacet
  facet normal -0.290314 0.956931 0
    outer loop
      vertex -7.02345 20.6904 10.5
      vertex -5.6552 21.1055 0
      vertex -7.02345 20.6904 0
    endloop
  endfacet
  facet normal 0.729877 0.683578 0
    outer loop
      vertex 16.4277 14.4067 10.5
      vertex 15.4503 15.4503 0
      vertex 15.4503 15.4503 10.5
    endloop
  endfacet
  facet normal 0.729877 0.683578 0
    outer loop
      vertex 15.4503 15.4503 0
      vertex 16.4277 14.4067 10.5
      vertex 16.4277 14.4067 0
    endloop
  endfacet
  facet normal -0.634395 -0.773009 0
    outer loop
      vertex -14.4067 -16.4277 0
      vertex -13.3014 -17.3348 10.5
      vertex -14.4067 -16.4277 10.5
    endloop
  endfacet
  facet normal -0.634395 -0.773009 -0
    outer loop
      vertex -13.3014 -17.3348 10.5
      vertex -14.4067 -16.4277 0
      vertex -13.3014 -17.3348 0
    endloop
  endfacet
  facet normal 0.995188 -0.0979843 0
    outer loop
      vertex 21.6631 -2.852 10.5
      vertex 21.8032 -1.42906 0
      vertex 21.8032 -1.42906 10.5
    endloop
  endfacet
  facet normal 0.995188 -0.0979843 0
    outer loop
      vertex 21.8032 -1.42906 0
      vertex 21.6631 -2.852 10.5
      vertex 21.6631 -2.852 0
    endloop
  endfacet
  facet normal 0.956931 -0.290314 0
    outer loop
      vertex 20.6904 -7.02345 10.5
      vertex 21.1055 -5.6552 0
      vertex 21.1055 -5.6552 10.5
    endloop
  endfacet
  facet normal 0.956931 -0.290314 0
    outer loop
      vertex 21.1055 -5.6552 0
      vertex 20.6904 -7.02345 10.5
      vertex 20.6904 -7.02345 0
    endloop
  endfacet
  facet normal -0.956931 -0.290314 0
    outer loop
      vertex -20.6904 -7.02345 0
      vertex -21.1055 -5.6552 10.5
      vertex -21.1055 -5.6552 0
    endloop
  endfacet
  facet normal -0.956931 -0.290314 0
    outer loop
      vertex -21.1055 -5.6552 10.5
      vertex -20.6904 -7.02345 0
      vertex -20.6904 -7.02345 10.5
    endloop
  endfacet
  facet normal 0.881925 0.47139 0
    outer loop
      vertex 19.5967 9.66401 10.5
      vertex 18.9227 10.925 0
      vertex 18.9227 10.925 10.5
    endloop
  endfacet
  facet normal 0.881925 0.47139 0
    outer loop
      vertex 18.9227 10.925 0
      vertex 19.5967 9.66401 10.5
      vertex 19.5967 9.66401 0
    endloop
  endfacet
  facet normal -0.999464 -0.0327313 0
    outer loop
      vertex -21.8032 -1.42906 0
      vertex -21.85 0 10.5
      vertex -21.85 0 0
    endloop
  endfacet
  facet normal -0.999464 -0.0327313 0
    outer loop
      vertex -21.85 0 10.5
      vertex -21.8032 -1.42906 0
      vertex -21.8032 -1.42906 10.5
    endloop
  endfacet
  facet normal -0.528099 -0.849183 0
    outer loop
      vertex -12.1392 -18.1676 0
      vertex -10.925 -18.9227 10.5
      vertex -12.1392 -18.1676 10.5
    endloop
  endfacet
  facet normal -0.528099 -0.849183 -0
    outer loop
      vertex -10.925 -18.9227 10.5
      vertex -12.1392 -18.1676 0
      vertex -10.925 -18.9227 0
    endloop
  endfacet
  facet normal 0.683578 0.729877 -0
    outer loop
      vertex 15.4503 15.4503 0
      vertex 14.4067 16.4277 10.5
      vertex 15.4503 15.4503 10.5
    endloop
  endfacet
  facet normal 0.683578 0.729877 0
    outer loop
      vertex 14.4067 16.4277 10.5
      vertex 15.4503 15.4503 0
      vertex 14.4067 16.4277 0
    endloop
  endfacet
  facet normal 0.528099 0.849183 -0
    outer loop
      vertex 12.1392 18.1676 0
      vertex 10.925 18.9227 10.5
      vertex 12.1392 18.1676 10.5
    endloop
  endfacet
  facet normal 0.528099 0.849183 0
    outer loop
      vertex 10.925 18.9227 10.5
      vertex 12.1392 18.1676 0
      vertex 10.925 18.9227 0
    endloop
  endfacet
  facet normal -0.973874 -0.227089 0
    outer loop
      vertex -21.1055 -5.6552 0
      vertex -21.4302 -4.26272 10.5
      vertex -21.4302 -4.26272 0
    endloop
  endfacet
  facet normal -0.973874 -0.227089 0
    outer loop
      vertex -21.4302 -4.26272 10.5
      vertex -21.1055 -5.6552 0
      vertex -21.1055 -5.6552 10.5
    endloop
  endfacet
  facet normal -0.986645 -0.162888 0
    outer loop
      vertex -21.4302 -4.26272 0
      vertex -21.6631 -2.852 10.5
      vertex -21.6631 -2.852 0
    endloop
  endfacet
  facet normal -0.986645 -0.162888 0
    outer loop
      vertex -21.6631 -2.852 10.5
      vertex -21.4302 -4.26272 0
      vertex -21.4302 -4.26272 10.5
    endloop
  endfacet
  facet normal 0.227089 0.973874 -0
    outer loop
      vertex 5.6552 21.1055 0
      vertex 4.26272 21.4302 10.5
      vertex 5.6552 21.1055 10.5
    endloop
  endfacet
  facet normal 0.227089 0.973874 0
    outer loop
      vertex 4.26272 21.4302 10.5
      vertex 5.6552 21.1055 0
      vertex 4.26272 21.4302 0
    endloop
  endfacet
  facet normal -0.634395 0.773009 0
    outer loop
      vertex -13.3014 17.3348 0
      vertex -14.4067 16.4277 10.5
      vertex -13.3014 17.3348 10.5
    endloop
  endfacet
  facet normal -0.634395 0.773009 0
    outer loop
      vertex -14.4067 16.4277 10.5
      vertex -13.3014 17.3348 0
      vertex -14.4067 16.4277 0
    endloop
  endfacet
  facet normal 0.412707 0.910864 -0
    outer loop
      vertex 9.66401 19.5967 0
      vertex 8.36163 20.1868 10.5
      vertex 9.66401 19.5967 10.5
    endloop
  endfacet
  facet normal 0.412707 0.910864 0
    outer loop
      vertex 8.36163 20.1868 10.5
      vertex 9.66401 19.5967 0
      vertex 8.36163 20.1868 0
    endloop
  endfacet
  facet normal 0.0327313 0.999464 -0
    outer loop
      vertex 1.42906 21.8032 0
      vertex 0 21.85 10.5
      vertex 1.42906 21.8032 10.5
    endloop
  endfacet
  facet normal 0.0327313 0.999464 0
    outer loop
      vertex 0 21.85 10.5
      vertex 1.42906 21.8032 0
      vertex 0 21.85 0
    endloop
  endfacet
  facet normal -0.352216 -0.935919 0
    outer loop
      vertex -8.36163 -20.1868 0
      vertex -7.02345 -20.6904 10.5
      vertex -8.36163 -20.1868 10.5
    endloop
  endfacet
  facet normal -0.352216 -0.935919 -0
    outer loop
      vertex -7.02345 -20.6904 10.5
      vertex -8.36163 -20.1868 0
      vertex -7.02345 -20.6904 0
    endloop
  endfacet
  facet normal -0.773009 -0.634395 0
    outer loop
      vertex -16.4277 -14.4067 0
      vertex -17.3348 -13.3014 10.5
      vertex -17.3348 -13.3014 0
    endloop
  endfacet
  facet normal -0.773009 -0.634395 0
    outer loop
      vertex -17.3348 -13.3014 10.5
      vertex -16.4277 -14.4067 0
      vertex -16.4277 -14.4067 10.5
    endloop
  endfacet
  facet normal 0.935919 0.352216 0
    outer loop
      vertex 20.6904 7.02345 10.5
      vertex 20.1868 8.36163 0
      vertex 20.1868 8.36163 10.5
    endloop
  endfacet
  facet normal 0.935919 0.352216 0
    outer loop
      vertex 20.1868 8.36163 0
      vertex 20.6904 7.02345 10.5
      vertex 20.6904 7.02345 0
    endloop
  endfacet
  facet normal 0.162888 0.986645 -0
    outer loop
      vertex 4.26272 21.4302 0
      vertex 2.852 21.6631 10.5
      vertex 4.26272 21.4302 10.5
    endloop
  endfacet
  facet normal 0.162888 0.986645 0
    outer loop
      vertex 2.852 21.6631 10.5
      vertex 4.26272 21.4302 0
      vertex 2.852 21.6631 0
    endloop
  endfacet
  facet normal 0.986645 0.162888 0
    outer loop
      vertex 21.6631 2.852 10.5
      vertex 21.4302 4.26272 0
      vertex 21.4302 4.26272 10.5
    endloop
  endfacet
  facet normal 0.986645 0.162888 0
    outer loop
      vertex 21.4302 4.26272 0
      vertex 21.6631 2.852 10.5
      vertex 21.6631 2.852 0
    endloop
  endfacet
  facet normal -0.0327313 -0.999464 0
    outer loop
      vertex -1.42906 -21.8032 0
      vertex 0 -21.85 10.5
      vertex -1.42906 -21.8032 10.5
    endloop
  endfacet
  facet normal -0.0327313 -0.999464 -0
    outer loop
      vertex 0 -21.85 10.5
      vertex -1.42906 -21.8032 0
      vertex 0 -21.85 0
    endloop
  endfacet
  facet normal -0.683578 -0.729877 0
    outer loop
      vertex -15.4503 -15.4503 0
      vertex -14.4067 -16.4277 10.5
      vertex -15.4503 -15.4503 10.5
    endloop
  endfacet
  facet normal -0.683578 -0.729877 -0
    outer loop
      vertex -14.4067 -16.4277 10.5
      vertex -15.4503 -15.4503 0
      vertex -14.4067 -16.4277 0
    endloop
  endfacet
  facet normal -0.47139 -0.881925 0
    outer loop
      vertex -10.925 -18.9227 0
      vertex -9.66401 -19.5967 10.5
      vertex -10.925 -18.9227 10.5
    endloop
  endfacet
  facet normal -0.47139 -0.881925 -0
    outer loop
      vertex -9.66401 -19.5967 10.5
      vertex -10.925 -18.9227 0
      vertex -9.66401 -19.5967 0
    endloop
  endfacet
  facet normal 0.634395 -0.773009 0
    outer loop
      vertex 13.3014 -17.3348 0
      vertex 14.4067 -16.4277 10.5
      vertex 13.3014 -17.3348 10.5
    endloop
  endfacet
  facet normal 0.634395 -0.773009 0
    outer loop
      vertex 14.4067 -16.4277 10.5
      vertex 13.3014 -17.3348 0
      vertex 14.4067 -16.4277 0
    endloop
  endfacet
  facet normal 0.290314 -0.956931 0
    outer loop
      vertex 5.6552 -21.1055 0
      vertex 7.02345 -20.6904 10.5
      vertex 5.6552 -21.1055 10.5
    endloop
  endfacet
  facet normal 0.290314 -0.956931 0
    outer loop
      vertex 7.02345 -20.6904 10.5
      vertex 5.6552 -21.1055 0
      vertex 7.02345 -20.6904 0
    endloop
  endfacet
  facet normal -0.729877 -0.683578 0
    outer loop
      vertex -15.4503 -15.4503 0
      vertex -16.4277 -14.4067 10.5
      vertex -16.4277 -14.4067 0
    endloop
  endfacet
  facet normal -0.729877 -0.683578 0
    outer loop
      vertex -16.4277 -14.4067 10.5
      vertex -15.4503 -15.4503 0
      vertex -15.4503 -15.4503 10.5
    endloop
  endfacet
  facet normal -0.773009 0.634395 0
    outer loop
      vertex -17.3348 13.3014 0
      vertex -16.4277 14.4067 10.5
      vertex -16.4277 14.4067 0
    endloop
  endfacet
  facet normal -0.773009 0.634395 0
    outer loop
      vertex -16.4277 14.4067 10.5
      vertex -17.3348 13.3014 0
      vertex -17.3348 13.3014 10.5
    endloop
  endfacet
  facet normal 0.162888 -0.986645 0
    outer loop
      vertex 2.852 -21.6631 0
      vertex 4.26272 -21.4302 10.5
      vertex 2.852 -21.6631 10.5
    endloop
  endfacet
  facet normal 0.162888 -0.986645 0
    outer loop
      vertex 4.26272 -21.4302 10.5
      vertex 2.852 -21.6631 0
      vertex 4.26272 -21.4302 0
    endloop
  endfacet
  facet normal -0.0979843 -0.995188 0
    outer loop
      vertex -2.852 -21.6631 0
      vertex -1.42906 -21.8032 10.5
      vertex -2.852 -21.6631 10.5
    endloop
  endfacet
  facet normal -0.0979843 -0.995188 -0
    outer loop
      vertex -1.42906 -21.8032 10.5
      vertex -2.852 -21.6631 0
      vertex -1.42906 -21.8032 0
    endloop
  endfacet
  facet normal -0.812854 0.582468 0
    outer loop
      vertex -18.1676 12.1392 0
      vertex -17.3348 13.3014 10.5
      vertex -17.3348 13.3014 0
    endloop
  endfacet
  facet normal -0.812854 0.582468 0
    outer loop
      vertex -17.3348 13.3014 10.5
      vertex -18.1676 12.1392 0
      vertex -18.1676 12.1392 10.5
    endloop
  endfacet
  facet normal 0.47139 -0.881925 0
    outer loop
      vertex 9.66401 -19.5967 0
      vertex 10.925 -18.9227 10.5
      vertex 9.66401 -19.5967 10.5
    endloop
  endfacet
  facet normal 0.47139 -0.881925 0
    outer loop
      vertex 10.925 -18.9227 10.5
      vertex 9.66401 -19.5967 0
      vertex 10.925 -18.9227 0
    endloop
  endfacet
  facet normal -0.849183 -0.528099 0
    outer loop
      vertex -18.1676 -12.1392 0
      vertex -18.9227 -10.925 10.5
      vertex -18.9227 -10.925 0
    endloop
  endfacet
  facet normal -0.849183 -0.528099 0
    outer loop
      vertex -18.9227 -10.925 10.5
      vertex -18.1676 -12.1392 0
      vertex -18.1676 -12.1392 10.5
    endloop
  endfacet
  facet normal -0.995188 -0.0979843 0
    outer loop
      vertex -21.6631 -2.852 0
      vertex -21.8032 -1.42906 10.5
      vertex -21.8032 -1.42906 0
    endloop
  endfacet
  facet normal -0.995188 -0.0979843 0
    outer loop
      vertex -21.8032 -1.42906 10.5
      vertex -21.6631 -2.852 0
      vertex -21.6631 -2.852 10.5
    endloop
  endfacet
  facet normal 0.973874 -0.227089 0
    outer loop
      vertex 21.1055 -5.6552 10.5
      vertex 21.4302 -4.26272 0
      vertex 21.4302 -4.26272 10.5
    endloop
  endfacet
  facet normal 0.973874 -0.227089 0
    outer loop
      vertex 21.4302 -4.26272 0
      vertex 21.1055 -5.6552 10.5
      vertex 21.1055 -5.6552 0
    endloop
  endfacet
  facet normal 0 0 -1
    outer loop
      vertex 13.59 0 0
      vertex 21.85 0 0
      vertex 21.8032 -1.42906 0
    endloop
  endfacet
  facet normal 0 0 -1
    outer loop
      vertex 13.5595 -0.902938 0
      vertex 21.8032 -1.42906 0
      vertex 21.6631 -2.852 0
    endloop
  endfacet
  facet normal 0 0 -1
    outer loop
      vertex 21.85 0 0
      vertex 13.59 0 0
      vertex 21.8032 1.42906 0
    endloop
  endfacet
  facet normal 0 0 -1
    outer loop
      vertex 13.4737 -1.77385 0
      vertex 21.6631 -2.852 0
      vertex 21.4302 -4.26272 0
    endloop
  endfacet
  facet normal 0 0 -1
    outer loop
      vertex 13.5614 0.874659 0
      vertex 21.8032 1.42906 0
      vertex 13.59 0 0
    endloop
  endfacet
  facet normal 0 0 -1
    outer loop
      vertex 13.3257 -2.66508 0
      vertex 21.4302 -4.26272 0
      vertex 21.1055 -5.6552 0
    endloop
  endfacet
  facet normal 0 0 -1
    outer loop
      vertex 13.5609 0.888829 0
      vertex 21.8032 1.42906 0
      vertex 13.5614 0.874659 0
    endloop
  endfacet
  facet normal 0 0 -1
    outer loop
      vertex 13.1228 -3.53092 0
      vertex 21.1055 -5.6552 0
      vertex 20.6904 -7.02345 0
    endloop
  endfacet
  facet normal 0 0 -1
    outer loop
      vertex 13.5595 0.902938 0
      vertex 21.8032 1.42906 0
      vertex 13.5609 0.888829 0
    endloop
  endfacet
  facet normal 0 0 -1
    outer loop
      vertex 12.8688 -4.36836 0
      vertex 20.6904 -7.02345 0
      vertex 20.1868 -8.36163 0
    endloop
  endfacet
  facet normal -0 0 -1
    outer loop
      vertex 21.8032 1.42906 0
      vertex 13.5595 0.902938 0
      vertex 21.6631 2.852 0
    endloop
  endfacet
  facet normal 0 0 -1
    outer loop
      vertex 12.5497 -5.21358 0
      vertex 20.1868 -8.36163 0
      vertex 19.5967 -9.66401 0
    endloop
  endfacet
  facet normal 0 0 -1
    outer loop
      vertex 13.4737 1.77385 0
      vertex 21.6631 2.852 0
      vertex 13.5595 0.902938 0
    endloop
  endfacet
  facet normal 0 0 -1
    outer loop
      vertex 12.1885 -6.0107 0
      vertex 19.5967 -9.66401 0
      vertex 18.9227 -10.925 0
    endloop
  endfacet
  facet normal -0 0 -1
    outer loop
      vertex 21.6631 2.852 0
      vertex 13.4737 1.77385 0
      vertex 21.4302 4.26272 0
    endloop
  endfacet
  facet normal 0 0 -1
    outer loop
      vertex 11.7693 -6.795 0
      vertex 18.9227 -10.925 0
      vertex 18.1676 -12.1392 0
    endloop
  endfacet
  facet normal 0 0 -1
    outer loop
      vertex 13.3312 2.63729 0
      vertex 21.4302 4.26272 0
      vertex 13.4737 1.77385 0
    endloop
  endfacet
  facet normal 0 0 -1
    outer loop
      vertex 11.2914 -7.56172 0
      vertex 18.1676 -12.1392 0
      vertex 17.3348 -13.3014 0
    endloop
  endfacet
  facet normal 0 0 -1
    outer loop
      vertex 13.3289 2.65128 0
      vertex 21.4302 4.26272 0
      vertex 13.3312 2.63729 0
    endloop
  endfacet
  facet normal 0 0 -1
    outer loop
      vertex 10.7817 -8.27307 0
      vertex 17.3348 -13.3014 0
      vertex 16.4277 -14.4067 0
    endloop
  endfacet
  facet normal 0 0 -1
    outer loop
      vertex 13.3257 2.66508 0
      vertex 21.4302 4.26272 0
      vertex 13.3289 2.65128 0
    endloop
  endfacet
  facet normal 0 0 -1
    outer loop
      vertex 10.2078 -8.97086 0
      vertex 16.4277 -14.4067 0
      vertex 15.4503 -15.4503 0
    endloop
  endfacet
  facet normal -0 0 -1
    outer loop
      vertex 21.4302 4.26272 0
      vertex 13.3257 2.66508 0
      vertex 21.1055 5.6552 0
    endloop
  endfacet
  facet normal 0 0 -1
    outer loop
      vertex 9.60958 -9.60958 0
      vertex 15.4503 -15.4503 0
      vertex 14.4067 -16.4277 0
    endloop
  endfacet
  facet normal 0 0 -1
    outer loop
      vertex 13.1269 3.51735 0
      vertex 21.1055 5.6552 0
      vertex 13.3257 2.66508 0
    endloop
  endfacet
  facet normal 0 0 -1
    outer loop
      vertex 13.1228 3.53092 0
      vertex 21.1055 5.6552 0
      vertex 13.1269 3.51735 0
    endloop
  endfacet
  facet normal 0 0 -1
    outer loop
      vertex 21.8032 -1.42906 0
      vertex 13.5614 -0.874659 0
      vertex 13.59 0 0
    endloop
  endfacet
  facet normal 0 0 -1
    outer loop
      vertex 21.8032 -1.42906 0
      vertex 13.5609 -0.888829 0
      vertex 13.5614 -0.874659 0
    endloop
  endfacet
  facet normal 0 0 -1
    outer loop
      vertex 21.8032 -1.42906 0
      vertex 13.5595 -0.902938 0
      vertex 13.5609 -0.888829 0
    endloop
  endfacet
  facet normal 0 0 -1
    outer loop
      vertex 21.6631 -2.852 0
      vertex 13.4737 -1.77385 0
      vertex 13.5595 -0.902938 0
    endloop
  endfacet
  facet normal 0 0 -1
    outer loop
      vertex 21.4302 -4.26272 0
      vertex 13.3312 -2.63729 0
      vertex 13.4737 -1.77385 0
    endloop
  endfacet
  facet normal 0 0 -1
    outer loop
      vertex 21.4302 -4.26272 0
      vertex 13.3289 -2.65128 0
      vertex 13.3312 -2.63729 0
    endloop
  endfacet
  facet normal 0 0 -1
    outer loop
      vertex 21.4302 -4.26272 0
      vertex 13.3257 -2.66508 0
      vertex 13.3289 -2.65128 0
    endloop
  endfacet
  facet normal 0 0 -1
    outer loop
      vertex 8.94955 -10.2265 0
      vertex 14.4067 -16.4277 0
      vertex 13.3014 -17.3348 0
    endloop
  endfacet
  facet normal 0 0 -1
    outer loop
      vertex 21.1055 -5.6552 0
      vertex 13.1269 -3.51735 0
      vertex 13.3257 -2.66508 0
    endloop
  endfacet
  facet normal 0 0 -1
    outer loop
      vertex 21.1055 -5.6552 0
      vertex 13.1228 -3.53092 0
      vertex 13.1269 -3.51735 0
    endloop
  endfacet
  facet normal 0 0 -1
    outer loop
      vertex 20.6904 -7.02345 0
      vertex 12.8688 -4.36836 0
      vertex 13.1228 -3.53092 0
    endloop
  endfacet
  facet normal 0 0 -1
    outer loop
      vertex 20.1868 -8.36163 0
      vertex 12.5605 -5.1874 0
      vertex 12.8688 -4.36836 0
    endloop
  endfacet
  facet normal 0 0 -1
    outer loop
      vertex 20.1868 -8.36163 0
      vertex 12.5555 -5.20067 0
      vertex 12.5605 -5.1874 0
    endloop
  endfacet
  facet normal 0 0 -1
    outer loop
      vertex 20.1868 -8.36163 0
      vertex 12.5497 -5.21358 0
      vertex 12.5555 -5.20067 0
    endloop
  endfacet
  facet normal 0 0 -1
    outer loop
      vertex 19.5967 -9.66401 0
      vertex 12.1885 -6.0107 0
      vertex 12.5497 -5.21358 0
    endloop
  endfacet
  facet normal 0 0 -1
    outer loop
      vertex 8.27307 -10.7817 0
      vertex 13.3014 -17.3348 0
      vertex 12.1392 -18.1676 0
    endloop
  endfacet
  facet normal 0 0 -1
    outer loop
      vertex 18.9227 -10.925 0
      vertex 11.776 -6.7825 0
      vertex 12.1885 -6.0107 0
    endloop
  endfacet
  facet normal 0 0 -1
    outer loop
      vertex 18.9227 -10.925 0
      vertex 11.7693 -6.795 0
      vertex 11.776 -6.7825 0
    endloop
  endfacet
  facet normal 0 0 -1
    outer loop
      vertex 18.1676 -12.1392 0
      vertex 11.3072 -7.53816 0
      vertex 11.7693 -6.795 0
    endloop
  endfacet
  facet normal 0 0 -1
    outer loop
      vertex 18.1676 -12.1392 0
      vertex 11.2997 -7.5502 0
      vertex 11.3072 -7.53816 0
    endloop
  endfacet
  facet normal 0 0 -1
    outer loop
      vertex 18.1676 -12.1392 0
      vertex 11.2914 -7.56172 0
      vertex 11.2997 -7.5502 0
    endloop
  endfacet
  facet normal 0 0 -1
    outer loop
      vertex 7.53816 -11.3072 0
      vertex 12.1392 -18.1676 0
      vertex 10.925 -18.9227 0
    endloop
  endfacet
  facet normal 0 0 -1
    outer loop
      vertex 17.3348 -13.3014 0
      vertex 10.7817 -8.27307 0
      vertex 11.2914 -7.56172 0
    endloop
  endfacet
  facet normal 0 0 -1
    outer loop
      vertex 16.4277 -14.4067 0
      vertex 10.2265 -8.94955 0
      vertex 10.7817 -8.27307 0
    endloop
  endfacet
  facet normal 0 0 -1
    outer loop
      vertex 16.4277 -14.4067 0
      vertex 10.2175 -8.96051 0
      vertex 10.2265 -8.94955 0
    endloop
  endfacet
  facet normal 0 0 -1
    outer loop
      vertex 16.4277 -14.4067 0
      vertex 10.2078 -8.97086 0
      vertex 10.2175 -8.96051 0
    endloop
  endfacet
  facet normal 0 0 -1
    outer loop
      vertex 6.7825 -11.776 0
      vertex 10.925 -18.9227 0
      vertex 9.66401 -19.5967 0
    endloop
  endfacet
  facet normal 0 0 -1
    outer loop
      vertex 15.4503 -15.4503 0
      vertex 9.60958 -9.60958 0
      vertex 10.2078 -8.97086 0
    endloop
  endfacet
  facet normal 0 0 -1
    outer loop
      vertex 14.4067 -16.4277 0
      vertex 8.97086 -10.2078 0
      vertex 9.60958 -9.60958 0
    endloop
  endfacet
  facet normal 0 0 -1
    outer loop
      vertex 14.4067 -16.4277 0
      vertex 8.96051 -10.2175 0
      vertex 8.97086 -10.2078 0
    endloop
  endfacet
  facet normal 0 0 -1
    outer loop
      vertex 14.4067 -16.4277 0
      vertex 8.94955 -10.2265 0
      vertex 8.96051 -10.2175 0
    endloop
  endfacet
  facet normal 0 0 -1
    outer loop
      vertex 6.0107 -12.1885 0
      vertex 9.66401 -19.5967 0
      vertex 8.36163 -20.1868 0
    endloop
  endfacet
  facet normal 0 0 -1
    outer loop
      vertex 13.3014 -17.3348 0
      vertex 8.27307 -10.7817 0
      vertex 8.94955 -10.2265 0
    endloop
  endfacet
  facet normal 0 0 -1
    outer loop
      vertex 12.1392 -18.1676 0
      vertex 7.56172 -11.2914 0
      vertex 8.27307 -10.7817 0
    endloop
  endfacet
  facet normal 0 0 -1
    outer loop
      vertex 12.1392 -18.1676 0
      vertex 7.5502 -11.2997 0
      vertex 7.56172 -11.2914 0
    endloop
  endfacet
  facet normal 0 0 -1
    outer loop
      vertex 12.1392 -18.1676 0
      vertex 7.53816 -11.3072 0
      vertex 7.5502 -11.2997 0
    endloop
  endfacet
  facet normal 0 0 -1
    outer loop
      vertex 5.1874 -12.5605 0
      vertex 8.36163 -20.1868 0
      vertex 7.02345 -20.6904 0
    endloop
  endfacet
  facet normal 0 0 -1
    outer loop
      vertex 10.925 -18.9227 0
      vertex 6.795 -11.7693 0
      vertex 7.53816 -11.3072 0
    endloop
  endfacet
  facet normal 0 0 -1
    outer loop
      vertex 10.925 -18.9227 0
      vertex 6.7825 -11.776 0
      vertex 6.795 -11.7693 0
    endloop
  endfacet
  facet normal 0 0 -1
    outer loop
      vertex 9.66401 -19.5967 0
      vertex 6.0107 -12.1885 0
      vertex 6.7825 -11.776 0
    endloop
  endfacet
  facet normal 0 0 -1
    outer loop
      vertex 4.36836 -12.8688 0
      vertex 7.02345 -20.6904 0
      vertex 5.6552 -21.1055 0
    endloop
  endfacet
  facet normal 0 0 -1
    outer loop
      vertex 8.36163 -20.1868 0
      vertex 5.21358 -12.5497 0
      vertex 6.0107 -12.1885 0
    endloop
  endfacet
  facet normal 0 0 -1
    outer loop
      vertex 8.36163 -20.1868 0
      vertex 5.20067 -12.5555 0
      vertex 5.21358 -12.5497 0
    endloop
  endfacet
  facet normal 0 0 -1
    outer loop
      vertex 8.36163 -20.1868 0
      vertex 5.1874 -12.5605 0
      vertex 5.20067 -12.5555 0
    endloop
  endfacet
  facet normal 0 0 -1
    outer loop
      vertex 7.02345 -20.6904 0
      vertex 4.36836 -12.8688 0
      vertex 5.1874 -12.5605 0
    endloop
  endfacet
  facet normal 0 0 -1
    outer loop
      vertex 3.51735 -13.1269 0
      vertex 5.6552 -21.1055 0
      vertex 4.26272 -21.4302 0
    endloop
  endfacet
  facet normal 0 0 -1
    outer loop
      vertex 5.6552 -21.1055 0
      vertex 3.53092 -13.1228 0
      vertex 4.36836 -12.8688 0
    endloop
  endfacet
  facet normal 0 0 -1
    outer loop
      vertex 5.6552 -21.1055 0
      vertex 3.51735 -13.1269 0
      vertex 3.53092 -13.1228 0
    endloop
  endfacet
  facet normal 0 0 -1
    outer loop
      vertex 2.63729 -13.3312 0
      vertex 4.26272 -21.4302 0
      vertex 2.852 -21.6631 0
    endloop
  endfacet
  facet normal 0 0 -1
    outer loop
      vertex 4.26272 -21.4302 0
      vertex 2.66508 -13.3257 0
      vertex 3.51735 -13.1269 0
    endloop
  endfacet
  facet normal 0 0 -1
    outer loop
      vertex 4.26272 -21.4302 0
      vertex 2.65128 -13.3289 0
      vertex 2.66508 -13.3257 0
    endloop
  endfacet
  facet normal 0 0 -1
    outer loop
      vertex 4.26272 -21.4302 0
      vertex 2.63729 -13.3312 0
      vertex 2.65128 -13.3289 0
    endloop
  endfacet
  facet normal 0 0 -1
    outer loop
      vertex 2.852 -21.6631 0
      vertex 1.77385 -13.4737 0
      vertex 2.63729 -13.3312 0
    endloop
  endfacet
  facet normal 0 0 -1
    outer loop
      vertex 1.42906 -21.8032 0
      vertex 1.77385 -13.4737 0
      vertex 2.852 -21.6631 0
    endloop
  endfacet
  facet normal 0 0 -1
    outer loop
      vertex 1.42906 -21.8032 0
      vertex 0.902938 -13.5595 0
      vertex 1.77385 -13.4737 0
    endloop
  endfacet
  facet normal 0 0 -1
    outer loop
      vertex 1.42906 -21.8032 0
      vertex 0.888829 -13.5609 0
      vertex 0.902938 -13.5595 0
    endloop
  endfacet
  facet normal 0 0 -1
    outer loop
      vertex 1.42906 -21.8032 0
      vertex 0.874659 -13.5614 0
      vertex 0.888829 -13.5609 0
    endloop
  endfacet
  facet normal 0 0 -1
    outer loop
      vertex 0 -21.85 0
      vertex 0.874659 -13.5614 0
      vertex 1.42906 -21.8032 0
    endloop
  endfacet
  facet normal 0 0 -1
    outer loop
      vertex 0 -21.85 0
      vertex 0 -13.59 0
      vertex 0.874659 -13.5614 0
    endloop
  endfacet
  facet normal 0 0 -1
    outer loop
      vertex 0 -21.85 0
      vertex -0.874659 -13.5614 0
      vertex 0 -13.59 0
    endloop
  endfacet
  facet normal 0 0 -1
    outer loop
      vertex -1.42906 -21.8032 0
      vertex -0.874659 -13.5614 0
      vertex 0 -21.85 0
    endloop
  endfacet
  facet normal -0 0 -1
    outer loop
      vertex -0.874659 -13.5614 0
      vertex -1.42906 -21.8032 0
      vertex -0.888829 -13.5609 0
    endloop
  endfacet
  facet normal -0 0 -1
    outer loop
      vertex -0.888829 -13.5609 0
      vertex -1.42906 -21.8032 0
      vertex -0.902938 -13.5595 0
    endloop
  endfacet
  facet normal 0 0 -1
    outer loop
      vertex -1.42906 -21.8032 0
      vertex -1.77385 -13.4737 0
      vertex -0.902938 -13.5595 0
    endloop
  endfacet
  facet normal 0 0 -1
    outer loop
      vertex -2.852 -21.6631 0
      vertex -1.77385 -13.4737 0
      vertex -1.42906 -21.8032 0
    endloop
  endfacet
  facet normal -0 0 -1
    outer loop
      vertex -1.77385 -13.4737 0
      vertex -2.852 -21.6631 0
      vertex -2.63729 -13.3312 0
    endloop
  endfacet
  facet normal 0 0 -1
    outer loop
      vertex -4.26272 -21.4302 0
      vertex -2.63729 -13.3312 0
      vertex -2.852 -21.6631 0
    endloop
  endfacet
  facet normal -0 0 -1
    outer loop
      vertex -2.63729 -13.3312 0
      vertex -4.26272 -21.4302 0
      vertex -2.65128 -13.3289 0
    endloop
  endfacet
  facet normal -0 0 -1
    outer loop
      vertex -2.65128 -13.3289 0
      vertex -4.26272 -21.4302 0
      vertex -2.66508 -13.3257 0
    endloop
  endfacet
  facet normal -0 0 -1
    outer loop
      vertex -2.66508 -13.3257 0
      vertex -4.26272 -21.4302 0
      vertex -3.51735 -13.1269 0
    endloop
  endfacet
  facet normal 0 0 -1
    outer loop
      vertex -5.6552 -21.1055 0
      vertex -3.51735 -13.1269 0
      vertex -4.26272 -21.4302 0
    endloop
  endfacet
  facet normal -0 0 -1
    outer loop
      vertex -3.51735 -13.1269 0
      vertex -5.6552 -21.1055 0
      vertex -3.53092 -13.1228 0
    endloop
  endfacet
  facet normal -0 0 -1
    outer loop
      vertex -3.53092 -13.1228 0
      vertex -5.6552 -21.1055 0
      vertex -4.36836 -12.8688 0
    endloop
  endfacet
  facet normal 0 0 -1
    outer loop
      vertex -7.02345 -20.6904 0
      vertex -4.36836 -12.8688 0
      vertex -5.6552 -21.1055 0
    endloop
  endfacet
  facet normal -0 0 -1
    outer loop
      vertex -4.36836 -12.8688 0
      vertex -7.02345 -20.6904 0
      vertex -5.1874 -12.5605 0
    endloop
  endfacet
  facet normal 0 0 -1
    outer loop
      vertex -8.36163 -20.1868 0
      vertex -5.1874 -12.5605 0
      vertex -7.02345 -20.6904 0
    endloop
  endfacet
  facet normal -0 0 -1
    outer loop
      vertex -5.1874 -12.5605 0
      vertex -8.36163 -20.1868 0
      vertex -5.20067 -12.5555 0
    endloop
  endfacet
  facet normal -0 0 -1
    outer loop
      vertex -5.20067 -12.5555 0
      vertex -8.36163 -20.1868 0
      vertex -5.21358 -12.5497 0
    endloop
  endfacet
  facet normal -0 0 -1
    outer loop
      vertex -5.21358 -12.5497 0
      vertex -8.36163 -20.1868 0
      vertex -6.0107 -12.1885 0
    endloop
  endfacet
  facet normal 0 0 -1
    outer loop
      vertex -9.66401 -19.5967 0
      vertex -6.0107 -12.1885 0
      vertex -8.36163 -20.1868 0
    endloop
  endfacet
  facet normal -0 0 -1
    outer loop
      vertex -6.0107 -12.1885 0
      vertex -9.66401 -19.5967 0
      vertex -6.7825 -11.776 0
    endloop
  endfacet
  facet normal 0 0 -1
    outer loop
      vertex -10.925 -18.9227 0
      vertex -6.7825 -11.776 0
      vertex -9.66401 -19.5967 0
    endloop
  endfacet
  facet normal -0 0 -1
    outer loop
      vertex -6.7825 -11.776 0
      vertex -10.925 -18.9227 0
      vertex -6.795 -11.7693 0
    endloop
  endfacet
  facet normal -0 0 -1
    outer loop
      vertex -6.795 -11.7693 0
      vertex -10.925 -18.9227 0
      vertex -7.53816 -11.3072 0
    endloop
  endfacet
  facet normal 0 0 -1
    outer loop
      vertex -12.1392 -18.1676 0
      vertex -7.53816 -11.3072 0
      vertex -10.925 -18.9227 0
    endloop
  endfacet
  facet normal -0 0 -1
    outer loop
      vertex -7.53816 -11.3072 0
      vertex -12.1392 -18.1676 0
      vertex -7.5502 -11.2997 0
    endloop
  endfacet
  facet normal -0 0 -1
    outer loop
      vertex -7.5502 -11.2997 0
      vertex -12.1392 -18.1676 0
      vertex -7.56172 -11.2914 0
    endloop
  endfacet
  facet normal -0 0 -1
    outer loop
      vertex -7.56172 -11.2914 0
      vertex -12.1392 -18.1676 0
      vertex -8.27307 -10.7817 0
    endloop
  endfacet
  facet normal 0 0 -1
    outer loop
      vertex -13.3014 -17.3348 0
      vertex -8.27307 -10.7817 0
      vertex -12.1392 -18.1676 0
    endloop
  endfacet
  facet normal -0 0 -1
    outer loop
      vertex -8.27307 -10.7817 0
      vertex -13.3014 -17.3348 0
      vertex -8.94955 -10.2265 0
    endloop
  endfacet
  facet normal 0 0 -1
    outer loop
      vertex -14.4067 -16.4277 0
      vertex -8.94955 -10.2265 0
      vertex -13.3014 -17.3348 0
    endloop
  endfacet
  facet normal -0 0 -1
    outer loop
      vertex -8.94955 -10.2265 0
      vertex -14.4067 -16.4277 0
      vertex -8.96051 -10.2175 0
    endloop
  endfacet
  facet normal -0 0 -1
    outer loop
      vertex -8.96051 -10.2175 0
      vertex -14.4067 -16.4277 0
      vertex -8.97086 -10.2078 0
    endloop
  endfacet
  facet normal -0 0 -1
    outer loop
      vertex -8.97086 -10.2078 0
      vertex -14.4067 -16.4277 0
      vertex -9.60958 -9.60958 0
    endloop
  endfacet
  facet normal 0 0 -1
    outer loop
      vertex -15.4503 -15.4503 0
      vertex -9.60958 -9.60958 0
      vertex -14.4067 -16.4277 0
    endloop
  endfacet
  facet normal -0 0 -1
    outer loop
      vertex -9.60958 -9.60958 0
      vertex -15.4503 -15.4503 0
      vertex -10.2078 -8.97086 0
    endloop
  endfacet
  facet normal 0 0 -1
    outer loop
      vertex -16.4277 -14.4067 0
      vertex -10.2078 -8.97086 0
      vertex -15.4503 -15.4503 0
    endloop
  endfacet
  facet normal -0 0 -1
    outer loop
      vertex -10.2078 -8.97086 0
      vertex -16.4277 -14.4067 0
      vertex -10.2175 -8.96051 0
    endloop
  endfacet
  facet normal -0 0 -1
    outer loop
      vertex -10.2175 -8.96051 0
      vertex -16.4277 -14.4067 0
      vertex -10.2265 -8.94955 0
    endloop
  endfacet
  facet normal -0 0 -1
    outer loop
      vertex -10.2265 -8.94955 0
      vertex -16.4277 -14.4067 0
      vertex -10.7817 -8.27307 0
    endloop
  endfacet
  facet normal 0 0 -1
    outer loop
      vertex -17.3348 -13.3014 0
      vertex -10.7817 -8.27307 0
      vertex -16.4277 -14.4067 0
    endloop
  endfacet
  facet normal -0 0 -1
    outer loop
      vertex -10.7817 -8.27307 0
      vertex -17.3348 -13.3014 0
      vertex -11.2914 -7.56172 0
    endloop
  endfacet
  facet normal 0 0 -1
    outer loop
      vertex -18.1676 -12.1392 0
      vertex -11.2914 -7.56172 0
      vertex -17.3348 -13.3014 0
    endloop
  endfacet
  facet normal -0 0 -1
    outer loop
      vertex -11.2914 -7.56172 0
      vertex -18.1676 -12.1392 0
      vertex -11.2997 -7.5502 0
    endloop
  endfacet
  facet normal -0 0 -1
    outer loop
      vertex -11.2997 -7.5502 0
      vertex -18.1676 -12.1392 0
      vertex -11.3072 -7.53816 0
    endloop
  endfacet
  facet normal -0 0 -1
    outer loop
      vertex -11.3072 -7.53816 0
      vertex -18.1676 -12.1392 0
      vertex -11.7693 -6.795 0
    endloop
  endfacet
  facet normal 0 0 -1
    outer loop
      vertex -18.9227 -10.925 0
      vertex -11.7693 -6.795 0
      vertex -18.1676 -12.1392 0
    endloop
  endfacet
  facet normal -0 0 -1
    outer loop
      vertex -11.7693 -6.795 0
      vertex -18.9227 -10.925 0
      vertex -11.776 -6.7825 0
    endloop
  endfacet
  facet normal -0 0 -1
    outer loop
      vertex -11.776 -6.7825 0
      vertex -18.9227 -10.925 0
      vertex -12.1885 -6.0107 0
    endloop
  endfacet
  facet normal 0 0 -1
    outer loop
      vertex -19.5967 -9.66401 0
      vertex -12.1885 -6.0107 0
      vertex -18.9227 -10.925 0
    endloop
  endfacet
  facet normal -0 0 -1
    outer loop
      vertex -12.1885 -6.0107 0
      vertex -19.5967 -9.66401 0
      vertex -12.5497 -5.21358 0
    endloop
  endfacet
  facet normal 0 0 -1
    outer loop
      vertex -20.1868 -8.36163 0
      vertex -12.5497 -5.21358 0
      vertex -19.5967 -9.66401 0
    endloop
  endfacet
  facet normal -0 0 -1
    outer loop
      vertex -12.5497 -5.21358 0
      vertex -20.1868 -8.36163 0
      vertex -12.5555 -5.20067 0
    endloop
  endfacet
  facet normal -0 0 -1
    outer loop
      vertex -12.5555 -5.20067 0
      vertex -20.1868 -8.36163 0
      vertex -12.5605 -5.1874 0
    endloop
  endfacet
  facet normal -0 0 -1
    outer loop
      vertex -12.5605 -5.1874 0
      vertex -20.1868 -8.36163 0
      vertex -12.8688 -4.36836 0
    endloop
  endfacet
  facet normal 0 0 -1
    outer loop
      vertex -20.6904 -7.02345 0
      vertex -12.8688 -4.36836 0
      vertex -20.1868 -8.36163 0
    endloop
  endfacet
  facet normal -0 0 -1
    outer loop
      vertex -12.8688 -4.36836 0
      vertex -20.6904 -7.02345 0
      vertex -13.1228 -3.53092 0
    endloop
  endfacet
  facet normal 0 0 -1
    outer loop
      vertex -21.1055 -5.6552 0
      vertex -13.1228 -3.53092 0
      vertex -20.6904 -7.02345 0
    endloop
  endfacet
  facet normal -0 0 -1
    outer loop
      vertex 21.1055 5.6552 0
      vertex 13.1228 3.53092 0
      vertex 20.6904 7.02345 0
    endloop
  endfacet
  facet normal 0 0 -1
    outer loop
      vertex 12.8688 4.36836 0
      vertex 20.6904 7.02345 0
      vertex 13.1228 3.53092 0
    endloop
  endfacet
  facet normal -0 0 -1
    outer loop
      vertex 20.6904 7.02345 0
      vertex 12.8688 4.36836 0
      vertex 20.1868 8.36163 0
    endloop
  endfacet
  facet normal 0 0 -1
    outer loop
      vertex 12.5605 5.1874 0
      vertex 20.1868 8.36163 0
      vertex 12.8688 4.36836 0
    endloop
  endfacet
  facet normal 0 0 -1
    outer loop
      vertex 12.5555 5.20067 0
      vertex 20.1868 8.36163 0
      vertex 12.5605 5.1874 0
    endloop
  endfacet
  facet normal 0 0 -1
    outer loop
      vertex 12.5497 5.21358 0
      vertex 20.1868 8.36163 0
      vertex 12.5555 5.20067 0
    endloop
  endfacet
  facet normal -0 0 -1
    outer loop
      vertex 20.1868 8.36163 0
      vertex 12.5497 5.21358 0
      vertex 19.5967 9.66401 0
    endloop
  endfacet
  facet normal 0 0 -1
    outer loop
      vertex 12.1885 6.0107 0
      vertex 19.5967 9.66401 0
      vertex 12.5497 5.21358 0
    endloop
  endfacet
  facet normal -0 0 -1
    outer loop
      vertex 19.5967 9.66401 0
      vertex 12.1885 6.0107 0
      vertex 18.9227 10.925 0
    endloop
  endfacet
  facet normal 0 0 -1
    outer loop
      vertex 11.776 6.7825 0
      vertex 18.9227 10.925 0
      vertex 12.1885 6.0107 0
    endloop
  endfacet
  facet normal 0 0 -1
    outer loop
      vertex 11.7693 6.795 0
      vertex 18.9227 10.925 0
      vertex 11.776 6.7825 0
    endloop
  endfacet
  facet normal -0 0 -1
    outer loop
      vertex 18.9227 10.925 0
      vertex 11.7693 6.795 0
      vertex 18.1676 12.1392 0
    endloop
  endfacet
  facet normal 0 0 -1
    outer loop
      vertex 11.3072 7.53816 0
      vertex 18.1676 12.1392 0
      vertex 11.7693 6.795 0
    endloop
  endfacet
  facet normal 0 0 -1
    outer loop
      vertex 11.2997 7.5502 0
      vertex 18.1676 12.1392 0
      vertex 11.3072 7.53816 0
    endloop
  endfacet
  facet normal 0 0 -1
    outer loop
      vertex 11.2914 7.56172 0
      vertex 18.1676 12.1392 0
      vertex 11.2997 7.5502 0
    endloop
  endfacet
  facet normal -0 0 -1
    outer loop
      vertex 18.1676 12.1392 0
      vertex 11.2914 7.56172 0
      vertex 17.3348 13.3014 0
    endloop
  endfacet
  facet normal 0 0 -1
    outer loop
      vertex 10.7817 8.27307 0
      vertex 17.3348 13.3014 0
      vertex 11.2914 7.56172 0
    endloop
  endfacet
  facet normal -0 0 -1
    outer loop
      vertex 17.3348 13.3014 0
      vertex 10.7817 8.27307 0
      vertex 16.4277 14.4067 0
    endloop
  endfacet
  facet normal 0 0 -1
    outer loop
      vertex 10.2265 8.94955 0
      vertex 16.4277 14.4067 0
      vertex 10.7817 8.27307 0
    endloop
  endfacet
  facet normal 0 0 -1
    outer loop
      vertex 10.2175 8.96051 0
      vertex 16.4277 14.4067 0
      vertex 10.2265 8.94955 0
    endloop
  endfacet
  facet normal 0 0 -1
    outer loop
      vertex 10.2078 8.97086 0
      vertex 16.4277 14.4067 0
      vertex 10.2175 8.96051 0
    endloop
  endfacet
  facet normal -0 0 -1
    outer loop
      vertex 16.4277 14.4067 0
      vertex 10.2078 8.97086 0
      vertex 15.4503 15.4503 0
    endloop
  endfacet
  facet normal 0 0 -1
    outer loop
      vertex 9.60958 9.60958 0
      vertex 15.4503 15.4503 0
      vertex 10.2078 8.97086 0
    endloop
  endfacet
  facet normal -0 0 -1
    outer loop
      vertex 15.4503 15.4503 0
      vertex 9.60958 9.60958 0
      vertex 14.4067 16.4277 0
    endloop
  endfacet
  facet normal 0 0 -1
    outer loop
      vertex 8.97086 10.2078 0
      vertex 14.4067 16.4277 0
      vertex 9.60958 9.60958 0
    endloop
  endfacet
  facet normal 0 0 -1
    outer loop
      vertex 8.96051 10.2175 0
      vertex 14.4067 16.4277 0
      vertex 8.97086 10.2078 0
    endloop
  endfacet
  facet normal 0 0 -1
    outer loop
      vertex 8.94955 10.2265 0
      vertex 14.4067 16.4277 0
      vertex 8.96051 10.2175 0
    endloop
  endfacet
  facet normal -0 0 -1
    outer loop
      vertex 14.4067 16.4277 0
      vertex 8.94955 10.2265 0
      vertex 13.3014 17.3348 0
    endloop
  endfacet
  facet normal 0 0 -1
    outer loop
      vertex 8.27307 10.7817 0
      vertex 13.3014 17.3348 0
      vertex 8.94955 10.2265 0
    endloop
  endfacet
  facet normal -0 0 -1
    outer loop
      vertex 13.3014 17.3348 0
      vertex 8.27307 10.7817 0
      vertex 12.1392 18.1676 0
    endloop
  endfacet
  facet normal 0 0 -1
    outer loop
      vertex 7.56172 11.2914 0
      vertex 12.1392 18.1676 0
      vertex 8.27307 10.7817 0
    endloop
  endfacet
  facet normal 0 0 -1
    outer loop
      vertex 7.5502 11.2997 0
      vertex 12.1392 18.1676 0
      vertex 7.56172 11.2914 0
    endloop
  endfacet
  facet normal 0 0 -1
    outer loop
      vertex 7.53816 11.3072 0
      vertex 12.1392 18.1676 0
      vertex 7.5502 11.2997 0
    endloop
  endfacet
  facet normal -0 0 -1
    outer loop
      vertex 12.1392 18.1676 0
      vertex 7.53816 11.3072 0
      vertex 10.925 18.9227 0
    endloop
  endfacet
  facet normal 0 0 -1
    outer loop
      vertex 6.795 11.7693 0
      vertex 10.925 18.9227 0
      vertex 7.53816 11.3072 0
    endloop
  endfacet
  facet normal 0 0 -1
    outer loop
      vertex 6.7825 11.776 0
      vertex 10.925 18.9227 0
      vertex 6.795 11.7693 0
    endloop
  endfacet
  facet normal -0 0 -1
    outer loop
      vertex 10.925 18.9227 0
      vertex 6.7825 11.776 0
      vertex 9.66401 19.5967 0
    endloop
  endfacet
  facet normal 0 0 -1
    outer loop
      vertex 6.0107 12.1885 0
      vertex 9.66401 19.5967 0
      vertex 6.7825 11.776 0
    endloop
  endfacet
  facet normal -0 0 -1
    outer loop
      vertex 9.66401 19.5967 0
      vertex 6.0107 12.1885 0
      vertex 8.36163 20.1868 0
    endloop
  endfacet
  facet normal 0 0 -1
    outer loop
      vertex 5.21358 12.5497 0
      vertex 8.36163 20.1868 0
      vertex 6.0107 12.1885 0
    endloop
  endfacet
  facet normal 0 0 -1
    outer loop
      vertex 5.20067 12.5555 0
      vertex 8.36163 20.1868 0
      vertex 5.21358 12.5497 0
    endloop
  endfacet
  facet normal 0 0 -1
    outer loop
      vertex 5.1874 12.5605 0
      vertex 8.36163 20.1868 0
      vertex 5.20067 12.5555 0
    endloop
  endfacet
  facet normal -0 0 -1
    outer loop
      vertex 8.36163 20.1868 0
      vertex 5.1874 12.5605 0
      vertex 7.02345 20.6904 0
    endloop
  endfacet
  facet normal 0 0 -1
    outer loop
      vertex 4.36836 12.8688 0
      vertex 7.02345 20.6904 0
      vertex 5.1874 12.5605 0
    endloop
  endfacet
  facet normal -0 0 -1
    outer loop
      vertex 7.02345 20.6904 0
      vertex 4.36836 12.8688 0
      vertex 5.6552 21.1055 0
    endloop
  endfacet
  facet normal 0 0 -1
    outer loop
      vertex 3.53092 13.1228 0
      vertex 5.6552 21.1055 0
      vertex 4.36836 12.8688 0
    endloop
  endfacet
  facet normal 0 0 -1
    outer loop
      vertex 3.51735 13.1269 0
      vertex 5.6552 21.1055 0
      vertex 3.53092 13.1228 0
    endloop
  endfacet
  facet normal -0 0 -1
    outer loop
      vertex 5.6552 21.1055 0
      vertex 3.51735 13.1269 0
      vertex 4.26272 21.4302 0
    endloop
  endfacet
  facet normal 0 0 -1
    outer loop
      vertex 2.66508 13.3257 0
      vertex 4.26272 21.4302 0
      vertex 3.51735 13.1269 0
    endloop
  endfacet
  facet normal 0 0 -1
    outer loop
      vertex 2.65128 13.3289 0
      vertex 4.26272 21.4302 0
      vertex 2.66508 13.3257 0
    endloop
  endfacet
  facet normal 0 0 -1
    outer loop
      vertex 2.63729 13.3312 0
      vertex 4.26272 21.4302 0
      vertex 2.65128 13.3289 0
    endloop
  endfacet
  facet normal -0 0 -1
    outer loop
      vertex 4.26272 21.4302 0
      vertex 2.63729 13.3312 0
      vertex 2.852 21.6631 0
    endloop
  endfacet
  facet normal 0 0 -1
    outer loop
      vertex 1.77385 13.4737 0
      vertex 2.852 21.6631 0
      vertex 2.63729 13.3312 0
    endloop
  endfacet
  facet normal 0 0 -1
    outer loop
      vertex 1.77385 13.4737 0
      vertex 1.42906 21.8032 0
      vertex 2.852 21.6631 0
    endloop
  endfacet
  facet normal 0 0 -1
    outer loop
      vertex 0.902938 13.5595 0
      vertex 1.42906 21.8032 0
      vertex 1.77385 13.4737 0
    endloop
  endfacet
  facet normal 0 0 -1
    outer loop
      vertex 0.888829 13.5609 0
      vertex 1.42906 21.8032 0
      vertex 0.902938 13.5595 0
    endloop
  endfacet
  facet normal 0 0 -1
    outer loop
      vertex 0.874659 13.5614 0
      vertex 1.42906 21.8032 0
      vertex 0.888829 13.5609 0
    endloop
  endfacet
  facet normal 0 0 -1
    outer loop
      vertex 0 13.59 0
      vertex 1.42906 21.8032 0
      vertex 0.874659 13.5614 0
    endloop
  endfacet
  facet normal 0 0 -1
    outer loop
      vertex 0 13.59 0
      vertex 0 21.85 0
      vertex 1.42906 21.8032 0
    endloop
  endfacet
  facet normal 0 0 -1
    outer loop
      vertex -0.874659 13.5614 0
      vertex 0 21.85 0
      vertex 0 13.59 0
    endloop
  endfacet
  facet normal 0 0 -1
    outer loop
      vertex -1.42906 21.8032 0
      vertex -0.874659 13.5614 0
      vertex -0.888829 13.5609 0
    endloop
  endfacet
  facet normal 0 0 -1
    outer loop
      vertex -1.42906 21.8032 0
      vertex -0.888829 13.5609 0
      vertex -0.902938 13.5595 0
    endloop
  endfacet
  facet normal 0 0 -1
    outer loop
      vertex -0.874659 13.5614 0
      vertex -1.42906 21.8032 0
      vertex 0 21.85 0
    endloop
  endfacet
  facet normal 0 0 -1
    outer loop
      vertex -1.77385 13.4737 0
      vertex -1.42906 21.8032 0
      vertex -0.902938 13.5595 0
    endloop
  endfacet
  facet normal 0 0 -1
    outer loop
      vertex -2.852 21.6631 0
      vertex -1.77385 13.4737 0
      vertex -2.63729 13.3312 0
    endloop
  endfacet
  facet normal 0 0 -1
    outer loop
      vertex -4.26272 21.4302 0
      vertex -2.63729 13.3312 0
      vertex -2.65128 13.3289 0
    endloop
  endfacet
  facet normal 0 0 -1
    outer loop
      vertex -4.26272 21.4302 0
      vertex -2.65128 13.3289 0
      vertex -2.66508 13.3257 0
    endloop
  endfacet
  facet normal 0 0 -1
    outer loop
      vertex -1.77385 13.4737 0
      vertex -2.852 21.6631 0
      vertex -1.42906 21.8032 0
    endloop
  endfacet
  facet normal 0 0 -1
    outer loop
      vertex -4.26272 21.4302 0
      vertex -2.66508 13.3257 0
      vertex -3.51735 13.1269 0
    endloop
  endfacet
  facet normal 0 0 -1
    outer loop
      vertex -5.6552 21.1055 0
      vertex -3.51735 13.1269 0
      vertex -3.53092 13.1228 0
    endloop
  endfacet
  facet normal 0 0 -1
    outer loop
      vertex -2.63729 13.3312 0
      vertex -4.26272 21.4302 0
      vertex -2.852 21.6631 0
    endloop
  endfacet
  facet normal 0 0 -1
    outer loop
      vertex -5.6552 21.1055 0
      vertex -3.53092 13.1228 0
      vertex -4.36836 12.8688 0
    endloop
  endfacet
  facet normal 0 0 -1
    outer loop
      vertex -7.02345 20.6904 0
      vertex -4.36836 12.8688 0
      vertex -5.1874 12.5605 0
    endloop
  endfacet
  facet normal 0 0 -1
    outer loop
      vertex -8.36163 20.1868 0
      vertex -5.1874 12.5605 0
      vertex -5.20067 12.5555 0
    endloop
  endfacet
  facet normal 0 0 -1
    outer loop
      vertex -8.36163 20.1868 0
      vertex -5.20067 12.5555 0
      vertex -5.21358 12.5497 0
    endloop
  endfacet
  facet normal 0 0 -1
    outer loop
      vertex -3.51735 13.1269 0
      vertex -5.6552 21.1055 0
      vertex -4.26272 21.4302 0
    endloop
  endfacet
  facet normal 0 0 -1
    outer loop
      vertex -8.36163 20.1868 0
      vertex -5.21358 12.5497 0
      vertex -6.0107 12.1885 0
    endloop
  endfacet
  facet normal 0 0 -1
    outer loop
      vertex -9.66401 19.5967 0
      vertex -6.0107 12.1885 0
      vertex -6.7825 11.776 0
    endloop
  endfacet
  facet normal 0 0 -1
    outer loop
      vertex -10.925 18.9227 0
      vertex -6.7825 11.776 0
      vertex -6.795 11.7693 0
    endloop
  endfacet
  facet normal 0 0 -1
    outer loop
      vertex -4.36836 12.8688 0
      vertex -7.02345 20.6904 0
      vertex -5.6552 21.1055 0
    endloop
  endfacet
  facet normal 0 0 -1
    outer loop
      vertex -10.925 18.9227 0
      vertex -6.795 11.7693 0
      vertex -7.53816 11.3072 0
    endloop
  endfacet
  facet normal 0 0 -1
    outer loop
      vertex -12.1392 18.1676 0
      vertex -7.53816 11.3072 0
      vertex -7.5502 11.2997 0
    endloop
  endfacet
  facet normal 0 0 -1
    outer loop
      vertex -12.1392 18.1676 0
      vertex -7.5502 11.2997 0
      vertex -7.56172 11.2914 0
    endloop
  endfacet
  facet normal 0 0 -1
    outer loop
      vertex -12.1392 18.1676 0
      vertex -7.56172 11.2914 0
      vertex -8.27307 10.7817 0
    endloop
  endfacet
  facet normal 0 0 -1
    outer loop
      vertex -5.1874 12.5605 0
      vertex -8.36163 20.1868 0
      vertex -7.02345 20.6904 0
    endloop
  endfacet
  facet normal 0 0 -1
    outer loop
      vertex -13.3014 17.3348 0
      vertex -8.27307 10.7817 0
      vertex -8.94955 10.2265 0
    endloop
  endfacet
  facet normal 0 0 -1
    outer loop
      vertex -14.4067 16.4277 0
      vertex -8.94955 10.2265 0
      vertex -8.96051 10.2175 0
    endloop
  endfacet
  facet normal 0 0 -1
    outer loop
      vertex -14.4067 16.4277 0
      vertex -8.96051 10.2175 0
      vertex -8.97086 10.2078 0
    endloop
  endfacet
  facet normal 0 0 -1
    outer loop
      vertex -14.4067 16.4277 0
      vertex -8.97086 10.2078 0
      vertex -9.60958 9.60958 0
    endloop
  endfacet
  facet normal 0 0 -1
    outer loop
      vertex -6.0107 12.1885 0
      vertex -9.66401 19.5967 0
      vertex -8.36163 20.1868 0
    endloop
  endfacet
  facet normal 0 0 -1
    outer loop
      vertex -15.4503 15.4503 0
      vertex -9.60958 9.60958 0
      vertex -10.2078 8.97086 0
    endloop
  endfacet
  facet normal 0 0 -1
    outer loop
      vertex -16.4277 14.4067 0
      vertex -10.2078 8.97086 0
      vertex -10.2175 8.96051 0
    endloop
  endfacet
  facet normal 0 0 -1
    outer loop
      vertex -16.4277 14.4067 0
      vertex -10.2175 8.96051 0
      vertex -10.2265 8.94955 0
    endloop
  endfacet
  facet normal 0 0 -1
    outer loop
      vertex -16.4277 14.4067 0
      vertex -10.2265 8.94955 0
      vertex -10.7817 8.27307 0
    endloop
  endfacet
  facet normal 0 0 -1
    outer loop
      vertex -6.7825 11.776 0
      vertex -10.925 18.9227 0
      vertex -9.66401 19.5967 0
    endloop
  endfacet
  facet normal 0 0 -1
    outer loop
      vertex -17.3348 13.3014 0
      vertex -10.7817 8.27307 0
      vertex -11.2914 7.56172 0
    endloop
  endfacet
  facet normal 0 0 -1
    outer loop
      vertex -18.1676 12.1392 0
      vertex -11.2914 7.56172 0
      vertex -11.2997 7.5502 0
    endloop
  endfacet
  facet normal 0 0 -1
    outer loop
      vertex -18.1676 12.1392 0
      vertex -11.2997 7.5502 0
      vertex -11.3072 7.53816 0
    endloop
  endfacet
  facet normal 0 0 -1
    outer loop
      vertex -18.1676 12.1392 0
      vertex -11.3072 7.53816 0
      vertex -11.7693 6.795 0
    endloop
  endfacet
  facet normal 0 0 -1
    outer loop
      vertex -18.9227 10.925 0
      vertex -11.7693 6.795 0
      vertex -11.776 6.7825 0
    endloop
  endfacet
  facet normal 0 0 -1
    outer loop
      vertex -7.53816 11.3072 0
      vertex -12.1392 18.1676 0
      vertex -10.925 18.9227 0
    endloop
  endfacet
  facet normal 0 0 -1
    outer loop
      vertex -18.9227 10.925 0
      vertex -11.776 6.7825 0
      vertex -12.1885 6.0107 0
    endloop
  endfacet
  facet normal 0 0 -1
    outer loop
      vertex -19.5967 9.66401 0
      vertex -12.1885 6.0107 0
      vertex -12.5497 5.21358 0
    endloop
  endfacet
  facet normal 0 0 -1
    outer loop
      vertex -20.1868 8.36163 0
      vertex -12.5497 5.21358 0
      vertex -12.5555 5.20067 0
    endloop
  endfacet
  facet normal 0 0 -1
    outer loop
      vertex -20.1868 8.36163 0
      vertex -12.5555 5.20067 0
      vertex -12.5605 5.1874 0
    endloop
  endfacet
  facet normal 0 0 -1
    outer loop
      vertex -20.1868 8.36163 0
      vertex -12.5605 5.1874 0
      vertex -12.8688 4.36836 0
    endloop
  endfacet
  facet normal 0 0 -1
    outer loop
      vertex -20.6904 7.02345 0
      vertex -12.8688 4.36836 0
      vertex -13.1228 3.53092 0
    endloop
  endfacet
  facet normal 0 0 -1
    outer loop
      vertex -21.1055 5.6552 0
      vertex -13.1228 3.53092 0
      vertex -13.1269 3.51735 0
    endloop
  endfacet
  facet normal 0 0 -1
    outer loop
      vertex -8.27307 10.7817 0
      vertex -13.3014 17.3348 0
      vertex -12.1392 18.1676 0
    endloop
  endfacet
  facet normal 0 0 -1
    outer loop
      vertex -21.1055 5.6552 0
      vertex -13.1269 3.51735 0
      vertex -13.3257 2.66508 0
    endloop
  endfacet
  facet normal 0 0 -1
    outer loop
      vertex -21.4302 4.26272 0
      vertex -13.3257 2.66508 0
      vertex -13.3289 2.65128 0
    endloop
  endfacet
  facet normal 0 0 -1
    outer loop
      vertex -21.4302 4.26272 0
      vertex -13.3289 2.65128 0
      vertex -13.3312 2.63729 0
    endloop
  endfacet
  facet normal 0 0 -1
    outer loop
      vertex -21.4302 4.26272 0
      vertex -13.3312 2.63729 0
      vertex -13.4737 1.77385 0
    endloop
  endfacet
  facet normal 0 0 -1
    outer loop
      vertex -21.6631 2.852 0
      vertex -13.4737 1.77385 0
      vertex -13.5595 0.902938 0
    endloop
  endfacet
  facet normal 0 0 -1
    outer loop
      vertex -21.8032 1.42906 0
      vertex -13.5595 0.902938 0
      vertex -13.5609 0.888829 0
    endloop
  endfacet
  facet normal 0 0 -1
    outer loop
      vertex -21.8032 1.42906 0
      vertex -13.5609 0.888829 0
      vertex -13.5614 0.874659 0
    endloop
  endfacet
  facet normal 0 0 -1
    outer loop
      vertex -21.8032 1.42906 0
      vertex -13.5614 0.874659 0
      vertex -13.59 0 0
    endloop
  endfacet
  facet normal -0 0 -1
    outer loop
      vertex -13.1228 -3.53092 0
      vertex -21.1055 -5.6552 0
      vertex -13.1269 -3.51735 0
    endloop
  endfacet
  facet normal 0 0 -1
    outer loop
      vertex -8.94955 10.2265 0
      vertex -14.4067 16.4277 0
      vertex -13.3014 17.3348 0
    endloop
  endfacet
  facet normal -0 0 -1
    outer loop
      vertex -13.1269 -3.51735 0
      vertex -21.1055 -5.6552 0
      vertex -13.3257 -2.66508 0
    endloop
  endfacet
  facet normal 0 0 -1
    outer loop
      vertex -9.60958 9.60958 0
      vertex -15.4503 15.4503 0
      vertex -14.4067 16.4277 0
    endloop
  endfacet
  facet normal 0 0 -1
    outer loop
      vertex -21.4302 -4.26272 0
      vertex -13.3257 -2.66508 0
      vertex -21.1055 -5.6552 0
    endloop
  endfacet
  facet normal 0 0 -1
    outer loop
      vertex -10.2078 8.97086 0
      vertex -16.4277 14.4067 0
      vertex -15.4503 15.4503 0
    endloop
  endfacet
  facet normal -0 0 -1
    outer loop
      vertex -13.3257 -2.66508 0
      vertex -21.4302 -4.26272 0
      vertex -13.3289 -2.65128 0
    endloop
  endfacet
  facet normal 0 0 -1
    outer loop
      vertex -10.7817 8.27307 0
      vertex -17.3348 13.3014 0
      vertex -16.4277 14.4067 0
    endloop
  endfacet
  facet normal -0 0 -1
    outer loop
      vertex -13.3289 -2.65128 0
      vertex -21.4302 -4.26272 0
      vertex -13.3312 -2.63729 0
    endloop
  endfacet
  facet normal 0 0 -1
    outer loop
      vertex -11.2914 7.56172 0
      vertex -18.1676 12.1392 0
      vertex -17.3348 13.3014 0
    endloop
  endfacet
  facet normal -0 0 -1
    outer loop
      vertex -13.3312 -2.63729 0
      vertex -21.4302 -4.26272 0
      vertex -13.4737 -1.77385 0
    endloop
  endfacet
  facet normal 0 0 -1
    outer loop
      vertex -11.7693 6.795 0
      vertex -18.9227 10.925 0
      vertex -18.1676 12.1392 0
    endloop
  endfacet
  facet normal 0 0 -1
    outer loop
      vertex -21.6631 -2.852 0
      vertex -13.4737 -1.77385 0
      vertex -21.4302 -4.26272 0
    endloop
  endfacet
  facet normal 0 0 -1
    outer loop
      vertex -12.1885 6.0107 0
      vertex -19.5967 9.66401 0
      vertex -18.9227 10.925 0
    endloop
  endfacet
  facet normal -0 0 -1
    outer loop
      vertex -13.4737 -1.77385 0
      vertex -21.6631 -2.852 0
      vertex -13.5595 -0.902938 0
    endloop
  endfacet
  facet normal 0 0 -1
    outer loop
      vertex -12.5497 5.21358 0
      vertex -20.1868 8.36163 0
      vertex -19.5967 9.66401 0
    endloop
  endfacet
  facet normal 0 0 -1
    outer loop
      vertex -21.8032 -1.42906 0
      vertex -13.5595 -0.902938 0
      vertex -21.6631 -2.852 0
    endloop
  endfacet
  facet normal 0 0 -1
    outer loop
      vertex -12.8688 4.36836 0
      vertex -20.6904 7.02345 0
      vertex -20.1868 8.36163 0
    endloop
  endfacet
  facet normal -0 0 -1
    outer loop
      vertex -13.5595 -0.902938 0
      vertex -21.8032 -1.42906 0
      vertex -13.5609 -0.888829 0
    endloop
  endfacet
  facet normal 0 0 -1
    outer loop
      vertex -13.1228 3.53092 0
      vertex -21.1055 5.6552 0
      vertex -20.6904 7.02345 0
    endloop
  endfacet
  facet normal -0 0 -1
    outer loop
      vertex -13.5609 -0.888829 0
      vertex -21.8032 -1.42906 0
      vertex -13.5614 -0.874659 0
    endloop
  endfacet
  facet normal 0 0 -1
    outer loop
      vertex -13.3257 2.66508 0
      vertex -21.4302 4.26272 0
      vertex -21.1055 5.6552 0
    endloop
  endfacet
  facet normal -0 0 -1
    outer loop
      vertex -13.5614 -0.874659 0
      vertex -21.8032 -1.42906 0
      vertex -13.59 0 0
    endloop
  endfacet
  facet normal 0 0 -1
    outer loop
      vertex -13.4737 1.77385 0
      vertex -21.6631 2.852 0
      vertex -21.4302 4.26272 0
    endloop
  endfacet
  facet normal 0 0 -1
    outer loop
      vertex -21.85 0 0
      vertex -13.59 0 0
      vertex -21.8032 -1.42906 0
    endloop
  endfacet
  facet normal 0 0 -1
    outer loop
      vertex -13.5595 0.902938 0
      vertex -21.8032 1.42906 0
      vertex -21.6631 2.852 0
    endloop
  endfacet
  facet normal 0 0 -1
    outer loop
      vertex -13.59 0 0
      vertex -21.85 0 0
      vertex -21.8032 1.42906 0
    endloop
  endfacet
  facet normal -0.412707 -0.910864 0
    outer loop
      vertex -9.66401 -19.5967 0
      vertex -8.36163 -20.1868 10.5
      vertex -9.66401 -19.5967 10.5
    endloop
  endfacet
  facet normal -0.412707 -0.910864 -0
    outer loop
      vertex -8.36163 -20.1868 10.5
      vertex -9.66401 -19.5967 0
      vertex -8.36163 -20.1868 0
    endloop
  endfacet
  facet normal 0 0 1
    outer loop
      vertex 20.1262 0 10.5
      vertex 21.85 0 10.5
      vertex 21.8032 1.42906 10.5
    endloop
  endfacet
  facet normal 0 0 1
    outer loop
      vertex 20.0815 1.33214 10.5
      vertex 21.8032 1.42906 10.5
      vertex 21.6631 2.852 10.5
    endloop
  endfacet
  facet normal 0 0 1
    outer loop
      vertex 21.85 0 10.5
      vertex 20.1262 0 10.5
      vertex 21.8032 -1.42906 10.5
    endloop
  endfacet
  facet normal 0 0 1
    outer loop
      vertex 19.954 2.62699 10.5
      vertex 21.6631 2.852 10.5
      vertex 21.4302 4.26272 10.5
    endloop
  endfacet
  facet normal -0 0 1
    outer loop
      vertex 20.0836 -1.30042 10.5
      vertex 21.8032 -1.42906 10.5
      vertex 20.1262 0 10.5
    endloop
  endfacet
  facet normal 0 0 1
    outer loop
      vertex 19.7394 3.92642 10.5
      vertex 21.4302 4.26272 10.5
      vertex 21.1055 5.6552 10.5
    endloop
  endfacet
  facet normal -0 0 1
    outer loop
      vertex 20.0831 -1.31631 10.5
      vertex 21.8032 -1.42906 10.5
      vertex 20.0836 -1.30042 10.5
    endloop
  endfacet
  facet normal 0 0 1
    outer loop
      vertex 19.4404 5.20903 10.5
      vertex 21.1055 5.6552 10.5
      vertex 20.6904 7.02345 10.5
    endloop
  endfacet
  facet normal -0 0 1
    outer loop
      vertex 20.0815 -1.33214 10.5
      vertex 21.8032 -1.42906 10.5
      vertex 20.0831 -1.31631 10.5
    endloop
  endfacet
  facet normal 0 0 1
    outer loop
      vertex 19.0525 6.48423 10.5
      vertex 20.6904 7.02345 10.5
      vertex 20.1868 8.36163 10.5
    endloop
  endfacet
  facet normal 0 0 1
    outer loop
      vertex 21.8032 -1.42906 10.5
      vertex 20.0815 -1.33214 10.5
      vertex 21.6631 -2.852 10.5
    endloop
  endfacet
  facet normal -0 0 1
    outer loop
      vertex 19.954 -2.62699 10.5
      vertex 21.6631 -2.852 10.5
      vertex 20.0815 -1.33214 10.5
    endloop
  endfacet
  facet normal 0 0 1
    outer loop
      vertex 21.8032 1.42906 10.5
      vertex 20.0836 1.30042 10.5
      vertex 20.1262 0 10.5
    endloop
  endfacet
  facet normal 0 0 1
    outer loop
      vertex 21.8032 1.42906 10.5
      vertex 20.0831 1.31631 10.5
      vertex 20.0836 1.30042 10.5
    endloop
  endfacet
  facet normal 0 0 1
    outer loop
      vertex 21.8032 1.42906 10.5
      vertex 20.0815 1.33214 10.5
      vertex 20.0831 1.31631 10.5
    endloop
  endfacet
  facet normal 0 0 1
    outer loop
      vertex 21.6631 2.852 10.5
      vertex 19.954 2.62699 10.5
      vertex 20.0815 1.33214 10.5
    endloop
  endfacet
  facet normal 0 0 1
    outer loop
      vertex 21.4302 4.26272 10.5
      vertex 19.742 3.91073 10.5
      vertex 19.954 2.62699 10.5
    endloop
  endfacet
  facet normal 0 0 1
    outer loop
      vertex 21.4302 4.26272 10.5
      vertex 19.7394 3.92642 10.5
      vertex 19.742 3.91073 10.5
    endloop
  endfacet
  facet normal 0 0 1
    outer loop
      vertex 18.5941 7.70195 10.5
      vertex 20.1868 8.36163 10.5
      vertex 19.5967 9.66401 10.5
    endloop
  endfacet
  facet normal 0 0 1
    outer loop
      vertex 21.1055 5.6552 10.5
      vertex 19.444 5.19354 10.5
      vertex 19.7394 3.92642 10.5
    endloop
  endfacet
  facet normal 0 0 1
    outer loop
      vertex 21.1055 5.6552 10.5
      vertex 19.4404 5.20903 10.5
      vertex 19.444 5.19354 10.5
    endloop
  endfacet
  facet normal 0 0 1
    outer loop
      vertex 20.6904 7.02345 10.5
      vertex 19.0627 6.45412 10.5
      vertex 19.4404 5.20903 10.5
    endloop
  endfacet
  facet normal 0 0 1
    outer loop
      vertex 20.6904 7.02345 10.5
      vertex 19.0581 6.46934 10.5
      vertex 19.0627 6.45412 10.5
    endloop
  endfacet
  facet normal 0 0 1
    outer loop
      vertex 20.6904 7.02345 10.5
      vertex 19.0525 6.48423 10.5
      vertex 19.0581 6.46934 10.5
    endloop
  endfacet
  facet normal 0 0 1
    outer loop
      vertex 18.0506 8.90157 10.5
      vertex 19.5967 9.66401 10.5
      vertex 18.9227 10.925 10.5
    endloop
  endfacet
  facet normal 0 0 1
    outer loop
      vertex 20.1868 8.36163 10.5
      vertex 18.5941 7.70195 10.5
      vertex 19.0525 6.48423 10.5
    endloop
  endfacet
  facet normal 0 0 1
    outer loop
      vertex 17.4214 10.0766 10.5
      vertex 18.9227 10.925 10.5
      vertex 18.1676 12.1392 10.5
    endloop
  endfacet
  facet normal 0 0 1
    outer loop
      vertex 19.5967 9.66401 10.5
      vertex 18.0572 8.88709 10.5
      vertex 18.5941 7.70195 10.5
    endloop
  endfacet
  facet normal 0 0 1
    outer loop
      vertex 19.5967 9.66401 10.5
      vertex 18.0506 8.90157 10.5
      vertex 18.0572 8.88709 10.5
    endloop
  endfacet
  facet normal 0 0 1
    outer loop
      vertex 18.9227 10.925 10.5
      vertex 17.4373 10.0491 10.5
      vertex 18.0506 8.90157 10.5
    endloop
  endfacet
  facet normal 0 0 1
    outer loop
      vertex 18.9227 10.925 10.5
      vertex 17.4298 10.0631 10.5
      vertex 17.4373 10.0491 10.5
    endloop
  endfacet
  facet normal 0 0 1
    outer loop
      vertex 18.9227 10.925 10.5
      vertex 17.4214 10.0766 10.5
      vertex 17.4298 10.0631 10.5
    endloop
  endfacet
  facet normal 0 0 1
    outer loop
      vertex 16.7343 11.1815 10.5
      vertex 18.1676 12.1392 10.5
      vertex 17.3348 13.3014 10.5
    endloop
  endfacet
  facet normal 0 0 1
    outer loop
      vertex 18.1676 12.1392 10.5
      vertex 16.7343 11.1815 10.5
      vertex 17.4214 10.0766 10.5
    endloop
  endfacet
  facet normal 0 0 1
    outer loop
      vertex 15.9571 12.2643 10.5
      vertex 17.3348 13.3014 10.5
      vertex 16.4277 14.4067 10.5
    endloop
  endfacet
  facet normal 0 0 1
    outer loop
      vertex 17.3348 13.3014 10.5
      vertex 15.9764 12.2391 10.5
      vertex 16.7343 11.1815 10.5
    endloop
  endfacet
  facet normal 0 0 1
    outer loop
      vertex 17.3348 13.3014 10.5
      vertex 15.9672 12.252 10.5
      vertex 15.9764 12.2391 10.5
    endloop
  endfacet
  facet normal 0 0 1
    outer loop
      vertex 17.3348 13.3014 10.5
      vertex 15.9571 12.2643 10.5
      vertex 15.9672 12.252 10.5
    endloop
  endfacet
  facet normal 0 0 1
    outer loop
      vertex 15.1316 13.2701 10.5
      vertex 16.4277 14.4067 10.5
      vertex 15.4503 15.4503 10.5
    endloop
  endfacet
  facet normal 0 0 1
    outer loop
      vertex 16.4277 14.4067 10.5
      vertex 15.1316 13.2701 10.5
      vertex 15.9571 12.2643 10.5
    endloop
  endfacet
  facet normal 0 0 1
    outer loop
      vertex 14.2197 14.2422 10.5
      vertex 15.4503 15.4503 10.5
      vertex 14.4067 16.4277 10.5
    endloop
  endfacet
  facet normal 0 0 1
    outer loop
      vertex 15.4503 15.4503 10.5
      vertex 14.2422 14.2197 10.5
      vertex 15.1316 13.2701 10.5
    endloop
  endfacet
  facet normal 0 0 1
    outer loop
      vertex 15.4503 15.4503 10.5
      vertex 14.2313 14.2313 10.5
      vertex 14.2422 14.2197 10.5
    endloop
  endfacet
  facet normal 0 0 1
    outer loop
      vertex 15.4503 15.4503 10.5
      vertex 14.2197 14.2422 10.5
      vertex 14.2313 14.2313 10.5
    endloop
  endfacet
  facet normal 0 0 1
    outer loop
      vertex 13.2701 15.1316 10.5
      vertex 14.4067 16.4277 10.5
      vertex 13.3014 17.3348 10.5
    endloop
  endfacet
  facet normal 0 0 1
    outer loop
      vertex 14.4067 16.4277 10.5
      vertex 13.2701 15.1316 10.5
      vertex 14.2197 14.2422 10.5
    endloop
  endfacet
  facet normal 0 0 1
    outer loop
      vertex 13.3014 17.3348 10.5
      vertex 12.2643 15.9571 10.5
      vertex 13.2701 15.1316 10.5
    endloop
  endfacet
  facet normal 0 0 1
    outer loop
      vertex 13.3014 17.3348 10.5
      vertex 12.252 15.9672 10.5
      vertex 12.2643 15.9571 10.5
    endloop
  endfacet
  facet normal 0 0 1
    outer loop
      vertex 13.3014 17.3348 10.5
      vertex 12.2391 15.9764 10.5
      vertex 12.252 15.9672 10.5
    endloop
  endfacet
  facet normal 0 0 1
    outer loop
      vertex 12.1392 18.1676 10.5
      vertex 12.2391 15.9764 10.5
      vertex 13.3014 17.3348 10.5
    endloop
  endfacet
  facet normal 0 0 1
    outer loop
      vertex 12.1392 18.1676 10.5
      vertex 11.1815 16.7343 10.5
      vertex 12.2391 15.9764 10.5
    endloop
  endfacet
  facet normal 0 0 1
    outer loop
      vertex 10.925 18.9227 10.5
      vertex 11.1815 16.7343 10.5
      vertex 12.1392 18.1676 10.5
    endloop
  endfacet
  facet normal 0 0 1
    outer loop
      vertex 10.925 18.9227 10.5
      vertex 10.0766 17.4214 10.5
      vertex 11.1815 16.7343 10.5
    endloop
  endfacet
  facet normal 0 0 1
    outer loop
      vertex 10.925 18.9227 10.5
      vertex 10.0631 17.4298 10.5
      vertex 10.0766 17.4214 10.5
    endloop
  endfacet
  facet normal 0 0 1
    outer loop
      vertex 10.925 18.9227 10.5
      vertex 10.0491 17.4373 10.5
      vertex 10.0631 17.4298 10.5
    endloop
  endfacet
  facet normal 0 0 1
    outer loop
      vertex 9.66401 19.5967 10.5
      vertex 10.0491 17.4373 10.5
      vertex 10.925 18.9227 10.5
    endloop
  endfacet
  facet normal 0 0 1
    outer loop
      vertex 9.66401 19.5967 10.5
      vertex 8.90157 18.0506 10.5
      vertex 10.0491 17.4373 10.5
    endloop
  endfacet
  facet normal 0 0 1
    outer loop
      vertex 9.66401 19.5967 10.5
      vertex 8.88709 18.0572 10.5
      vertex 8.90157 18.0506 10.5
    endloop
  endfacet
  facet normal 0 0 1
    outer loop
      vertex 8.36163 20.1868 10.5
      vertex 8.88709 18.0572 10.5
      vertex 9.66401 19.5967 10.5
    endloop
  endfacet
  facet normal 0 0 1
    outer loop
      vertex 8.36163 20.1868 10.5
      vertex 7.70195 18.5941 10.5
      vertex 8.88709 18.0572 10.5
    endloop
  endfacet
  facet normal 0 0 1
    outer loop
      vertex 7.02345 20.6904 10.5
      vertex 7.70195 18.5941 10.5
      vertex 8.36163 20.1868 10.5
    endloop
  endfacet
  facet normal 0 0 1
    outer loop
      vertex 7.02345 20.6904 10.5
      vertex 6.48423 19.0525 10.5
      vertex 7.70195 18.5941 10.5
    endloop
  endfacet
  facet normal 0 0 1
    outer loop
      vertex 7.02345 20.6904 10.5
      vertex 6.46934 19.0581 10.5
      vertex 6.48423 19.0525 10.5
    endloop
  endfacet
  facet normal 0 0 1
    outer loop
      vertex 7.02345 20.6904 10.5
      vertex 6.45412 19.0627 10.5
      vertex 6.46934 19.0581 10.5
    endloop
  endfacet
  facet normal 0 0 1
    outer loop
      vertex 5.6552 21.1055 10.5
      vertex 6.45412 19.0627 10.5
      vertex 7.02345 20.6904 10.5
    endloop
  endfacet
  facet normal 0 0 1
    outer loop
      vertex 5.6552 21.1055 10.5
      vertex 5.20903 19.4404 10.5
      vertex 6.45412 19.0627 10.5
    endloop
  endfacet
  facet normal 0 0 1
    outer loop
      vertex 5.6552 21.1055 10.5
      vertex 5.19354 19.444 10.5
      vertex 5.20903 19.4404 10.5
    endloop
  endfacet
  facet normal 0 0 1
    outer loop
      vertex 4.26272 21.4302 10.5
      vertex 5.19354 19.444 10.5
      vertex 5.6552 21.1055 10.5
    endloop
  endfacet
  facet normal 0 0 1
    outer loop
      vertex 4.26272 21.4302 10.5
      vertex 3.92642 19.7394 10.5
      vertex 5.19354 19.444 10.5
    endloop
  endfacet
  facet normal 0 0 1
    outer loop
      vertex 4.26272 21.4302 10.5
      vertex 3.91073 19.742 10.5
      vertex 3.92642 19.7394 10.5
    endloop
  endfacet
  facet normal 0 0 1
    outer loop
      vertex 2.852 21.6631 10.5
      vertex 3.91073 19.742 10.5
      vertex 4.26272 21.4302 10.5
    endloop
  endfacet
  facet normal 0 0 1
    outer loop
      vertex 2.852 21.6631 10.5
      vertex 2.62699 19.954 10.5
      vertex 3.91073 19.742 10.5
    endloop
  endfacet
  facet normal 0 0 1
    outer loop
      vertex 1.42906 21.8032 10.5
      vertex 2.62699 19.954 10.5
      vertex 2.852 21.6631 10.5
    endloop
  endfacet
  facet normal 0 0 1
    outer loop
      vertex 1.42906 21.8032 10.5
      vertex 1.33214 20.0815 10.5
      vertex 2.62699 19.954 10.5
    endloop
  endfacet
  facet normal 0 0 1
    outer loop
      vertex 1.42906 21.8032 10.5
      vertex 1.31631 20.0831 10.5
      vertex 1.33214 20.0815 10.5
    endloop
  endfacet
  facet normal 0 0 1
    outer loop
      vertex 1.42906 21.8032 10.5
      vertex 1.30042 20.0836 10.5
      vertex 1.31631 20.0831 10.5
    endloop
  endfacet
  facet normal 0 0 1
    outer loop
      vertex 0 21.85 10.5
      vertex 1.30042 20.0836 10.5
      vertex 1.42906 21.8032 10.5
    endloop
  endfacet
  facet normal 0 0 1
    outer loop
      vertex 0 21.85 10.5
      vertex 0 20.1262 10.5
      vertex 1.30042 20.0836 10.5
    endloop
  endfacet
  facet normal 0 0 1
    outer loop
      vertex 0 21.85 10.5
      vertex -1.30042 20.0836 10.5
      vertex 0 20.1262 10.5
    endloop
  endfacet
  facet normal -0 0 1
    outer loop
      vertex -1.42906 21.8032 10.5
      vertex -1.30042 20.0836 10.5
      vertex 0 21.85 10.5
    endloop
  endfacet
  facet normal 0 0 1
    outer loop
      vertex -1.30042 20.0836 10.5
      vertex -1.42906 21.8032 10.5
      vertex -1.31631 20.0831 10.5
    endloop
  endfacet
  facet normal 0 0 1
    outer loop
      vertex -1.31631 20.0831 10.5
      vertex -1.42906 21.8032 10.5
      vertex -1.33214 20.0815 10.5
    endloop
  endfacet
  facet normal 0 0 1
    outer loop
      vertex -1.42906 21.8032 10.5
      vertex -2.62699 19.954 10.5
      vertex -1.33214 20.0815 10.5
    endloop
  endfacet
  facet normal -0 0 1
    outer loop
      vertex -2.852 21.6631 10.5
      vertex -2.62699 19.954 10.5
      vertex -1.42906 21.8032 10.5
    endloop
  endfacet
  facet normal 0 0 1
    outer loop
      vertex -2.852 21.6631 10.5
      vertex -3.91073 19.742 10.5
      vertex -2.62699 19.954 10.5
    endloop
  endfacet
  facet normal -0 0 1
    outer loop
      vertex -4.26272 21.4302 10.5
      vertex -3.91073 19.742 10.5
      vertex -2.852 21.6631 10.5
    endloop
  endfacet
  facet normal 0 0 1
    outer loop
      vertex -3.91073 19.742 10.5
      vertex -4.26272 21.4302 10.5
      vertex -3.92642 19.7394 10.5
    endloop
  endfacet
  facet normal 0 0 1
    outer loop
      vertex -4.26272 21.4302 10.5
      vertex -5.19354 19.444 10.5
      vertex -3.92642 19.7394 10.5
    endloop
  endfacet
  facet normal -0 0 1
    outer loop
      vertex -5.6552 21.1055 10.5
      vertex -5.19354 19.444 10.5
      vertex -4.26272 21.4302 10.5
    endloop
  endfacet
  facet normal 0 0 1
    outer loop
      vertex -5.19354 19.444 10.5
      vertex -5.6552 21.1055 10.5
      vertex -5.20903 19.4404 10.5
    endloop
  endfacet
  facet normal 0 0 1
    outer loop
      vertex -5.6552 21.1055 10.5
      vertex -6.45412 19.0627 10.5
      vertex -5.20903 19.4404 10.5
    endloop
  endfacet
  facet normal -0 0 1
    outer loop
      vertex -7.02345 20.6904 10.5
      vertex -6.45412 19.0627 10.5
      vertex -5.6552 21.1055 10.5
    endloop
  endfacet
  facet normal 0 0 1
    outer loop
      vertex -6.45412 19.0627 10.5
      vertex -7.02345 20.6904 10.5
      vertex -6.46934 19.0581 10.5
    endloop
  endfacet
  facet normal 0 0 1
    outer loop
      vertex -6.46934 19.0581 10.5
      vertex -7.02345 20.6904 10.5
      vertex -6.48423 19.0525 10.5
    endloop
  endfacet
  facet normal 0 0 1
    outer loop
      vertex -7.02345 20.6904 10.5
      vertex -7.70195 18.5941 10.5
      vertex -6.48423 19.0525 10.5
    endloop
  endfacet
  facet normal -0 0 1
    outer loop
      vertex -8.36163 20.1868 10.5
      vertex -7.70195 18.5941 10.5
      vertex -7.02345 20.6904 10.5
    endloop
  endfacet
  facet normal 0 0 1
    outer loop
      vertex -8.36163 20.1868 10.5
      vertex -8.88709 18.0572 10.5
      vertex -7.70195 18.5941 10.5
    endloop
  endfacet
  facet normal -0 0 1
    outer loop
      vertex -9.66401 19.5967 10.5
      vertex -8.88709 18.0572 10.5
      vertex -8.36163 20.1868 10.5
    endloop
  endfacet
  facet normal 0 0 1
    outer loop
      vertex -8.88709 18.0572 10.5
      vertex -9.66401 19.5967 10.5
      vertex -8.90157 18.0506 10.5
    endloop
  endfacet
  facet normal 0 0 1
    outer loop
      vertex -9.66401 19.5967 10.5
      vertex -10.0491 17.4373 10.5
      vertex -8.90157 18.0506 10.5
    endloop
  endfacet
  facet normal -0 0 1
    outer loop
      vertex -10.925 18.9227 10.5
      vertex -10.0491 17.4373 10.5
      vertex -9.66401 19.5967 10.5
    endloop
  endfacet
  facet normal 0 0 1
    outer loop
      vertex -10.0491 17.4373 10.5
      vertex -10.925 18.9227 10.5
      vertex -10.0631 17.4298 10.5
    endloop
  endfacet
  facet normal 0 0 1
    outer loop
      vertex -10.0631 17.4298 10.5
      vertex -10.925 18.9227 10.5
      vertex -10.0766 17.4214 10.5
    endloop
  endfacet
  facet normal 0 0 1
    outer loop
      vertex -10.925 18.9227 10.5
      vertex -11.1815 16.7343 10.5
      vertex -10.0766 17.4214 10.5
    endloop
  endfacet
  facet normal -0 0 1
    outer loop
      vertex -12.1392 18.1676 10.5
      vertex -11.1815 16.7343 10.5
      vertex -10.925 18.9227 10.5
    endloop
  endfacet
  facet normal 0 0 1
    outer loop
      vertex -12.1392 18.1676 10.5
      vertex -12.2391 15.9764 10.5
      vertex -11.1815 16.7343 10.5
    endloop
  endfacet
  facet normal -0 0 1
    outer loop
      vertex -13.3014 17.3348 10.5
      vertex -12.2391 15.9764 10.5
      vertex -12.1392 18.1676 10.5
    endloop
  endfacet
  facet normal 0 0 1
    outer loop
      vertex -12.2391 15.9764 10.5
      vertex -13.3014 17.3348 10.5
      vertex -12.252 15.9672 10.5
    endloop
  endfacet
  facet normal 0 0 1
    outer loop
      vertex -12.252 15.9672 10.5
      vertex -13.3014 17.3348 10.5
      vertex -12.2643 15.9571 10.5
    endloop
  endfacet
  facet normal 0 0 1
    outer loop
      vertex -12.2643 15.9571 10.5
      vertex -13.3014 17.3348 10.5
      vertex -13.2701 15.1316 10.5
    endloop
  endfacet
  facet normal -0 0 1
    outer loop
      vertex -14.4067 16.4277 10.5
      vertex -13.2701 15.1316 10.5
      vertex -13.3014 17.3348 10.5
    endloop
  endfacet
  facet normal 0 0 1
    outer loop
      vertex -13.2701 15.1316 10.5
      vertex -14.4067 16.4277 10.5
      vertex -14.2197 14.2422 10.5
    endloop
  endfacet
  facet normal -0 0 1
    outer loop
      vertex -15.4503 15.4503 10.5
      vertex -14.2197 14.2422 10.5
      vertex -14.4067 16.4277 10.5
    endloop
  endfacet
  facet normal 0 0 1
    outer loop
      vertex -14.2197 14.2422 10.5
      vertex -15.4503 15.4503 10.5
      vertex -14.2313 14.2313 10.5
    endloop
  endfacet
  facet normal 0 0 1
    outer loop
      vertex -14.2313 14.2313 10.5
      vertex -15.4503 15.4503 10.5
      vertex -14.2422 14.2197 10.5
    endloop
  endfacet
  facet normal 0 0 1
    outer loop
      vertex -14.2422 14.2197 10.5
      vertex -15.4503 15.4503 10.5
      vertex -15.1316 13.2701 10.5
    endloop
  endfacet
  facet normal -0 0 1
    outer loop
      vertex -16.4277 14.4067 10.5
      vertex -15.1316 13.2701 10.5
      vertex -15.4503 15.4503 10.5
    endloop
  endfacet
  facet normal 0 0 1
    outer loop
      vertex -15.1316 13.2701 10.5
      vertex -16.4277 14.4067 10.5
      vertex -15.9571 12.2643 10.5
    endloop
  endfacet
  facet normal -0 0 1
    outer loop
      vertex -17.3348 13.3014 10.5
      vertex -15.9571 12.2643 10.5
      vertex -16.4277 14.4067 10.5
    endloop
  endfacet
  facet normal 0 0 1
    outer loop
      vertex -15.9571 12.2643 10.5
      vertex -17.3348 13.3014 10.5
      vertex -15.9672 12.252 10.5
    endloop
  endfacet
  facet normal 0 0 1
    outer loop
      vertex -15.9672 12.252 10.5
      vertex -17.3348 13.3014 10.5
      vertex -15.9764 12.2391 10.5
    endloop
  endfacet
  facet normal 0 0 1
    outer loop
      vertex -15.9764 12.2391 10.5
      vertex -17.3348 13.3014 10.5
      vertex -16.7343 11.1815 10.5
    endloop
  endfacet
  facet normal -0 0 1
    outer loop
      vertex -18.1676 12.1392 10.5
      vertex -16.7343 11.1815 10.5
      vertex -17.3348 13.3014 10.5
    endloop
  endfacet
  facet normal 0 0 1
    outer loop
      vertex -16.7343 11.1815 10.5
      vertex -18.1676 12.1392 10.5
      vertex -17.4214 10.0766 10.5
    endloop
  endfacet
  facet normal -0 0 1
    outer loop
      vertex -18.9227 10.925 10.5
      vertex -17.4214 10.0766 10.5
      vertex -18.1676 12.1392 10.5
    endloop
  endfacet
  facet normal 0 0 1
    outer loop
      vertex -17.4214 10.0766 10.5
      vertex -18.9227 10.925 10.5
      vertex -17.4298 10.0631 10.5
    endloop
  endfacet
  facet normal 0 0 1
    outer loop
      vertex -17.4298 10.0631 10.5
      vertex -18.9227 10.925 10.5
      vertex -17.4373 10.0491 10.5
    endloop
  endfacet
  facet normal 0 0 1
    outer loop
      vertex -17.4373 10.0491 10.5
      vertex -18.9227 10.925 10.5
      vertex -18.0506 8.90157 10.5
    endloop
  endfacet
  facet normal -0 0 1
    outer loop
      vertex -19.5967 9.66401 10.5
      vertex -18.0506 8.90157 10.5
      vertex -18.9227 10.925 10.5
    endloop
  endfacet
  facet normal 0 0 1
    outer loop
      vertex -18.0506 8.90157 10.5
      vertex -19.5967 9.66401 10.5
      vertex -18.0572 8.88709 10.5
    endloop
  endfacet
  facet normal 0 0 1
    outer loop
      vertex -18.0572 8.88709 10.5
      vertex -19.5967 9.66401 10.5
      vertex -18.5941 7.70195 10.5
    endloop
  endfacet
  facet normal -0 0 1
    outer loop
      vertex -20.1868 8.36163 10.5
      vertex -18.5941 7.70195 10.5
      vertex -19.5967 9.66401 10.5
    endloop
  endfacet
  facet normal 0 0 1
    outer loop
      vertex -18.5941 7.70195 10.5
      vertex -20.1868 8.36163 10.5
      vertex -19.0525 6.48423 10.5
    endloop
  endfacet
  facet normal -0 0 1
    outer loop
      vertex -20.6904 7.02345 10.5
      vertex -19.0525 6.48423 10.5
      vertex -20.1868 8.36163 10.5
    endloop
  endfacet
  facet normal 0 0 1
    outer loop
      vertex -19.0525 6.48423 10.5
      vertex -20.6904 7.02345 10.5
      vertex -19.0581 6.46934 10.5
    endloop
  endfacet
  facet normal 0 0 1
    outer loop
      vertex -19.0581 6.46934 10.5
      vertex -20.6904 7.02345 10.5
      vertex -19.0627 6.45412 10.5
    endloop
  endfacet
  facet normal 0 0 1
    outer loop
      vertex -19.0627 6.45412 10.5
      vertex -20.6904 7.02345 10.5
      vertex -19.4404 5.20903 10.5
    endloop
  endfacet
  facet normal -0 0 1
    outer loop
      vertex -21.1055 5.6552 10.5
      vertex -19.4404 5.20903 10.5
      vertex -20.6904 7.02345 10.5
    endloop
  endfacet
  facet normal 0 0 1
    outer loop
      vertex -19.4404 5.20903 10.5
      vertex -21.1055 5.6552 10.5
      vertex -19.444 5.19354 10.5
    endloop
  endfacet
  facet normal 0 0 1
    outer loop
      vertex -19.444 5.19354 10.5
      vertex -21.1055 5.6552 10.5
      vertex -19.7394 3.92642 10.5
    endloop
  endfacet
  facet normal -0 0 1
    outer loop
      vertex -21.4302 4.26272 10.5
      vertex -19.7394 3.92642 10.5
      vertex -21.1055 5.6552 10.5
    endloop
  endfacet
  facet normal -0 0 1
    outer loop
      vertex -21.6631 2.852 10.5
      vertex -19.954 2.62699 10.5
      vertex -21.4302 4.26272 10.5
    endloop
  endfacet
  facet normal 0 0 1
    outer loop
      vertex -19.742 3.91073 10.5
      vertex -21.4302 4.26272 10.5
      vertex -19.954 2.62699 10.5
    endloop
  endfacet
  facet normal 0 0 1
    outer loop
      vertex -19.7394 3.92642 10.5
      vertex -21.4302 4.26272 10.5
      vertex -19.742 3.91073 10.5
    endloop
  endfacet
  facet normal 0 0 1
    outer loop
      vertex 21.6631 -2.852 10.5
      vertex 19.954 -2.62699 10.5
      vertex 21.4302 -4.26272 10.5
    endloop
  endfacet
  facet normal -0 0 1
    outer loop
      vertex 19.742 -3.91073 10.5
      vertex 21.4302 -4.26272 10.5
      vertex 19.954 -2.62699 10.5
    endloop
  endfacet
  facet normal -0 0 1
    outer loop
      vertex 19.7394 -3.92642 10.5
      vertex 21.4302 -4.26272 10.5
      vertex 19.742 -3.91073 10.5
    endloop
  endfacet
  facet normal 0 0 1
    outer loop
      vertex 21.4302 -4.26272 10.5
      vertex 19.7394 -3.92642 10.5
      vertex 21.1055 -5.6552 10.5
    endloop
  endfacet
  facet normal -0 0 1
    outer loop
      vertex 19.444 -5.19354 10.5
      vertex 21.1055 -5.6552 10.5
      vertex 19.7394 -3.92642 10.5
    endloop
  endfacet
  facet normal -0 0 1
    outer loop
      vertex 19.4404 -5.20903 10.5
      vertex 21.1055 -5.6552 10.5
      vertex 19.444 -5.19354 10.5
    endloop
  endfacet
  facet normal 0 0 1
    outer loop
      vertex 21.1055 -5.6552 10.5
      vertex 19.4404 -5.20903 10.5
      vertex 20.6904 -7.02345 10.5
    endloop
  endfacet
  facet normal -0 0 1
    outer loop
      vertex 19.0627 -6.45412 10.5
      vertex 20.6904 -7.02345 10.5
      vertex 19.4404 -5.20903 10.5
    endloop
  endfacet
  facet normal -0 0 1
    outer loop
      vertex 19.0581 -6.46934 10.5
      vertex 20.6904 -7.02345 10.5
      vertex 19.0627 -6.45412 10.5
    endloop
  endfacet
  facet normal -0 0 1
    outer loop
      vertex 19.0525 -6.48423 10.5
      vertex 20.6904 -7.02345 10.5
      vertex 19.0581 -6.46934 10.5
    endloop
  endfacet
  facet normal 0 0 1
    outer loop
      vertex 20.6904 -7.02345 10.5
      vertex 19.0525 -6.48423 10.5
      vertex 20.1868 -8.36163 10.5
    endloop
  endfacet
  facet normal -0 0 1
    outer loop
      vertex 18.5941 -7.70195 10.5
      vertex 20.1868 -8.36163 10.5
      vertex 19.0525 -6.48423 10.5
    endloop
  endfacet
  facet normal 0 0 1
    outer loop
      vertex 20.1868 -8.36163 10.5
      vertex 18.5941 -7.70195 10.5
      vertex 19.5967 -9.66401 10.5
    endloop
  endfacet
  facet normal -0 0 1
    outer loop
      vertex 18.0572 -8.88709 10.5
      vertex 19.5967 -9.66401 10.5
      vertex 18.5941 -7.70195 10.5
    endloop
  endfacet
  facet normal -0 0 1
    outer loop
      vertex 18.0506 -8.90157 10.5
      vertex 19.5967 -9.66401 10.5
      vertex 18.0572 -8.88709 10.5
    endloop
  endfacet
  facet normal 0 0 1
    outer loop
      vertex 19.5967 -9.66401 10.5
      vertex 18.0506 -8.90157 10.5
      vertex 18.9227 -10.925 10.5
    endloop
  endfacet
  facet normal -0 0 1
    outer loop
      vertex 17.4373 -10.0491 10.5
      vertex 18.9227 -10.925 10.5
      vertex 18.0506 -8.90157 10.5
    endloop
  endfacet
  facet normal -0 0 1
    outer loop
      vertex 17.4298 -10.0631 10.5
      vertex 18.9227 -10.925 10.5
      vertex 17.4373 -10.0491 10.5
    endloop
  endfacet
  facet normal -0 0 1
    outer loop
      vertex 17.4214 -10.0766 10.5
      vertex 18.9227 -10.925 10.5
      vertex 17.4298 -10.0631 10.5
    endloop
  endfacet
  facet normal 0 0 1
    outer loop
      vertex 18.9227 -10.925 10.5
      vertex 17.4214 -10.0766 10.5
      vertex 18.1676 -12.1392 10.5
    endloop
  endfacet
  facet normal -0 0 1
    outer loop
      vertex 16.7343 -11.1815 10.5
      vertex 18.1676 -12.1392 10.5
      vertex 17.4214 -10.0766 10.5
    endloop
  endfacet
  facet normal 0 0 1
    outer loop
      vertex 18.1676 -12.1392 10.5
      vertex 16.7343 -11.1815 10.5
      vertex 17.3348 -13.3014 10.5
    endloop
  endfacet
  facet normal -0 0 1
    outer loop
      vertex 15.9764 -12.2391 10.5
      vertex 17.3348 -13.3014 10.5
      vertex 16.7343 -11.1815 10.5
    endloop
  endfacet
  facet normal -0 0 1
    outer loop
      vertex 15.9672 -12.252 10.5
      vertex 17.3348 -13.3014 10.5
      vertex 15.9764 -12.2391 10.5
    endloop
  endfacet
  facet normal -0 0 1
    outer loop
      vertex 15.9571 -12.2643 10.5
      vertex 17.3348 -13.3014 10.5
      vertex 15.9672 -12.252 10.5
    endloop
  endfacet
  facet normal 0 0 1
    outer loop
      vertex 17.3348 -13.3014 10.5
      vertex 15.9571 -12.2643 10.5
      vertex 16.4277 -14.4067 10.5
    endloop
  endfacet
  facet normal -0 0 1
    outer loop
      vertex 15.1316 -13.2701 10.5
      vertex 16.4277 -14.4067 10.5
      vertex 15.9571 -12.2643 10.5
    endloop
  endfacet
  facet normal 0 0 1
    outer loop
      vertex 16.4277 -14.4067 10.5
      vertex 15.1316 -13.2701 10.5
      vertex 15.4503 -15.4503 10.5
    endloop
  endfacet
  facet normal -0 0 1
    outer loop
      vertex 14.2422 -14.2197 10.5
      vertex 15.4503 -15.4503 10.5
      vertex 15.1316 -13.2701 10.5
    endloop
  endfacet
  facet normal -0 0 1
    outer loop
      vertex 14.2313 -14.2313 10.5
      vertex 15.4503 -15.4503 10.5
      vertex 14.2422 -14.2197 10.5
    endloop
  endfacet
  facet normal -0 0 1
    outer loop
      vertex 14.2197 -14.2422 10.5
      vertex 15.4503 -15.4503 10.5
      vertex 14.2313 -14.2313 10.5
    endloop
  endfacet
  facet normal 0 0 1
    outer loop
      vertex 15.4503 -15.4503 10.5
      vertex 14.2197 -14.2422 10.5
      vertex 14.4067 -16.4277 10.5
    endloop
  endfacet
  facet normal -0 0 1
    outer loop
      vertex 13.2701 -15.1316 10.5
      vertex 14.4067 -16.4277 10.5
      vertex 14.2197 -14.2422 10.5
    endloop
  endfacet
  facet normal 0 0 1
    outer loop
      vertex 14.4067 -16.4277 10.5
      vertex 13.2701 -15.1316 10.5
      vertex 13.3014 -17.3348 10.5
    endloop
  endfacet
  facet normal -0 0 1
    outer loop
      vertex 12.2643 -15.9571 10.5
      vertex 13.3014 -17.3348 10.5
      vertex 13.2701 -15.1316 10.5
    endloop
  endfacet
  facet normal -0 0 1
    outer loop
      vertex 12.252 -15.9672 10.5
      vertex 13.3014 -17.3348 10.5
      vertex 12.2643 -15.9571 10.5
    endloop
  endfacet
  facet normal -0 0 1
    outer loop
      vertex 12.2391 -15.9764 10.5
      vertex 13.3014 -17.3348 10.5
      vertex 12.252 -15.9672 10.5
    endloop
  endfacet
  facet normal 0 0 1
    outer loop
      vertex 12.2391 -15.9764 10.5
      vertex 12.1392 -18.1676 10.5
      vertex 13.3014 -17.3348 10.5
    endloop
  endfacet
  facet normal -0 0 1
    outer loop
      vertex 11.1815 -16.7343 10.5
      vertex 12.1392 -18.1676 10.5
      vertex 12.2391 -15.9764 10.5
    endloop
  endfacet
  facet normal 0 0 1
    outer loop
      vertex 11.1815 -16.7343 10.5
      vertex 10.925 -18.9227 10.5
      vertex 12.1392 -18.1676 10.5
    endloop
  endfacet
  facet normal -0 0 1
    outer loop
      vertex 10.0766 -17.4214 10.5
      vertex 10.925 -18.9227 10.5
      vertex 11.1815 -16.7343 10.5
    endloop
  endfacet
  facet normal -0 0 1
    outer loop
      vertex 10.0631 -17.4298 10.5
      vertex 10.925 -18.9227 10.5
      vertex 10.0766 -17.4214 10.5
    endloop
  endfacet
  facet normal -0 0 1
    outer loop
      vertex 10.0491 -17.4373 10.5
      vertex 10.925 -18.9227 10.5
      vertex 10.0631 -17.4298 10.5
    endloop
  endfacet
  facet normal 0 0 1
    outer loop
      vertex 10.0491 -17.4373 10.5
      vertex 9.66401 -19.5967 10.5
      vertex 10.925 -18.9227 10.5
    endloop
  endfacet
  facet normal -0 0 1
    outer loop
      vertex 8.90157 -18.0506 10.5
      vertex 9.66401 -19.5967 10.5
      vertex 10.0491 -17.4373 10.5
    endloop
  endfacet
  facet normal -0 0 1
    outer loop
      vertex 8.88709 -18.0572 10.5
      vertex 9.66401 -19.5967 10.5
      vertex 8.90157 -18.0506 10.5
    endloop
  endfacet
  facet normal 0 0 1
    outer loop
      vertex 8.88709 -18.0572 10.5
      vertex 8.36163 -20.1868 10.5
      vertex 9.66401 -19.5967 10.5
    endloop
  endfacet
  facet normal -0 0 1
    outer loop
      vertex 7.70195 -18.5941 10.5
      vertex 8.36163 -20.1868 10.5
      vertex 8.88709 -18.0572 10.5
    endloop
  endfacet
  facet normal 0 0 1
    outer loop
      vertex 7.70195 -18.5941 10.5
      vertex 7.02345 -20.6904 10.5
      vertex 8.36163 -20.1868 10.5
    endloop
  endfacet
  facet normal -0 0 1
    outer loop
      vertex 6.48423 -19.0525 10.5
      vertex 7.02345 -20.6904 10.5
      vertex 7.70195 -18.5941 10.5
    endloop
  endfacet
  facet normal -0 0 1
    outer loop
      vertex 6.46934 -19.0581 10.5
      vertex 7.02345 -20.6904 10.5
      vertex 6.48423 -19.0525 10.5
    endloop
  endfacet
  facet normal -0 0 1
    outer loop
      vertex 6.45412 -19.0627 10.5
      vertex 7.02345 -20.6904 10.5
      vertex 6.46934 -19.0581 10.5
    endloop
  endfacet
  facet normal 0 0 1
    outer loop
      vertex 6.45412 -19.0627 10.5
      vertex 5.6552 -21.1055 10.5
      vertex 7.02345 -20.6904 10.5
    endloop
  endfacet
  facet normal -0 0 1
    outer loop
      vertex 5.20903 -19.4404 10.5
      vertex 5.6552 -21.1055 10.5
      vertex 6.45412 -19.0627 10.5
    endloop
  endfacet
  facet normal -0 0 1
    outer loop
      vertex 5.19354 -19.444 10.5
      vertex 5.6552 -21.1055 10.5
      vertex 5.20903 -19.4404 10.5
    endloop
  endfacet
  facet normal 0 0 1
    outer loop
      vertex 5.19354 -19.444 10.5
      vertex 4.26272 -21.4302 10.5
      vertex 5.6552 -21.1055 10.5
    endloop
  endfacet
  facet normal -0 0 1
    outer loop
      vertex 3.92642 -19.7394 10.5
      vertex 4.26272 -21.4302 10.5
      vertex 5.19354 -19.444 10.5
    endloop
  endfacet
  facet normal -0 0 1
    outer loop
      vertex 3.91073 -19.742 10.5
      vertex 4.26272 -21.4302 10.5
      vertex 3.92642 -19.7394 10.5
    endloop
  endfacet
  facet normal 0 0 1
    outer loop
      vertex 3.91073 -19.742 10.5
      vertex 2.852 -21.6631 10.5
      vertex 4.26272 -21.4302 10.5
    endloop
  endfacet
  facet normal -0 0 1
    outer loop
      vertex 2.62699 -19.954 10.5
      vertex 2.852 -21.6631 10.5
      vertex 3.91073 -19.742 10.5
    endloop
  endfacet
  facet normal 0 0 1
    outer loop
      vertex 2.62699 -19.954 10.5
      vertex 1.42906 -21.8032 10.5
      vertex 2.852 -21.6631 10.5
    endloop
  endfacet
  facet normal -0 0 1
    outer loop
      vertex 1.33214 -20.0815 10.5
      vertex 1.42906 -21.8032 10.5
      vertex 2.62699 -19.954 10.5
    endloop
  endfacet
  facet normal -0 0 1
    outer loop
      vertex 1.31631 -20.0831 10.5
      vertex 1.42906 -21.8032 10.5
      vertex 1.33214 -20.0815 10.5
    endloop
  endfacet
  facet normal -0 0 1
    outer loop
      vertex 1.30042 -20.0836 10.5
      vertex 1.42906 -21.8032 10.5
      vertex 1.31631 -20.0831 10.5
    endloop
  endfacet
  facet normal -0 0 1
    outer loop
      vertex 0 -20.1262 10.5
      vertex 1.42906 -21.8032 10.5
      vertex 1.30042 -20.0836 10.5
    endloop
  endfacet
  facet normal 0 0 1
    outer loop
      vertex 0 -20.1262 10.5
      vertex 0 -21.85 10.5
      vertex 1.42906 -21.8032 10.5
    endloop
  endfacet
  facet normal 0 0 1
    outer loop
      vertex -1.30042 -20.0836 10.5
      vertex 0 -21.85 10.5
      vertex 0 -20.1262 10.5
    endloop
  endfacet
  facet normal 0 0 1
    outer loop
      vertex -1.42906 -21.8032 10.5
      vertex -1.30042 -20.0836 10.5
      vertex -1.31631 -20.0831 10.5
    endloop
  endfacet
  facet normal 0 0 1
    outer loop
      vertex -1.42906 -21.8032 10.5
      vertex -1.31631 -20.0831 10.5
      vertex -1.33214 -20.0815 10.5
    endloop
  endfacet
  facet normal 0 0 1
    outer loop
      vertex -1.30042 -20.0836 10.5
      vertex -1.42906 -21.8032 10.5
      vertex 0 -21.85 10.5
    endloop
  endfacet
  facet normal 0 0 1
    outer loop
      vertex -2.62699 -19.954 10.5
      vertex -1.42906 -21.8032 10.5
      vertex -1.33214 -20.0815 10.5
    endloop
  endfacet
  facet normal 0 0 1
    outer loop
      vertex -2.62699 -19.954 10.5
      vertex -2.852 -21.6631 10.5
      vertex -1.42906 -21.8032 10.5
    endloop
  endfacet
  facet normal 0 0 1
    outer loop
      vertex -3.91073 -19.742 10.5
      vertex -2.852 -21.6631 10.5
      vertex -2.62699 -19.954 10.5
    endloop
  endfacet
  facet normal 0 0 1
    outer loop
      vertex -4.26272 -21.4302 10.5
      vertex -3.91073 -19.742 10.5
      vertex -3.92642 -19.7394 10.5
    endloop
  endfacet
  facet normal 0 0 1
    outer loop
      vertex -3.91073 -19.742 10.5
      vertex -4.26272 -21.4302 10.5
      vertex -2.852 -21.6631 10.5
    endloop
  endfacet
  facet normal 0 0 1
    outer loop
      vertex -5.19354 -19.444 10.5
      vertex -4.26272 -21.4302 10.5
      vertex -3.92642 -19.7394 10.5
    endloop
  endfacet
  facet normal 0 0 1
    outer loop
      vertex -5.6552 -21.1055 10.5
      vertex -5.19354 -19.444 10.5
      vertex -5.20903 -19.4404 10.5
    endloop
  endfacet
  facet normal 0 0 1
    outer loop
      vertex -5.19354 -19.444 10.5
      vertex -5.6552 -21.1055 10.5
      vertex -4.26272 -21.4302 10.5
    endloop
  endfacet
  facet normal 0 0 1
    outer loop
      vertex -6.45412 -19.0627 10.5
      vertex -5.6552 -21.1055 10.5
      vertex -5.20903 -19.4404 10.5
    endloop
  endfacet
  facet normal 0 0 1
    outer loop
      vertex -7.02345 -20.6904 10.5
      vertex -6.45412 -19.0627 10.5
      vertex -6.46934 -19.0581 10.5
    endloop
  endfacet
  facet normal 0 0 1
    outer loop
      vertex -7.02345 -20.6904 10.5
      vertex -6.46934 -19.0581 10.5
      vertex -6.48423 -19.0525 10.5
    endloop
  endfacet
  facet normal 0 0 1
    outer loop
      vertex -6.45412 -19.0627 10.5
      vertex -7.02345 -20.6904 10.5
      vertex -5.6552 -21.1055 10.5
    endloop
  endfacet
  facet normal 0 0 1
    outer loop
      vertex -7.70195 -18.5941 10.5
      vertex -7.02345 -20.6904 10.5
      vertex -6.48423 -19.0525 10.5
    endloop
  endfacet
  facet normal 0 0 1
    outer loop
      vertex -7.70195 -18.5941 10.5
      vertex -8.36163 -20.1868 10.5
      vertex -7.02345 -20.6904 10.5
    endloop
  endfacet
  facet normal 0 0 1
    outer loop
      vertex -8.88709 -18.0572 10.5
      vertex -8.36163 -20.1868 10.5
      vertex -7.70195 -18.5941 10.5
    endloop
  endfacet
  facet normal 0 0 1
    outer loop
      vertex -9.66401 -19.5967 10.5
      vertex -8.88709 -18.0572 10.5
      vertex -8.90157 -18.0506 10.5
    endloop
  endfacet
  facet normal 0 0 1
    outer loop
      vertex -8.88709 -18.0572 10.5
      vertex -9.66401 -19.5967 10.5
      vertex -8.36163 -20.1868 10.5
    endloop
  endfacet
  facet normal 0 0 1
    outer loop
      vertex -10.0491 -17.4373 10.5
      vertex -9.66401 -19.5967 10.5
      vertex -8.90157 -18.0506 10.5
    endloop
  endfacet
  facet normal 0 0 1
    outer loop
      vertex -10.925 -18.9227 10.5
      vertex -10.0491 -17.4373 10.5
      vertex -10.0631 -17.4298 10.5
    endloop
  endfacet
  facet normal 0 0 1
    outer loop
      vertex -10.925 -18.9227 10.5
      vertex -10.0631 -17.4298 10.5
      vertex -10.0766 -17.4214 10.5
    endloop
  endfacet
  facet normal 0 0 1
    outer loop
      vertex -10.0491 -17.4373 10.5
      vertex -10.925 -18.9227 10.5
      vertex -9.66401 -19.5967 10.5
    endloop
  endfacet
  facet normal 0 0 1
    outer loop
      vertex -11.1815 -16.7343 10.5
      vertex -10.925 -18.9227 10.5
      vertex -10.0766 -17.4214 10.5
    endloop
  endfacet
  facet normal 0 0 1
    outer loop
      vertex -11.1815 -16.7343 10.5
      vertex -12.1392 -18.1676 10.5
      vertex -10.925 -18.9227 10.5
    endloop
  endfacet
  facet normal 0 0 1
    outer loop
      vertex -12.2391 -15.9764 10.5
      vertex -12.1392 -18.1676 10.5
      vertex -11.1815 -16.7343 10.5
    endloop
  endfacet
  facet normal 0 0 1
    outer loop
      vertex -13.3014 -17.3348 10.5
      vertex -12.2391 -15.9764 10.5
      vertex -12.252 -15.9672 10.5
    endloop
  endfacet
  facet normal 0 0 1
    outer loop
      vertex -13.3014 -17.3348 10.5
      vertex -12.252 -15.9672 10.5
      vertex -12.2643 -15.9571 10.5
    endloop
  endfacet
  facet normal 0 0 1
    outer loop
      vertex -13.3014 -17.3348 10.5
      vertex -12.2643 -15.9571 10.5
      vertex -13.2701 -15.1316 10.5
    endloop
  endfacet
  facet normal 0 0 1
    outer loop
      vertex -12.2391 -15.9764 10.5
      vertex -13.3014 -17.3348 10.5
      vertex -12.1392 -18.1676 10.5
    endloop
  endfacet
  facet normal 0 0 1
    outer loop
      vertex -14.4067 -16.4277 10.5
      vertex -13.2701 -15.1316 10.5
      vertex -14.2197 -14.2422 10.5
    endloop
  endfacet
  facet normal 0 0 1
    outer loop
      vertex -15.4503 -15.4503 10.5
      vertex -14.2197 -14.2422 10.5
      vertex -14.2313 -14.2313 10.5
    endloop
  endfacet
  facet normal 0 0 1
    outer loop
      vertex -15.4503 -15.4503 10.5
      vertex -14.2313 -14.2313 10.5
      vertex -14.2422 -14.2197 10.5
    endloop
  endfacet
  facet normal 0 0 1
    outer loop
      vertex -13.2701 -15.1316 10.5
      vertex -14.4067 -16.4277 10.5
      vertex -13.3014 -17.3348 10.5
    endloop
  endfacet
  facet normal 0 0 1
    outer loop
      vertex -15.4503 -15.4503 10.5
      vertex -14.2422 -14.2197 10.5
      vertex -15.1316 -13.2701 10.5
    endloop
  endfacet
  facet normal 0 0 1
    outer loop
      vertex -14.2197 -14.2422 10.5
      vertex -15.4503 -15.4503 10.5
      vertex -14.4067 -16.4277 10.5
    endloop
  endfacet
  facet normal 0 0 1
    outer loop
      vertex -16.4277 -14.4067 10.5
      vertex -15.1316 -13.2701 10.5
      vertex -15.9571 -12.2643 10.5
    endloop
  endfacet
  facet normal 0 0 1
    outer loop
      vertex -17.3348 -13.3014 10.5
      vertex -15.9571 -12.2643 10.5
      vertex -15.9672 -12.252 10.5
    endloop
  endfacet
  facet normal 0 0 1
    outer loop
      vertex -17.3348 -13.3014 10.5
      vertex -15.9672 -12.252 10.5
      vertex -15.9764 -12.2391 10.5
    endloop
  endfacet
  facet normal 0 0 1
    outer loop
      vertex -15.1316 -13.2701 10.5
      vertex -16.4277 -14.4067 10.5
      vertex -15.4503 -15.4503 10.5
    endloop
  endfacet
  facet normal 0 0 1
    outer loop
      vertex -17.3348 -13.3014 10.5
      vertex -15.9764 -12.2391 10.5
      vertex -16.7343 -11.1815 10.5
    endloop
  endfacet
  facet normal 0 0 1
    outer loop
      vertex -15.9571 -12.2643 10.5
      vertex -17.3348 -13.3014 10.5
      vertex -16.4277 -14.4067 10.5
    endloop
  endfacet
  facet normal 0 0 1
    outer loop
      vertex -18.1676 -12.1392 10.5
      vertex -16.7343 -11.1815 10.5
      vertex -17.4214 -10.0766 10.5
    endloop
  endfacet
  facet normal 0 0 1
    outer loop
      vertex -18.9227 -10.925 10.5
      vertex -17.4214 -10.0766 10.5
      vertex -17.4298 -10.0631 10.5
    endloop
  endfacet
  facet normal 0 0 1
    outer loop
      vertex -18.9227 -10.925 10.5
      vertex -17.4298 -10.0631 10.5
      vertex -17.4373 -10.0491 10.5
    endloop
  endfacet
  facet normal 0 0 1
    outer loop
      vertex -18.9227 -10.925 10.5
      vertex -17.4373 -10.0491 10.5
      vertex -18.0506 -8.90157 10.5
    endloop
  endfacet
  facet normal 0 0 1
    outer loop
      vertex -19.5967 -9.66401 10.5
      vertex -18.0506 -8.90157 10.5
      vertex -18.0572 -8.88709 10.5
    endloop
  endfacet
  facet normal 0 0 1
    outer loop
      vertex -16.7343 -11.1815 10.5
      vertex -18.1676 -12.1392 10.5
      vertex -17.3348 -13.3014 10.5
    endloop
  endfacet
  facet normal 0 0 1
    outer loop
      vertex -19.5967 -9.66401 10.5
      vertex -18.0572 -8.88709 10.5
      vertex -18.5941 -7.70195 10.5
    endloop
  endfacet
  facet normal 0 0 1
    outer loop
      vertex -17.4214 -10.0766 10.5
      vertex -18.9227 -10.925 10.5
      vertex -18.1676 -12.1392 10.5
    endloop
  endfacet
  facet normal 0 0 1
    outer loop
      vertex -20.1868 -8.36163 10.5
      vertex -18.5941 -7.70195 10.5
      vertex -19.0525 -6.48423 10.5
    endloop
  endfacet
  facet normal 0 0 1
    outer loop
      vertex -20.6904 -7.02345 10.5
      vertex -19.0525 -6.48423 10.5
      vertex -19.0581 -6.46934 10.5
    endloop
  endfacet
  facet normal 0 0 1
    outer loop
      vertex -20.6904 -7.02345 10.5
      vertex -19.0581 -6.46934 10.5
      vertex -19.0627 -6.45412 10.5
    endloop
  endfacet
  facet normal 0 0 1
    outer loop
      vertex -20.6904 -7.02345 10.5
      vertex -19.0627 -6.45412 10.5
      vertex -19.4404 -5.20903 10.5
    endloop
  endfacet
  facet normal 0 0 1
    outer loop
      vertex -21.1055 -5.6552 10.5
      vertex -19.4404 -5.20903 10.5
      vertex -19.444 -5.19354 10.5
    endloop
  endfacet
  facet normal 0 0 1
    outer loop
      vertex -18.0506 -8.90157 10.5
      vertex -19.5967 -9.66401 10.5
      vertex -18.9227 -10.925 10.5
    endloop
  endfacet
  facet normal 0 0 1
    outer loop
      vertex -21.1055 -5.6552 10.5
      vertex -19.444 -5.19354 10.5
      vertex -19.7394 -3.92642 10.5
    endloop
  endfacet
  facet normal 0 0 1
    outer loop
      vertex -21.4302 -4.26272 10.5
      vertex -19.7394 -3.92642 10.5
      vertex -19.742 -3.91073 10.5
    endloop
  endfacet
  facet normal 0 0 1
    outer loop
      vertex -21.4302 -4.26272 10.5
      vertex -19.742 -3.91073 10.5
      vertex -19.954 -2.62699 10.5
    endloop
  endfacet
  facet normal 0 0 1
    outer loop
      vertex -21.6631 -2.852 10.5
      vertex -19.954 -2.62699 10.5
      vertex -20.0815 -1.33214 10.5
    endloop
  endfacet
  facet normal 0 0 1
    outer loop
      vertex -21.8032 -1.42906 10.5
      vertex -20.0815 -1.33214 10.5
      vertex -20.0831 -1.31631 10.5
    endloop
  endfacet
  facet normal 0 0 1
    outer loop
      vertex -18.5941 -7.70195 10.5
      vertex -20.1868 -8.36163 10.5
      vertex -19.5967 -9.66401 10.5
    endloop
  endfacet
  facet normal 0 0 1
    outer loop
      vertex -21.8032 -1.42906 10.5
      vertex -20.0831 -1.31631 10.5
      vertex -20.0836 -1.30042 10.5
    endloop
  endfacet
  facet normal 0 0 1
    outer loop
      vertex -21.8032 -1.42906 10.5
      vertex -20.0836 -1.30042 10.5
      vertex -20.1262 0 10.5
    endloop
  endfacet
  facet normal 0 0 1
    outer loop
      vertex -19.954 2.62699 10.5
      vertex -21.6631 2.852 10.5
      vertex -20.0815 1.33214 10.5
    endloop
  endfacet
  facet normal -0 0 1
    outer loop
      vertex -21.8032 1.42906 10.5
      vertex -20.0815 1.33214 10.5
      vertex -21.6631 2.852 10.5
    endloop
  endfacet
  facet normal 0 0 1
    outer loop
      vertex -19.0525 -6.48423 10.5
      vertex -20.6904 -7.02345 10.5
      vertex -20.1868 -8.36163 10.5
    endloop
  endfacet
  facet normal 0 0 1
    outer loop
      vertex -20.0815 1.33214 10.5
      vertex -21.8032 1.42906 10.5
      vertex -20.0831 1.31631 10.5
    endloop
  endfacet
  facet normal 0 0 1
    outer loop
      vertex -19.4404 -5.20903 10.5
      vertex -21.1055 -5.6552 10.5
      vertex -20.6904 -7.02345 10.5
    endloop
  endfacet
  facet normal 0 0 1
    outer loop
      vertex -20.0831 1.31631 10.5
      vertex -21.8032 1.42906 10.5
      vertex -20.0836 1.30042 10.5
    endloop
  endfacet
  facet normal 0 0 1
    outer loop
      vertex -19.7394 -3.92642 10.5
      vertex -21.4302 -4.26272 10.5
      vertex -21.1055 -5.6552 10.5
    endloop
  endfacet
  facet normal 0 0 1
    outer loop
      vertex -20.0836 1.30042 10.5
      vertex -21.8032 1.42906 10.5
      vertex -20.1262 0 10.5
    endloop
  endfacet
  facet normal 0 0 1
    outer loop
      vertex -19.954 -2.62699 10.5
      vertex -21.6631 -2.852 10.5
      vertex -21.4302 -4.26272 10.5
    endloop
  endfacet
  facet normal 0 0 1
    outer loop
      vertex -21.85 0 10.5
      vertex -20.1262 0 10.5
      vertex -21.8032 1.42906 10.5
    endloop
  endfacet
  facet normal 0 0 1
    outer loop
      vertex -20.0815 -1.33214 10.5
      vertex -21.8032 -1.42906 10.5
      vertex -21.6631 -2.852 10.5
    endloop
  endfacet
  facet normal 0 0 1
    outer loop
      vertex -20.1262 0 10.5
      vertex -21.85 0 10.5
      vertex -21.8032 -1.42906 10.5
    endloop
  endfacet
  facet normal 0.812854 -0.582468 0
    outer loop
      vertex 17.3348 -13.3014 10.5
      vertex 18.1676 -12.1392 0
      vertex 18.1676 -12.1392 10.5
    endloop
  endfacet
  facet normal 0.812854 -0.582468 0
    outer loop
      vertex 18.1676 -12.1392 0
      vertex 17.3348 -13.3014 10.5
      vertex 17.3348 -13.3014 0
    endloop
  endfacet
  facet normal 0.910864 -0.412707 0
    outer loop
      vertex 19.5967 -9.66401 10.5
      vertex 20.1868 -8.36163 0
      vertex 20.1868 -8.36163 10.5
    endloop
  endfacet
  facet normal 0.910864 -0.412707 0
    outer loop
      vertex 20.1868 -8.36163 0
      vertex 19.5967 -9.66401 10.5
      vertex 19.5967 -9.66401 0
    endloop
  endfacet
  facet normal -0.995188 0.0979843 0
    outer loop
      vertex -21.8032 1.42906 0
      vertex -21.6631 2.852 10.5
      vertex -21.6631 2.852 0
    endloop
  endfacet
  facet normal -0.995188 0.0979843 0
    outer loop
      vertex -21.6631 2.852 10.5
      vertex -21.8032 1.42906 0
      vertex -21.8032 1.42906 10.5
    endloop
  endfacet
  facet normal -0.910864 0.412707 0
    outer loop
      vertex -20.1868 8.36163 0
      vertex -19.5967 9.66401 10.5
      vertex -19.5967 9.66401 0
    endloop
  endfacet
  facet normal -0.910864 0.412707 0
    outer loop
      vertex -19.5967 9.66401 10.5
      vertex -20.1868 8.36163 0
      vertex -20.1868 8.36163 10.5
    endloop
  endfacet
  facet normal -0.995183 -0.0980371 0
    outer loop
      vertex 12.9722 0.85024 0.589999
      vertex 12.8888 1.69684 2
      vertex 12.8888 1.69684 0.589999
    endloop
  endfacet
  facet normal -0.995183 -0.0980371 0
    outer loop
      vertex 12.8888 1.69684 2
      vertex 12.9722 0.85024 0.589999
      vertex 12.9722 0.85024 2
    endloop
  endfacet
  facet normal -0.999466 -0.0326792 0
    outer loop
      vertex 13 0 0.589999
      vertex 12.9722 0.85024 2
      vertex 12.9722 0.85024 0.589999
    endloop
  endfacet
  facet normal -0.999466 -0.0326792 0
    outer loop
      vertex 12.9722 0.85024 2
      vertex 13 0 0.589999
      vertex 13 0 2
    endloop
  endfacet
  facet normal -0.935889 0.352294 0
    outer loop
      vertex 12.0104 -4.97488 0.589999
      vertex 12.3101 -4.17871 2
      vertex 12.3101 -4.17871 0.589999
    endloop
  endfacet
  facet normal -0.935889 0.352294 0
    outer loop
      vertex 12.3101 -4.17871 2
      vertex 12.0104 -4.97488 0.589999
      vertex 12.0104 -4.97488 2
    endloop
  endfacet
  facet normal 0.290239 -0.956954 0
    outer loop
      vertex -4.17871 12.3101 0.589999
      vertex -3.36465 12.557 2
      vertex -4.17871 12.3101 2
    endloop
  endfacet
  facet normal 0.290239 -0.956954 0
    outer loop
      vertex -3.36465 12.557 2
      vertex -4.17871 12.3101 0.589999
      vertex -3.36465 12.557 0.589999
    endloop
  endfacet
  facet normal -0.162925 -0.986638 0
    outer loop
      vertex 1.69684 12.8888 0.589999
      vertex 2.53617 12.7502 2
      vertex 1.69684 12.8888 2
    endloop
  endfacet
  facet normal -0.162925 -0.986638 -0
    outer loop
      vertex 2.53617 12.7502 2
      vertex 1.69684 12.8888 0.589999
      vertex 2.53617 12.7502 0.589999
    endloop
  endfacet
  facet normal 0.528048 -0.849215 0
    outer loop
      vertex -7.22241 10.8091 0.589999
      vertex -6.5 11.2583 2
      vertex -7.22241 10.8091 2
    endloop
  endfacet
  facet normal 0.528048 -0.849215 0
    outer loop
      vertex -6.5 11.2583 2
      vertex -7.22241 10.8091 0.589999
      vertex -6.5 11.2583 0.589999
    endloop
  endfacet
  facet normal -0.528048 -0.849215 0
    outer loop
      vertex 6.5 11.2583 0.589999
      vertex 7.22241 10.8091 2
      vertex 6.5 11.2583 2
    endloop
  endfacet
  facet normal -0.528048 -0.849215 -0
    outer loop
      vertex 7.22241 10.8091 2
      vertex 6.5 11.2583 0.589999
      vertex 7.22241 10.8091 0.589999
    endloop
  endfacet
  facet normal 0.97387 -0.227105 0
    outer loop
      vertex -12.7502 2.53617 2
      vertex -12.557 3.36465 0.589999
      vertex -12.557 3.36465 2
    endloop
  endfacet
  facet normal 0.97387 -0.227105 0
    outer loop
      vertex -12.557 3.36465 0.589999
      vertex -12.7502 2.53617 2
      vertex -12.7502 2.53617 0.589999
    endloop
  endfacet
  facet normal 0.77301 -0.634394 0
    outer loop
      vertex -10.3136 7.9139 2
      vertex -9.77392 8.5715 0.589999
      vertex -9.77392 8.5715 2
    endloop
  endfacet
  facet normal 0.77301 -0.634394 0
    outer loop
      vertex -9.77392 8.5715 0.589999
      vertex -10.3136 7.9139 2
      vertex -10.3136 7.9139 0.589999
    endloop
  endfacet
  facet normal -0.582466 0.812855 0
    outer loop
      vertex 7.9139 -10.3136 0.589999
      vertex 7.22241 -10.8091 2
      vertex 7.9139 -10.3136 2
    endloop
  endfacet
  facet normal -0.582466 0.812855 0
    outer loop
      vertex 7.22241 -10.8091 2
      vertex 7.9139 -10.3136 0.589999
      vertex 7.22241 -10.8091 0.589999
    endloop
  endfacet
  facet normal -0.352294 0.935889 0
    outer loop
      vertex 4.97488 -12.0104 0.589999
      vertex 4.17871 -12.3101 2
      vertex 4.97488 -12.0104 2
    endloop
  endfacet
  facet normal -0.352294 0.935889 0
    outer loop
      vertex 4.17871 -12.3101 2
      vertex 4.97488 -12.0104 0.589999
      vertex 4.17871 -12.3101 0.589999
    endloop
  endfacet
  facet normal 0.227105 -0.97387 0
    outer loop
      vertex -3.36465 12.557 0.589999
      vertex -2.53617 12.7502 2
      vertex -3.36465 12.557 2
    endloop
  endfacet
  facet normal 0.227105 -0.97387 0
    outer loop
      vertex -2.53617 12.7502 2
      vertex -3.36465 12.557 0.589999
      vertex -2.53617 12.7502 0.589999
    endloop
  endfacet
  facet normal 0.910859 -0.412718 0
    outer loop
      vertex -12.0104 4.97488 2
      vertex -11.6593 5.74975 0.589999
      vertex -11.6593 5.74975 2
    endloop
  endfacet
  facet normal 0.910859 -0.412718 0
    outer loop
      vertex -11.6593 5.74975 0.589999
      vertex -12.0104 4.97488 2
      vertex -12.0104 4.97488 0.589999
    endloop
  endfacet
  facet normal 0.956954 0.290239 0
    outer loop
      vertex -12.3101 -4.17871 2
      vertex -12.557 -3.36465 0.589999
      vertex -12.557 -3.36465 2
    endloop
  endfacet
  facet normal 0.956954 0.290239 0
    outer loop
      vertex -12.557 -3.36465 0.589999
      vertex -12.3101 -4.17871 2
      vertex -12.3101 -4.17871 0.589999
    endloop
  endfacet
  facet normal -0.0980371 0.995183 0
    outer loop
      vertex 1.69684 -12.8888 0.589999
      vertex 0.85024 -12.9722 2
      vertex 1.69684 -12.8888 2
    endloop
  endfacet
  facet normal -0.0980371 0.995183 0
    outer loop
      vertex 0.85024 -12.9722 2
      vertex 1.69684 -12.8888 0.589999
      vertex 0.85024 -12.9722 0.589999
    endloop
  endfacet
  facet normal -0.995183 0.0980371 0
    outer loop
      vertex 12.8888 -1.69684 0.589999
      vertex 12.9722 -0.85024 2
      vertex 12.9722 -0.85024 0.589999
    endloop
  endfacet
  facet normal -0.995183 0.0980371 0
    outer loop
      vertex 12.9722 -0.85024 2
      vertex 12.8888 -1.69684 0.589999
      vertex 12.8888 -1.69684 2
    endloop
  endfacet
  facet normal -0.97387 -0.227105 0
    outer loop
      vertex 12.7502 2.53617 0.589999
      vertex 12.557 3.36465 2
      vertex 12.557 3.36465 0.589999
    endloop
  endfacet
  facet normal -0.97387 -0.227105 0
    outer loop
      vertex 12.557 3.36465 2
      vertex 12.7502 2.53617 0.589999
      vertex 12.7502 2.53617 2
    endloop
  endfacet
  facet normal -0.77301 0.634394 0
    outer loop
      vertex 9.77392 -8.5715 0.589999
      vertex 10.3136 -7.9139 2
      vertex 10.3136 -7.9139 0.589999
    endloop
  endfacet
  facet normal -0.77301 0.634394 0
    outer loop
      vertex 10.3136 -7.9139 2
      vertex 9.77392 -8.5715 0.589999
      vertex 9.77392 -8.5715 2
    endloop
  endfacet
  facet normal -0.956954 0.290239 0
    outer loop
      vertex 12.3101 -4.17871 0.589999
      vertex 12.557 -3.36465 2
      vertex 12.557 -3.36465 0.589999
    endloop
  endfacet
  facet normal -0.956954 0.290239 0
    outer loop
      vertex 12.557 -3.36465 2
      vertex 12.3101 -4.17871 0.589999
      vertex 12.3101 -4.17871 2
    endloop
  endfacet
  facet normal -0.849215 -0.528048 0
    outer loop
      vertex 11.2583 6.5 0.589999
      vertex 10.8091 7.22241 2
      vertex 10.8091 7.22241 0.589999
    endloop
  endfacet
  facet normal -0.849215 -0.528048 0
    outer loop
      vertex 10.8091 7.22241 2
      vertex 11.2583 6.5 0.589999
      vertex 11.2583 6.5 2
    endloop
  endfacet
  facet normal 0.582466 0.812855 -0
    outer loop
      vertex -7.22241 -10.8091 0.589999
      vertex -7.9139 -10.3136 2
      vertex -7.22241 -10.8091 2
    endloop
  endfacet
  facet normal 0.582466 0.812855 0
    outer loop
      vertex -7.9139 -10.3136 2
      vertex -7.22241 -10.8091 0.589999
      vertex -7.9139 -10.3136 0.589999
    endloop
  endfacet
  facet normal 0.97387 0.227105 0
    outer loop
      vertex -12.557 -3.36465 2
      vertex -12.7502 -2.53617 0.589999
      vertex -12.7502 -2.53617 2
    endloop
  endfacet
  facet normal 0.97387 0.227105 0
    outer loop
      vertex -12.7502 -2.53617 0.589999
      vertex -12.557 -3.36465 2
      vertex -12.557 -3.36465 0.589999
    endloop
  endfacet
  facet normal -0.935889 -0.352294 0
    outer loop
      vertex 12.3101 4.17871 0.589999
      vertex 12.0104 4.97488 2
      vertex 12.0104 4.97488 0.589999
    endloop
  endfacet
  facet normal -0.935889 -0.352294 0
    outer loop
      vertex 12.0104 4.97488 2
      vertex 12.3101 4.17871 0.589999
      vertex 12.3101 4.17871 2
    endloop
  endfacet
  facet normal 0.986638 0.162925 0
    outer loop
      vertex -12.7502 -2.53617 2
      vertex -12.8888 -1.69684 0.589999
      vertex -12.8888 -1.69684 2
    endloop
  endfacet
  facet normal 0.986638 0.162925 0
    outer loop
      vertex -12.8888 -1.69684 0.589999
      vertex -12.7502 -2.53617 2
      vertex -12.7502 -2.53617 0.589999
    endloop
  endfacet
  facet normal 0.995183 0.0980371 0
    outer loop
      vertex -12.8888 -1.69684 2
      vertex -12.9722 -0.85024 0.589999
      vertex -12.9722 -0.85024 2
    endloop
  endfacet
  facet normal 0.995183 0.0980371 0
    outer loop
      vertex -12.9722 -0.85024 0.589999
      vertex -12.8888 -1.69684 2
      vertex -12.8888 -1.69684 0.589999
    endloop
  endfacet
  facet normal -0.956954 -0.290239 0
    outer loop
      vertex 12.557 3.36465 0.589999
      vertex 12.3101 4.17871 2
      vertex 12.3101 4.17871 0.589999
    endloop
  endfacet
  facet normal -0.956954 -0.290239 0
    outer loop
      vertex 12.3101 4.17871 2
      vertex 12.557 3.36465 0.589999
      vertex 12.557 3.36465 2
    endloop
  endfacet
  facet normal -0.634394 -0.77301 0
    outer loop
      vertex 7.9139 10.3136 0.589999
      vertex 8.5715 9.77392 2
      vertex 7.9139 10.3136 2
    endloop
  endfacet
  facet normal -0.634394 -0.77301 -0
    outer loop
      vertex 8.5715 9.77392 2
      vertex 7.9139 10.3136 0.589999
      vertex 8.5715 9.77392 0.589999
    endloop
  endfacet
  facet normal 0.634394 -0.77301 0
    outer loop
      vertex -8.5715 9.77392 0.589999
      vertex -7.9139 10.3136 2
      vertex -8.5715 9.77392 2
    endloop
  endfacet
  facet normal 0.634394 -0.77301 0
    outer loop
      vertex -7.9139 10.3136 2
      vertex -8.5715 9.77392 0.589999
      vertex -7.9139 10.3136 0.589999
    endloop
  endfacet
  facet normal -0.227105 0.97387 0
    outer loop
      vertex 3.36465 -12.557 0.589999
      vertex 2.53617 -12.7502 2
      vertex 3.36465 -12.557 2
    endloop
  endfacet
  facet normal -0.227105 0.97387 0
    outer loop
      vertex 2.53617 -12.7502 2
      vertex 3.36465 -12.557 0.589999
      vertex 2.53617 -12.7502 0.589999
    endloop
  endfacet
  facet normal -0.0326792 0.999466 0
    outer loop
      vertex 0.85024 -12.9722 0.589999
      vertex 0 -13 2
      vertex 0.85024 -12.9722 2
    endloop
  endfacet
  facet normal -0.0326792 0.999466 0
    outer loop
      vertex 0 -13 2
      vertex 0.85024 -12.9722 0.589999
      vertex 0 -13 0.589999
    endloop
  endfacet
  facet normal 0.729862 0.683594 0
    outer loop
      vertex -9.19239 -9.19239 2
      vertex -9.77392 -8.5715 0.589999
      vertex -9.77392 -8.5715 2
    endloop
  endfacet
  facet normal 0.729862 0.683594 0
    outer loop
      vertex -9.77392 -8.5715 0.589999
      vertex -9.19239 -9.19239 2
      vertex -9.19239 -9.19239 0.589999
    endloop
  endfacet
  facet normal -0.729862 0.683594 0
    outer loop
      vertex 9.19239 -9.19239 0.589999
      vertex 9.77392 -8.5715 2
      vertex 9.77392 -8.5715 0.589999
    endloop
  endfacet
  facet normal -0.729862 0.683594 0
    outer loop
      vertex 9.77392 -8.5715 2
      vertex 9.19239 -9.19239 0.589999
      vertex 9.19239 -9.19239 2
    endloop
  endfacet
  facet normal 0.352294 -0.935889 0
    outer loop
      vertex -4.97488 12.0104 0.589999
      vertex -4.17871 12.3101 2
      vertex -4.97488 12.0104 2
    endloop
  endfacet
  facet normal 0.352294 -0.935889 0
    outer loop
      vertex -4.17871 12.3101 2
      vertex -4.97488 12.0104 0.589999
      vertex -4.17871 12.3101 0.589999
    endloop
  endfacet
  facet normal -0.77301 -0.634394 0
    outer loop
      vertex 10.3136 7.9139 0.589999
      vertex 9.77392 8.5715 2
      vertex 9.77392 8.5715 0.589999
    endloop
  endfacet
  facet normal -0.77301 -0.634394 0
    outer loop
      vertex 9.77392 8.5715 2
      vertex 10.3136 7.9139 0.589999
      vertex 10.3136 7.9139 2
    endloop
  endfacet
  facet normal -0.683594 0.729862 0
    outer loop
      vertex 9.19239 -9.19239 0.589999
      vertex 8.5715 -9.77392 2
      vertex 9.19239 -9.19239 2
    endloop
  endfacet
  facet normal -0.683594 0.729862 0
    outer loop
      vertex 8.5715 -9.77392 2
      vertex 9.19239 -9.19239 0.589999
      vertex 8.5715 -9.77392 0.589999
    endloop
  endfacet
  facet normal 0.986638 -0.162925 0
    outer loop
      vertex -12.8888 1.69684 2
      vertex -12.7502 2.53617 0.589999
      vertex -12.7502 2.53617 2
    endloop
  endfacet
  facet normal 0.986638 -0.162925 0
    outer loop
      vertex -12.7502 2.53617 0.589999
      vertex -12.8888 1.69684 2
      vertex -12.8888 1.69684 0.589999
    endloop
  endfacet
  facet normal 0.227105 0.97387 -0
    outer loop
      vertex -2.53617 -12.7502 0.589999
      vertex -3.36465 -12.557 2
      vertex -2.53617 -12.7502 2
    endloop
  endfacet
  facet normal 0.227105 0.97387 0
    outer loop
      vertex -3.36465 -12.557 2
      vertex -2.53617 -12.7502 0.589999
      vertex -3.36465 -12.557 0.589999
    endloop
  endfacet
  facet normal -0.352294 -0.935889 0
    outer loop
      vertex 4.17871 12.3101 0.589999
      vertex 4.97488 12.0104 2
      vertex 4.17871 12.3101 2
    endloop
  endfacet
  facet normal -0.352294 -0.935889 -0
    outer loop
      vertex 4.97488 12.0104 2
      vertex 4.17871 12.3101 0.589999
      vertex 4.97488 12.0104 0.589999
    endloop
  endfacet
  facet normal -0.471381 -0.88193 0
    outer loop
      vertex 5.74975 11.6593 0.589999
      vertex 6.5 11.2583 2
      vertex 5.74975 11.6593 2
    endloop
  endfacet
  facet normal -0.471381 -0.88193 -0
    outer loop
      vertex 6.5 11.2583 2
      vertex 5.74975 11.6593 0.589999
      vertex 6.5 11.2583 0.589999
    endloop
  endfacet
  facet normal 0.412718 0.910859 -0
    outer loop
      vertex -4.97488 -12.0104 0.589999
      vertex -5.74975 -11.6593 2
      vertex -4.97488 -12.0104 2
    endloop
  endfacet
  facet normal 0.412718 0.910859 0
    outer loop
      vertex -5.74975 -11.6593 2
      vertex -4.97488 -12.0104 0.589999
      vertex -5.74975 -11.6593 0.589999
    endloop
  endfacet
  facet normal -0.849215 0.528048 0
    outer loop
      vertex 10.8091 -7.22241 0.589999
      vertex 11.2583 -6.5 2
      vertex 11.2583 -6.5 0.589999
    endloop
  endfacet
  facet normal -0.849215 0.528048 0
    outer loop
      vertex 11.2583 -6.5 2
      vertex 10.8091 -7.22241 0.589999
      vertex 10.8091 -7.22241 2
    endloop
  endfacet
  facet normal -0.582466 -0.812855 0
    outer loop
      vertex 7.22241 10.8091 0.589999
      vertex 7.9139 10.3136 2
      vertex 7.22241 10.8091 2
    endloop
  endfacet
  facet normal -0.582466 -0.812855 -0
    outer loop
      vertex 7.9139 10.3136 2
      vertex 7.22241 10.8091 0.589999
      vertex 7.9139 10.3136 0.589999
    endloop
  endfacet
  facet normal 0.162925 0.986638 -0
    outer loop
      vertex -1.69684 -12.8888 0.589999
      vertex -2.53617 -12.7502 2
      vertex -1.69684 -12.8888 2
    endloop
  endfacet
  facet normal 0.162925 0.986638 0
    outer loop
      vertex -2.53617 -12.7502 2
      vertex -1.69684 -12.8888 0.589999
      vertex -2.53617 -12.7502 0.589999
    endloop
  endfacet
  facet normal -0.986638 0.162925 0
    outer loop
      vertex 12.7502 -2.53617 0.589999
      vertex 12.8888 -1.69684 2
      vertex 12.8888 -1.69684 0.589999
    endloop
  endfacet
  facet normal -0.986638 0.162925 0
    outer loop
      vertex 12.8888 -1.69684 2
      vertex 12.7502 -2.53617 0.589999
      vertex 12.7502 -2.53617 2
    endloop
  endfacet
  facet normal -0.812855 -0.582466 0
    outer loop
      vertex 10.8091 7.22241 0.589999
      vertex 10.3136 7.9139 2
      vertex 10.3136 7.9139 0.589999
    endloop
  endfacet
  facet normal -0.812855 -0.582466 0
    outer loop
      vertex 10.3136 7.9139 2
      vertex 10.8091 7.22241 0.589999
      vertex 10.8091 7.22241 2
    endloop
  endfacet
  facet normal 0.935889 -0.352294 0
    outer loop
      vertex -12.3101 4.17871 2
      vertex -12.0104 4.97488 0.589999
      vertex -12.0104 4.97488 2
    endloop
  endfacet
  facet normal 0.935889 -0.352294 0
    outer loop
      vertex -12.0104 4.97488 0.589999
      vertex -12.3101 4.17871 2
      vertex -12.3101 4.17871 0.589999
    endloop
  endfacet
  facet normal 0.582466 -0.812855 0
    outer loop
      vertex -7.9139 10.3136 0.589999
      vertex -7.22241 10.8091 2
      vertex -7.9139 10.3136 2
    endloop
  endfacet
  facet normal 0.582466 -0.812855 0
    outer loop
      vertex -7.22241 10.8091 2
      vertex -7.9139 10.3136 0.589999
      vertex -7.22241 10.8091 0.589999
    endloop
  endfacet
  facet normal -0.528048 0.849215 0
    outer loop
      vertex 7.22241 -10.8091 0.589999
      vertex 6.5 -11.2583 2
      vertex 7.22241 -10.8091 2
    endloop
  endfacet
  facet normal -0.528048 0.849215 0
    outer loop
      vertex 6.5 -11.2583 2
      vertex 7.22241 -10.8091 0.589999
      vertex 6.5 -11.2583 0.589999
    endloop
  endfacet
  facet normal 0.0980371 -0.995183 0
    outer loop
      vertex -1.69684 12.8888 0.589999
      vertex -0.85024 12.9722 2
      vertex -1.69684 12.8888 2
    endloop
  endfacet
  facet normal 0.0980371 -0.995183 0
    outer loop
      vertex -0.85024 12.9722 2
      vertex -1.69684 12.8888 0.589999
      vertex -0.85024 12.9722 0.589999
    endloop
  endfacet
  facet normal -0.999466 0.0326792 0
    outer loop
      vertex 12.9722 -0.85024 0.589999
      vertex 13 0 2
      vertex 13 0 0.589999
    endloop
  endfacet
  facet normal -0.999466 0.0326792 0
    outer loop
      vertex 13 0 2
      vertex 12.9722 -0.85024 0.589999
      vertex 12.9722 -0.85024 2
    endloop
  endfacet
  facet normal -0.290239 0.956954 0
    outer loop
      vertex 4.17871 -12.3101 0.589999
      vertex 3.36465 -12.557 2
      vertex 4.17871 -12.3101 2
    endloop
  endfacet
  facet normal -0.290239 0.956954 0
    outer loop
      vertex 3.36465 -12.557 2
      vertex 4.17871 -12.3101 0.589999
      vertex 3.36465 -12.557 0.589999
    endloop
  endfacet
  facet normal 0.812855 0.582466 0
    outer loop
      vertex -10.3136 -7.9139 2
      vertex -10.8091 -7.22241 0.589999
      vertex -10.8091 -7.22241 2
    endloop
  endfacet
  facet normal 0.812855 0.582466 0
    outer loop
      vertex -10.8091 -7.22241 0.589999
      vertex -10.3136 -7.9139 2
      vertex -10.3136 -7.9139 0.589999
    endloop
  endfacet
  facet normal 0.910859 0.412718 0
    outer loop
      vertex -11.6593 -5.74975 2
      vertex -12.0104 -4.97488 0.589999
      vertex -12.0104 -4.97488 2
    endloop
  endfacet
  facet normal 0.910859 0.412718 0
    outer loop
      vertex -12.0104 -4.97488 0.589999
      vertex -11.6593 -5.74975 2
      vertex -11.6593 -5.74975 0.589999
    endloop
  endfacet
  facet normal -0.910859 -0.412718 0
    outer loop
      vertex 12.0104 4.97488 0.589999
      vertex 11.6593 5.74975 2
      vertex 11.6593 5.74975 0.589999
    endloop
  endfacet
  facet normal -0.910859 -0.412718 0
    outer loop
      vertex 11.6593 5.74975 2
      vertex 12.0104 4.97488 0.589999
      vertex 12.0104 4.97488 2
    endloop
  endfacet
  facet normal 0.0980371 0.995183 -0
    outer loop
      vertex -0.85024 -12.9722 0.589999
      vertex -1.69684 -12.8888 2
      vertex -0.85024 -12.9722 2
    endloop
  endfacet
  facet normal 0.0980371 0.995183 0
    outer loop
      vertex -1.69684 -12.8888 2
      vertex -0.85024 -12.9722 0.589999
      vertex -1.69684 -12.8888 0.589999
    endloop
  endfacet
  facet normal -0.290239 -0.956954 0
    outer loop
      vertex 3.36465 12.557 0.589999
      vertex 4.17871 12.3101 2
      vertex 3.36465 12.557 2
    endloop
  endfacet
  facet normal -0.290239 -0.956954 -0
    outer loop
      vertex 4.17871 12.3101 2
      vertex 3.36465 12.557 0.589999
      vertex 4.17871 12.3101 0.589999
    endloop
  endfacet
  facet normal 0.162925 -0.986638 0
    outer loop
      vertex -2.53617 12.7502 0.589999
      vertex -1.69684 12.8888 2
      vertex -2.53617 12.7502 2
    endloop
  endfacet
  facet normal 0.162925 -0.986638 0
    outer loop
      vertex -1.69684 12.8888 2
      vertex -2.53617 12.7502 0.589999
      vertex -1.69684 12.8888 0.589999
    endloop
  endfacet
  facet normal -0.683594 -0.729862 0
    outer loop
      vertex 8.5715 9.77392 0.589999
      vertex 9.19239 9.19239 2
      vertex 8.5715 9.77392 2
    endloop
  endfacet
  facet normal -0.683594 -0.729862 -0
    outer loop
      vertex 9.19239 9.19239 2
      vertex 8.5715 9.77392 0.589999
      vertex 9.19239 9.19239 0.589999
    endloop
  endfacet
  facet normal -0.162925 0.986638 0
    outer loop
      vertex 2.53617 -12.7502 0.589999
      vertex 1.69684 -12.8888 2
      vertex 2.53617 -12.7502 2
    endloop
  endfacet
  facet normal -0.162925 0.986638 0
    outer loop
      vertex 1.69684 -12.8888 2
      vertex 2.53617 -12.7502 0.589999
      vertex 1.69684 -12.8888 0.589999
    endloop
  endfacet
  facet normal -0.471381 0.88193 0
    outer loop
      vertex 6.5 -11.2583 0.589999
      vertex 5.74975 -11.6593 2
      vertex 6.5 -11.2583 2
    endloop
  endfacet
  facet normal -0.471381 0.88193 0
    outer loop
      vertex 5.74975 -11.6593 2
      vertex 6.5 -11.2583 0.589999
      vertex 5.74975 -11.6593 0.589999
    endloop
  endfacet
  facet normal 0.849215 0.528048 0
    outer loop
      vertex -10.8091 -7.22241 2
      vertex -11.2583 -6.5 0.589999
      vertex -11.2583 -6.5 2
    endloop
  endfacet
  facet normal 0.849215 0.528048 0
    outer loop
      vertex -11.2583 -6.5 0.589999
      vertex -10.8091 -7.22241 2
      vertex -10.8091 -7.22241 0.589999
    endloop
  endfacet
  facet normal 0.999466 0.0326792 0
    outer loop
      vertex -12.9722 -0.85024 2
      vertex -13 0 0.589999
      vertex -13 0 2
    endloop
  endfacet
  facet normal 0.999466 0.0326792 0
    outer loop
      vertex -13 0 0.589999
      vertex -12.9722 -0.85024 2
      vertex -12.9722 -0.85024 0.589999
    endloop
  endfacet
  facet normal -0.412718 -0.910859 0
    outer loop
      vertex 4.97488 12.0104 0.589999
      vertex 5.74975 11.6593 2
      vertex 4.97488 12.0104 2
    endloop
  endfacet
  facet normal -0.412718 -0.910859 -0
    outer loop
      vertex 5.74975 11.6593 2
      vertex 4.97488 12.0104 0.589999
      vertex 5.74975 11.6593 0.589999
    endloop
  endfacet
  facet normal -0.88193 -0.471381 0
    outer loop
      vertex 11.6593 5.74975 0.589999
      vertex 11.2583 6.5 2
      vertex 11.2583 6.5 0.589999
    endloop
  endfacet
  facet normal -0.88193 -0.471381 0
    outer loop
      vertex 11.2583 6.5 2
      vertex 11.6593 5.74975 0.589999
      vertex 11.6593 5.74975 2
    endloop
  endfacet
  facet normal -0.729862 -0.683594 0
    outer loop
      vertex 9.77392 8.5715 0.589999
      vertex 9.19239 9.19239 2
      vertex 9.19239 9.19239 0.589999
    endloop
  endfacet
  facet normal -0.729862 -0.683594 0
    outer loop
      vertex 9.19239 9.19239 2
      vertex 9.77392 8.5715 0.589999
      vertex 9.77392 8.5715 2
    endloop
  endfacet
  facet normal -0.97387 0.227105 0
    outer loop
      vertex 12.557 -3.36465 0.589999
      vertex 12.7502 -2.53617 2
      vertex 12.7502 -2.53617 0.589999
    endloop
  endfacet
  facet normal -0.97387 0.227105 0
    outer loop
      vertex 12.7502 -2.53617 2
      vertex 12.557 -3.36465 0.589999
      vertex 12.557 -3.36465 2
    endloop
  endfacet
  facet normal -0.88193 0.471381 0
    outer loop
      vertex 11.2583 -6.5 0.589999
      vertex 11.6593 -5.74975 2
      vertex 11.6593 -5.74975 0.589999
    endloop
  endfacet
  facet normal -0.88193 0.471381 0
    outer loop
      vertex 11.6593 -5.74975 2
      vertex 11.2583 -6.5 0.589999
      vertex 11.2583 -6.5 2
    endloop
  endfacet
  facet normal 0.412718 -0.910859 0
    outer loop
      vertex -5.74975 11.6593 0.589999
      vertex -4.97488 12.0104 2
      vertex -5.74975 11.6593 2
    endloop
  endfacet
  facet normal 0.412718 -0.910859 0
    outer loop
      vertex -4.97488 12.0104 2
      vertex -5.74975 11.6593 0.589999
      vertex -4.97488 12.0104 0.589999
    endloop
  endfacet
  facet normal 0.849215 -0.528048 0
    outer loop
      vertex -11.2583 6.5 2
      vertex -10.8091 7.22241 0.589999
      vertex -10.8091 7.22241 2
    endloop
  endfacet
  facet normal 0.849215 -0.528048 0
    outer loop
      vertex -10.8091 7.22241 0.589999
      vertex -11.2583 6.5 2
      vertex -11.2583 6.5 0.589999
    endloop
  endfacet
  facet normal 0.683594 -0.729862 0
    outer loop
      vertex -9.19239 9.19239 0.589999
      vertex -8.5715 9.77392 2
      vertex -9.19239 9.19239 2
    endloop
  endfacet
  facet normal 0.683594 -0.729862 0
    outer loop
      vertex -8.5715 9.77392 2
      vertex -9.19239 9.19239 0.589999
      vertex -8.5715 9.77392 0.589999
    endloop
  endfacet
  facet normal 0.88193 -0.471381 0
    outer loop
      vertex -11.6593 5.74975 2
      vertex -11.2583 6.5 0.589999
      vertex -11.2583 6.5 2
    endloop
  endfacet
  facet normal 0.88193 -0.471381 0
    outer loop
      vertex -11.2583 6.5 0.589999
      vertex -11.6593 5.74975 2
      vertex -11.6593 5.74975 0.589999
    endloop
  endfacet
  facet normal -0.412718 0.910859 0
    outer loop
      vertex 5.74975 -11.6593 0.589999
      vertex 4.97488 -12.0104 2
      vertex 5.74975 -11.6593 2
    endloop
  endfacet
  facet normal -0.412718 0.910859 0
    outer loop
      vertex 4.97488 -12.0104 2
      vertex 5.74975 -11.6593 0.589999
      vertex 4.97488 -12.0104 0.589999
    endloop
  endfacet
  facet normal 0.471381 -0.88193 0
    outer loop
      vertex -6.5 11.2583 0.589999
      vertex -5.74975 11.6593 2
      vertex -6.5 11.2583 2
    endloop
  endfacet
  facet normal 0.471381 -0.88193 0
    outer loop
      vertex -5.74975 11.6593 2
      vertex -6.5 11.2583 0.589999
      vertex -5.74975 11.6593 0.589999
    endloop
  endfacet
  facet normal -0.986638 -0.162925 0
    outer loop
      vertex 12.8888 1.69684 0.589999
      vertex 12.7502 2.53617 2
      vertex 12.7502 2.53617 0.589999
    endloop
  endfacet
  facet normal -0.986638 -0.162925 0
    outer loop
      vertex 12.7502 2.53617 2
      vertex 12.8888 1.69684 0.589999
      vertex 12.8888 1.69684 2
    endloop
  endfacet
  facet normal 0.812855 -0.582466 0
    outer loop
      vertex -10.8091 7.22241 2
      vertex -10.3136 7.9139 0.589999
      vertex -10.3136 7.9139 2
    endloop
  endfacet
  facet normal 0.812855 -0.582466 0
    outer loop
      vertex -10.3136 7.9139 0.589999
      vertex -10.8091 7.22241 2
      vertex -10.8091 7.22241 0.589999
    endloop
  endfacet
  facet normal 0.956954 -0.290239 0
    outer loop
      vertex -12.557 3.36465 2
      vertex -12.3101 4.17871 0.589999
      vertex -12.3101 4.17871 2
    endloop
  endfacet
  facet normal 0.956954 -0.290239 0
    outer loop
      vertex -12.3101 4.17871 0.589999
      vertex -12.557 3.36465 2
      vertex -12.557 3.36465 0.589999
    endloop
  endfacet
  facet normal 0.0326792 0.999466 -0
    outer loop
      vertex 0 -13 0.589999
      vertex -0.85024 -12.9722 2
      vertex 0 -13 2
    endloop
  endfacet
  facet normal 0.0326792 0.999466 0
    outer loop
      vertex -0.85024 -12.9722 2
      vertex 0 -13 0.589999
      vertex -0.85024 -12.9722 0.589999
    endloop
  endfacet
  facet normal 0.995183 -0.0980371 0
    outer loop
      vertex -12.9722 0.85024 2
      vertex -12.8888 1.69684 0.589999
      vertex -12.8888 1.69684 2
    endloop
  endfacet
  facet normal 0.995183 -0.0980371 0
    outer loop
      vertex -12.8888 1.69684 0.589999
      vertex -12.9722 0.85024 2
      vertex -12.9722 0.85024 0.589999
    endloop
  endfacet
  facet normal 0.683594 0.729862 -0
    outer loop
      vertex -8.5715 -9.77392 0.589999
      vertex -9.19239 -9.19239 2
      vertex -8.5715 -9.77392 2
    endloop
  endfacet
  facet normal 0.683594 0.729862 0
    outer loop
      vertex -9.19239 -9.19239 2
      vertex -8.5715 -9.77392 0.589999
      vertex -9.19239 -9.19239 0.589999
    endloop
  endfacet
  facet normal 0.471381 0.88193 -0
    outer loop
      vertex -5.74975 -11.6593 0.589999
      vertex -6.5 -11.2583 2
      vertex -5.74975 -11.6593 2
    endloop
  endfacet
  facet normal 0.471381 0.88193 0
    outer loop
      vertex -6.5 -11.2583 2
      vertex -5.74975 -11.6593 0.589999
      vertex -6.5 -11.2583 0.589999
    endloop
  endfacet
  facet normal -0.812855 0.582466 0
    outer loop
      vertex 10.3136 -7.9139 0.589999
      vertex 10.8091 -7.22241 2
      vertex 10.8091 -7.22241 0.589999
    endloop
  endfacet
  facet normal -0.812855 0.582466 0
    outer loop
      vertex 10.8091 -7.22241 2
      vertex 10.3136 -7.9139 0.589999
      vertex 10.3136 -7.9139 2
    endloop
  endfacet
  facet normal 0.528048 0.849215 -0
    outer loop
      vertex -6.5 -11.2583 0.589999
      vertex -7.22241 -10.8091 2
      vertex -6.5 -11.2583 2
    endloop
  endfacet
  facet normal 0.528048 0.849215 0
    outer loop
      vertex -7.22241 -10.8091 2
      vertex -6.5 -11.2583 0.589999
      vertex -7.22241 -10.8091 0.589999
    endloop
  endfacet
  facet normal 0.0326792 -0.999466 0
    outer loop
      vertex -0.85024 12.9722 0.589999
      vertex 0 13 2
      vertex -0.85024 12.9722 2
    endloop
  endfacet
  facet normal 0.0326792 -0.999466 0
    outer loop
      vertex 0 13 2
      vertex -0.85024 12.9722 0.589999
      vertex 0 13 0.589999
    endloop
  endfacet
  facet normal 0.352294 0.935889 -0
    outer loop
      vertex -4.17871 -12.3101 0.589999
      vertex -4.97488 -12.0104 2
      vertex -4.17871 -12.3101 2
    endloop
  endfacet
  facet normal 0.352294 0.935889 0
    outer loop
      vertex -4.97488 -12.0104 2
      vertex -4.17871 -12.3101 0.589999
      vertex -4.97488 -12.0104 0.589999
    endloop
  endfacet
  facet normal 0.935889 0.352294 0
    outer loop
      vertex -12.0104 -4.97488 2
      vertex -12.3101 -4.17871 0.589999
      vertex -12.3101 -4.17871 2
    endloop
  endfacet
  facet normal 0.935889 0.352294 0
    outer loop
      vertex -12.3101 -4.17871 0.589999
      vertex -12.0104 -4.97488 2
      vertex -12.0104 -4.97488 0.589999
    endloop
  endfacet
  facet normal 0.77301 0.634394 0
    outer loop
      vertex -9.77392 -8.5715 2
      vertex -10.3136 -7.9139 0.589999
      vertex -10.3136 -7.9139 2
    endloop
  endfacet
  facet normal 0.77301 0.634394 0
    outer loop
      vertex -10.3136 -7.9139 0.589999
      vertex -9.77392 -8.5715 2
      vertex -9.77392 -8.5715 0.589999
    endloop
  endfacet
  facet normal -0.634394 0.77301 0
    outer loop
      vertex 8.5715 -9.77392 0.589999
      vertex 7.9139 -10.3136 2
      vertex 8.5715 -9.77392 2
    endloop
  endfacet
  facet normal -0.634394 0.77301 0
    outer loop
      vertex 7.9139 -10.3136 2
      vertex 8.5715 -9.77392 0.589999
      vertex 7.9139 -10.3136 0.589999
    endloop
  endfacet
  facet normal -0.0326792 -0.999466 0
    outer loop
      vertex 0 13 0.589999
      vertex 0.85024 12.9722 2
      vertex 0 13 2
    endloop
  endfacet
  facet normal -0.0326792 -0.999466 -0
    outer loop
      vertex 0.85024 12.9722 2
      vertex 0 13 0.589999
      vertex 0.85024 12.9722 0.589999
    endloop
  endfacet
  facet normal 0.634394 0.77301 -0
    outer loop
      vertex -7.9139 -10.3136 0.589999
      vertex -8.5715 -9.77392 2
      vertex -7.9139 -10.3136 2
    endloop
  endfacet
  facet normal 0.634394 0.77301 0
    outer loop
      vertex -8.5715 -9.77392 2
      vertex -7.9139 -10.3136 0.589999
      vertex -8.5715 -9.77392 0.589999
    endloop
  endfacet
  facet normal 0.290239 0.956954 -0
    outer loop
      vertex -3.36465 -12.557 0.589999
      vertex -4.17871 -12.3101 2
      vertex -3.36465 -12.557 2
    endloop
  endfacet
  facet normal 0.290239 0.956954 0
    outer loop
      vertex -4.17871 -12.3101 2
      vertex -3.36465 -12.557 0.589999
      vertex -4.17871 -12.3101 0.589999
    endloop
  endfacet
  facet normal -0.0980371 -0.995183 0
    outer loop
      vertex 0.85024 12.9722 0.589999
      vertex 1.69684 12.8888 2
      vertex 0.85024 12.9722 2
    endloop
  endfacet
  facet normal -0.0980371 -0.995183 -0
    outer loop
      vertex 1.69684 12.8888 2
      vertex 0.85024 12.9722 0.589999
      vertex 1.69684 12.8888 0.589999
    endloop
  endfacet
  facet normal -0.227105 -0.97387 0
    outer loop
      vertex 2.53617 12.7502 0.589999
      vertex 3.36465 12.557 2
      vertex 2.53617 12.7502 2
    endloop
  endfacet
  facet normal -0.227105 -0.97387 -0
    outer loop
      vertex 3.36465 12.557 2
      vertex 2.53617 12.7502 0.589999
      vertex 3.36465 12.557 0.589999
    endloop
  endfacet
  facet normal 0.88193 0.471381 0
    outer loop
      vertex -11.2583 -6.5 2
      vertex -11.6593 -5.74975 0.589999
      vertex -11.6593 -5.74975 2
    endloop
  endfacet
  facet normal 0.88193 0.471381 0
    outer loop
      vertex -11.6593 -5.74975 0.589999
      vertex -11.2583 -6.5 2
      vertex -11.2583 -6.5 0.589999
    endloop
  endfacet
  facet normal 0.999466 -0.0326792 0
    outer loop
      vertex -13 0 2
      vertex -12.9722 0.85024 0.589999
      vertex -12.9722 0.85024 2
    endloop
  endfacet
  facet normal 0.999466 -0.0326792 0
    outer loop
      vertex -12.9722 0.85024 0.589999
      vertex -13 0 2
      vertex -13 0 0.589999
    endloop
  endfacet
  facet normal -0.910859 0.412718 0
    outer loop
      vertex 11.6593 -5.74975 0.589999
      vertex 12.0104 -4.97488 2
      vertex 12.0104 -4.97488 0.589999
    endloop
  endfacet
  facet normal -0.910859 0.412718 0
    outer loop
      vertex 12.0104 -4.97488 2
      vertex 11.6593 -5.74975 0.589999
      vertex 11.6593 -5.74975 2
    endloop
  endfacet
  facet normal 0.729862 -0.683594 0
    outer loop
      vertex -9.77392 8.5715 2
      vertex -9.19239 9.19239 0.589999
      vertex -9.19239 9.19239 2
    endloop
  endfacet
  facet normal 0.729862 -0.683594 0
    outer loop
      vertex -9.19239 9.19239 0.589999
      vertex -9.77392 8.5715 2
      vertex -9.77392 8.5715 0.589999
    endloop
  endfacet
  facet normal -0.706917 -0.0231151 -0.706918
    outer loop
      vertex 13.5614 0.874659 0
      vertex 13.59 0 0
      vertex 13 0 0.589999
    endloop
  endfacet
  facet normal 0.676839 0.205282 -0.706929
    outer loop
      vertex -13.1228 -3.53092 0
      vertex -12.557 -3.36465 0.589999
      vertex -12.3101 -4.17871 0.589999
    endloop
  endfacet
  facet normal 0.677053 0.204563 -0.706932
    outer loop
      vertex -12.557 -3.36465 0.589999
      vertex -13.1228 -3.53092 0
      vertex -13.1269 -3.51735 0
    endloop
  endfacet
  facet normal 0.291915 -0.644218 -0.706943
    outer loop
      vertex -5.21358 12.5497 0
      vertex -5.74975 11.6593 0.589999
      vertex -6.0107 12.1885 0
    endloop
  endfacet
  facet normal 0.333383 -0.62377 -0.706942
    outer loop
      vertex -6.0107 12.1885 0
      vertex -5.74975 11.6593 0.589999
      vertex -6.7825 11.776 0
    endloop
  endfacet
  facet normal 0.676839 -0.205282 -0.706929
    outer loop
      vertex -12.557 3.36465 0.589999
      vertex -13.1228 3.53092 0
      vertex -12.3101 4.17871 0.589999
    endloop
  endfacet
  facet normal 0.677053 -0.204563 -0.706932
    outer loop
      vertex -13.1228 3.53092 0
      vertex -12.557 3.36465 0.589999
      vertex -13.1269 3.51735 0
    endloop
  endfacet
  facet normal -0.0693483 0.703919 -0.706887
    outer loop
      vertex 1.69684 -12.8888 0.589999
      vertex 1.77385 -13.4737 0
      vertex 0.902938 -13.5595 0
    endloop
  endfacet
  facet normal -0.205282 -0.676839 -0.706929
    outer loop
      vertex 3.36465 12.557 0.589999
      vertex 3.53092 13.1228 0
      vertex 4.17871 12.3101 0.589999
    endloop
  endfacet
  facet normal -0.204563 -0.677053 -0.706932
    outer loop
      vertex 3.53092 13.1228 0
      vertex 3.36465 12.557 0.589999
      vertex 3.51735 13.1269 0
    endloop
  endfacet
  facet normal 0.291915 0.644218 -0.706943
    outer loop
      vertex -5.74975 -11.6593 0.589999
      vertex -5.21358 -12.5497 0
      vertex -6.0107 -12.1885 0
    endloop
  endfacet
  facet normal 0.249172 -0.66194 -0.706929
    outer loop
      vertex -4.97488 12.0104 0.589999
      vertex -5.1874 12.5605 0
      vertex -4.17871 12.3101 0.589999
    endloop
  endfacet
  facet normal 0.249382 -0.66186 -0.70693
    outer loop
      vertex -5.1874 12.5605 0
      vertex -4.97488 12.0104 0.589999
      vertex -5.20067 12.5555 0
    endloop
  endfacet
  facet normal -0.516234 -0.483501 -0.706915
    outer loop
      vertex 9.60958 9.60958 0
      vertex 10.2078 8.97086 0
      vertex 9.19239 9.19239 0.589999
    endloop
  endfacet
  facet normal -0.661947 0.249168 -0.706924
    outer loop
      vertex 12.8688 -4.36836 0
      vertex 12.5605 -5.1874 0
      vertex 12.3101 -4.17871 0.589999
    endloop
  endfacet
  facet normal 0.0698431 -0.703869 -0.706888
    outer loop
      vertex -0.85024 12.9722 0.589999
      vertex -0.902938 13.5595 0
      vertex -0.888829 13.5609 0
    endloop
  endfacet
  facet normal 0.069344 -0.703916 -0.70689
    outer loop
      vertex -0.902938 13.5595 0
      vertex -0.85024 12.9722 0.589999
      vertex -1.69684 12.8888 0.589999
    endloop
  endfacet
  facet normal -0.483501 -0.516234 -0.706915
    outer loop
      vertex 9.60958 9.60958 0
      vertex 9.19239 9.19239 0.589999
      vertex 8.97086 10.2078 0
    endloop
  endfacet
  facet normal -0.20529 -0.676842 -0.706924
    outer loop
      vertex 4.36836 12.8688 0
      vertex 4.17871 12.3101 0.589999
      vertex 3.53092 13.1228 0
    endloop
  endfacet
  facet normal 0.516234 0.483501 -0.706915
    outer loop
      vertex -9.19239 -9.19239 0.589999
      vertex -9.60958 -9.60958 0
      vertex -10.2078 -8.97086 0
    endloop
  endfacet
  facet normal 0.20529 0.676842 -0.706924
    outer loop
      vertex -4.17871 -12.3101 0.589999
      vertex -3.53092 -13.1228 0
      vertex -4.36836 -12.8688 0
    endloop
  endfacet
  facet normal -0.411953 0.574932 -0.706928
    outer loop
      vertex 7.9139 -10.3136 0.589999
      vertex 8.27307 -10.7817 0
      vertex 7.56172 -11.2914 0
    endloop
  endfacet
  facet normal 0.33339 0.623755 -0.706952
    outer loop
      vertex -6.7825 -11.776 0
      vertex -6.5 -11.2583 0.589999
      vertex -5.74975 -11.6593 0.589999
    endloop
  endfacet
  facet normal 0.334121 0.62336 -0.706955
    outer loop
      vertex -6.5 -11.2583 0.589999
      vertex -6.7825 -11.776 0
      vertex -6.795 -11.7693 0
    endloop
  endfacet
  facet normal -0.0249418 -0.706849 -0.706924
    outer loop
      vertex 0.85024 12.9722 0.589999
      vertex 0.874659 13.5614 0
      vertex 0.888829 13.5609 0
    endloop
  endfacet
  facet normal -0.0231139 -0.706918 -0.706918
    outer loop
      vertex 0.874659 13.5614 0
      vertex 0.85024 12.9722 0.589999
      vertex 0 13 0.589999
    endloop
  endfacet
  facet normal -0.661947 -0.249168 -0.706924
    outer loop
      vertex 12.5605 5.1874 0
      vertex 12.8688 4.36836 0
      vertex 12.3101 4.17871 0.589999
    endloop
  endfacet
  facet normal -0.573873 -0.413468 -0.706904
    outer loop
      vertex 10.8091 7.22241 0.589999
      vertex 11.2914 7.56172 0
      vertex 11.2997 7.5502 0
    endloop
  endfacet
  facet normal -0.574932 -0.411978 -0.706913
    outer loop
      vertex 11.2914 7.56172 0
      vertex 10.8091 7.22241 0.589999
      vertex 10.3136 7.9139 0.589999
    endloop
  endfacet
  facet normal -0.644218 -0.291915 -0.706943
    outer loop
      vertex 12.1885 6.0107 0
      vertex 12.5497 5.21358 0
      vertex 11.6593 5.74975 0.589999
    endloop
  endfacet
  facet normal -0.706917 0.0231151 -0.706918
    outer loop
      vertex 13.59 0 0
      vertex 13.5614 -0.874659 0
      vertex 13 0 0.589999
    endloop
  endfacet
  facet normal 0.66194 -0.249172 -0.706929
    outer loop
      vertex -12.5605 5.1874 0
      vertex -12.0104 4.97488 0.589999
      vertex -12.3101 4.17871 0.589999
    endloop
  endfacet
  facet normal 0.66186 -0.249382 -0.70693
    outer loop
      vertex -12.0104 4.97488 0.589999
      vertex -12.5605 5.1874 0
      vertex -12.5555 5.20067 0
    endloop
  endfacet
  facet normal 0.115234 0.697828 -0.706935
    outer loop
      vertex -2.63729 -13.3312 0
      vertex -2.53617 -12.7502 0.589999
      vertex -1.69684 -12.8888 0.589999
    endloop
  endfacet
  facet normal 0.114739 0.697912 -0.706932
    outer loop
      vertex -2.53617 -12.7502 0.589999
      vertex -2.63729 -13.3312 0
      vertex -2.65128 -13.3289 0
    endloop
  endfacet
  facet normal -0.546747 -0.448705 -0.706916
    outer loop
      vertex 9.77392 8.5715 0.589999
      vertex 10.2265 8.94955 0
      vertex 10.3136 7.9139 0.589999
    endloop
  endfacet
  facet normal -0.546616 -0.448864 -0.706917
    outer loop
      vertex 10.2265 8.94955 0
      vertex 9.77392 8.5715 0.589999
      vertex 10.2175 8.96051 0
    endloop
  endfacet
  facet normal -0.334121 0.62336 -0.706955
    outer loop
      vertex 6.7825 -11.776 0
      vertex 6.5 -11.2583 0.589999
      vertex 6.795 -11.7693 0
    endloop
  endfacet
  facet normal -0.33339 0.623755 -0.706952
    outer loop
      vertex 6.5 -11.2583 0.589999
      vertex 6.7825 -11.776 0
      vertex 5.74975 -11.6593 0.589999
    endloop
  endfacet
  facet normal 0.204563 -0.677053 -0.706932
    outer loop
      vertex -3.36465 12.557 0.589999
      vertex -3.53092 13.1228 0
      vertex -3.51735 13.1269 0
    endloop
  endfacet
  facet normal 0.205282 -0.676839 -0.706929
    outer loop
      vertex -3.53092 13.1228 0
      vertex -3.36465 12.557 0.589999
      vertex -4.17871 12.3101 0.589999
    endloop
  endfacet
  facet normal 0.676842 0.20529 -0.706924
    outer loop
      vertex -12.3101 -4.17871 0.589999
      vertex -12.8688 -4.36836 0
      vertex -13.1228 -3.53092 0
    endloop
  endfacet
  facet normal 0.706917 -0.0231151 -0.706918
    outer loop
      vertex -13.5614 0.874659 0
      vertex -13 0 0.589999
      vertex -13.59 0 0
    endloop
  endfacet
  facet normal -0.66194 -0.249172 -0.706929
    outer loop
      vertex 12.0104 4.97488 0.589999
      vertex 12.5605 5.1874 0
      vertex 12.3101 4.17871 0.589999
    endloop
  endfacet
  facet normal -0.66186 -0.249382 -0.70693
    outer loop
      vertex 12.5605 5.1874 0
      vertex 12.0104 4.97488 0.589999
      vertex 12.5555 5.20067 0
    endloop
  endfacet
  facet normal 0.249168 0.661947 -0.706924
    outer loop
      vertex -4.17871 -12.3101 0.589999
      vertex -4.36836 -12.8688 0
      vertex -5.1874 -12.5605 0
    endloop
  endfacet
  facet normal -0.249382 0.66186 -0.70693
    outer loop
      vertex 5.1874 -12.5605 0
      vertex 4.97488 -12.0104 0.589999
      vertex 5.20067 -12.5555 0
    endloop
  endfacet
  facet normal -0.249172 0.66194 -0.706929
    outer loop
      vertex 4.97488 -12.0104 0.589999
      vertex 5.1874 -12.5605 0
      vertex 4.17871 -12.3101 0.589999
    endloop
  endfacet
  facet normal 0.16067 -0.688802 -0.706921
    outer loop
      vertex -2.66508 13.3257 0
      vertex -3.36465 12.557 0.589999
      vertex -3.51735 13.1269 0
    endloop
  endfacet
  facet normal 0.33339 -0.623755 -0.706952
    outer loop
      vertex -6.5 11.2583 0.589999
      vertex -6.7825 11.776 0
      vertex -5.74975 11.6593 0.589999
    endloop
  endfacet
  facet normal 0.334121 -0.62336 -0.706955
    outer loop
      vertex -6.7825 11.776 0
      vertex -6.5 11.2583 0.589999
      vertex -6.795 11.7693 0
    endloop
  endfacet
  facet normal -0.574932 -0.411953 -0.706928
    outer loop
      vertex 10.7817 8.27307 0
      vertex 11.2914 7.56172 0
      vertex 10.3136 7.9139 0.589999
    endloop
  endfacet
  facet normal -0.0249418 0.706849 -0.706924
    outer loop
      vertex 0.874659 -13.5614 0
      vertex 0.85024 -12.9722 0.589999
      vertex 0.888829 -13.5609 0
    endloop
  endfacet
  facet normal -0.0231139 0.706918 -0.706918
    outer loop
      vertex 0.85024 -12.9722 0.589999
      vertex 0.874659 -13.5614 0
      vertex 0 -13 0.589999
    endloop
  endfacet
  facet normal -0.249168 0.661947 -0.706924
    outer loop
      vertex 5.1874 -12.5605 0
      vertex 4.36836 -12.8688 0
      vertex 4.17871 -12.3101 0.589999
    endloop
  endfacet
  facet normal -0.677053 0.204563 -0.706932
    outer loop
      vertex 13.1228 -3.53092 0
      vertex 12.557 -3.36465 0.589999
      vertex 13.1269 -3.51735 0
    endloop
  endfacet
  facet normal -0.676839 0.205282 -0.706929
    outer loop
      vertex 12.557 -3.36465 0.589999
      vertex 13.1228 -3.53092 0
      vertex 12.3101 -4.17871 0.589999
    endloop
  endfacet
  facet normal -0.373955 0.600322 -0.706945
    outer loop
      vertex 7.53816 -11.3072 0
      vertex 7.22241 -10.8091 0.589999
      vertex 7.5502 -11.2997 0
    endloop
  endfacet
  facet normal -0.373473 0.600625 -0.706942
    outer loop
      vertex 7.22241 -10.8091 0.589999
      vertex 7.53816 -11.3072 0
      vertex 6.5 -11.2583 0.589999
    endloop
  endfacet
  facet normal -0.703869 -0.0698431 -0.706888
    outer loop
      vertex 12.9722 0.85024 0.589999
      vertex 13.5595 0.902938 0
      vertex 13.5609 0.888829 0
    endloop
  endfacet
  facet normal -0.703916 -0.069344 -0.70689
    outer loop
      vertex 13.5595 0.902938 0
      vertex 12.9722 0.85024 0.589999
      vertex 12.8888 1.69684 0.589999
    endloop
  endfacet
  facet normal 0.448705 -0.546747 -0.706916
    outer loop
      vertex -8.5715 9.77392 0.589999
      vertex -8.94955 10.2265 0
      vertex -7.9139 10.3136 0.589999
    endloop
  endfacet
  facet normal 0.448864 -0.546616 -0.706917
    outer loop
      vertex -8.94955 10.2265 0
      vertex -8.5715 9.77392 0.589999
      vertex -8.96051 10.2175 0
    endloop
  endfacet
  facet normal 0.688782 -0.160623 -0.706951
    outer loop
      vertex -12.7502 2.53617 0.589999
      vertex -13.3257 2.66508 0
      vertex -12.557 3.36465 0.589999
    endloop
  endfacet
  facet normal 0.688979 -0.159763 -0.706954
    outer loop
      vertex -13.3257 2.66508 0
      vertex -12.7502 2.53617 0.589999
      vertex -13.3289 2.65128 0
    endloop
  endfacet
  facet normal 0.697912 0.114739 -0.706932
    outer loop
      vertex -13.3312 -2.63729 0
      vertex -12.7502 -2.53617 0.589999
      vertex -13.3289 -2.65128 0
    endloop
  endfacet
  facet normal 0.697828 0.115234 -0.706935
    outer loop
      vertex -12.7502 -2.53617 0.589999
      vertex -13.3312 -2.63729 0
      vertex -12.8888 -1.69684 0.589999
    endloop
  endfacet
  facet normal 0.0231151 -0.706917 -0.706918
    outer loop
      vertex 0 13.59 0
      vertex 0 13 0.589999
      vertex -0.874659 13.5614 0
    endloop
  endfacet
  facet normal 0.546728 0.44871 -0.706928
    outer loop
      vertex -10.3136 -7.9139 0.589999
      vertex -10.2265 -8.94955 0
      vertex -10.7817 -8.27307 0
    endloop
  endfacet
  facet normal 0.44871 -0.546728 -0.706928
    outer loop
      vertex -8.27307 10.7817 0
      vertex -7.9139 10.3136 0.589999
      vertex -8.94955 10.2265 0
    endloop
  endfacet
  facet normal -0.677053 -0.204563 -0.706932
    outer loop
      vertex 12.557 3.36465 0.589999
      vertex 13.1228 3.53092 0
      vertex 13.1269 3.51735 0
    endloop
  endfacet
  facet normal -0.676839 -0.205282 -0.706929
    outer loop
      vertex 13.1228 3.53092 0
      vertex 12.557 3.36465 0.589999
      vertex 12.3101 4.17871 0.589999
    endloop
  endfacet
  facet normal -0.645137 -0.289837 -0.706961
    outer loop
      vertex 12.0104 4.97488 0.589999
      vertex 12.5497 5.21358 0
      vertex 12.5555 5.20067 0
    endloop
  endfacet
  facet normal -0.644215 -0.291899 -0.706953
    outer loop
      vertex 12.5497 5.21358 0
      vertex 12.0104 4.97488 0.589999
      vertex 11.6593 5.74975 0.589999
    endloop
  endfacet
  facet normal 0.0231139 -0.706918 -0.706918
    outer loop
      vertex -0.85024 12.9722 0.589999
      vertex -0.874659 13.5614 0
      vertex 0 13 0.589999
    endloop
  endfacet
  facet normal 0.0249418 -0.706849 -0.706924
    outer loop
      vertex -0.874659 13.5614 0
      vertex -0.85024 12.9722 0.589999
      vertex -0.888829 13.5609 0
    endloop
  endfacet
  facet normal -0.688802 -0.16067 -0.706921
    outer loop
      vertex 13.1269 3.51735 0
      vertex 13.3257 2.66508 0
      vertex 12.557 3.36465 0.589999
    endloop
  endfacet
  facet normal -0.688979 -0.159763 -0.706954
    outer loop
      vertex 12.7502 2.53617 0.589999
      vertex 13.3257 2.66508 0
      vertex 13.3289 2.65128 0
    endloop
  endfacet
  facet normal -0.688782 -0.160623 -0.706951
    outer loop
      vertex 13.3257 2.66508 0
      vertex 12.7502 2.53617 0.589999
      vertex 12.557 3.36465 0.589999
    endloop
  endfacet
  facet normal -0.413468 0.573873 -0.706904
    outer loop
      vertex 7.22241 -10.8091 0.589999
      vertex 7.56172 -11.2914 0
      vertex 7.5502 -11.2997 0
    endloop
  endfacet
  facet normal -0.411978 0.574932 -0.706913
    outer loop
      vertex 7.56172 -11.2914 0
      vertex 7.22241 -10.8091 0.589999
      vertex 7.9139 -10.3136 0.589999
    endloop
  endfacet
  facet normal 0.644215 -0.291899 -0.706953
    outer loop
      vertex -12.0104 4.97488 0.589999
      vertex -12.5497 5.21358 0
      vertex -11.6593 5.74975 0.589999
    endloop
  endfacet
  facet normal 0.645137 -0.289837 -0.706961
    outer loop
      vertex -12.5497 5.21358 0
      vertex -12.0104 4.97488 0.589999
      vertex -12.5555 5.20067 0
    endloop
  endfacet
  facet normal 0.413468 0.573873 -0.706904
    outer loop
      vertex -7.56172 -11.2914 0
      vertex -7.22241 -10.8091 0.589999
      vertex -7.5502 -11.2997 0
    endloop
  endfacet
  facet normal 0.411978 0.574932 -0.706913
    outer loop
      vertex -7.22241 -10.8091 0.589999
      vertex -7.56172 -11.2914 0
      vertex -7.9139 -10.3136 0.589999
    endloop
  endfacet
  facet normal 0.20529 -0.676842 -0.706924
    outer loop
      vertex -3.53092 13.1228 0
      vertex -4.17871 12.3101 0.589999
      vertex -4.36836 12.8688 0
    endloop
  endfacet
  facet normal 0.574932 0.411953 -0.706928
    outer loop
      vertex -10.3136 -7.9139 0.589999
      vertex -10.7817 -8.27307 0
      vertex -11.2914 -7.56172 0
    endloop
  endfacet
  facet normal 0.483671 0.516082 -0.70691
    outer loop
      vertex -8.97086 -10.2078 0
      vertex -8.5715 -9.77392 0.589999
      vertex -8.96051 -10.2175 0
    endloop
  endfacet
  facet normal 0.483508 0.516233 -0.706911
    outer loop
      vertex -8.5715 -9.77392 0.589999
      vertex -8.97086 -10.2078 0
      vertex -9.19239 -9.19239 0.589999
    endloop
  endfacet
  facet normal -0.333383 0.62377 -0.706942
    outer loop
      vertex 6.7825 -11.776 0
      vertex 6.0107 -12.1885 0
      vertex 5.74975 -11.6593 0.589999
    endloop
  endfacet
  facet normal 0.115177 -0.697885 -0.706888
    outer loop
      vertex -1.77385 13.4737 0
      vertex -1.69684 12.8888 0.589999
      vertex -2.63729 13.3312 0
    endloop
  endfacet
  facet normal -0.159763 0.688979 -0.706954
    outer loop
      vertex 2.53617 -12.7502 0.589999
      vertex 2.66508 -13.3257 0
      vertex 2.65128 -13.3289 0
    endloop
  endfacet
  facet normal -0.160623 0.688782 -0.706951
    outer loop
      vertex 2.66508 -13.3257 0
      vertex 2.53617 -12.7502 0.589999
      vertex 3.36465 -12.557 0.589999
    endloop
  endfacet
  facet normal 0.644218 0.291915 -0.706943
    outer loop
      vertex -11.6593 -5.74975 0.589999
      vertex -12.1885 -6.0107 0
      vertex -12.5497 -5.21358 0
    endloop
  endfacet
  facet normal -0.291915 -0.644218 -0.706943
    outer loop
      vertex 6.0107 12.1885 0
      vertex 5.74975 11.6593 0.589999
      vertex 5.21358 12.5497 0
    endloop
  endfacet
  facet normal 0.411953 0.574932 -0.706928
    outer loop
      vertex -7.9139 -10.3136 0.589999
      vertex -7.56172 -11.2914 0
      vertex -8.27307 -10.7817 0
    endloop
  endfacet
  facet normal -0.688802 0.16067 -0.706921
    outer loop
      vertex 13.3257 -2.66508 0
      vertex 13.1269 -3.51735 0
      vertex 12.557 -3.36465 0.589999
    endloop
  endfacet
  facet normal -0.516082 0.483671 -0.70691
    outer loop
      vertex 10.2078 -8.97086 0
      vertex 9.77392 -8.5715 0.589999
      vertex 10.2175 -8.96051 0
    endloop
  endfacet
  facet normal -0.516233 0.483508 -0.706911
    outer loop
      vertex 9.77392 -8.5715 0.589999
      vertex 10.2078 -8.97086 0
      vertex 9.19239 -9.19239 0.589999
    endloop
  endfacet
  facet normal -0.697828 -0.115234 -0.706935
    outer loop
      vertex 12.7502 2.53617 0.589999
      vertex 13.3312 2.63729 0
      vertex 12.8888 1.69684 0.589999
    endloop
  endfacet
  facet normal -0.697912 -0.114739 -0.706932
    outer loop
      vertex 13.3312 2.63729 0
      vertex 12.7502 2.53617 0.589999
      vertex 13.3289 2.65128 0
    endloop
  endfacet
  facet normal -0.44871 -0.546728 -0.706928
    outer loop
      vertex 8.27307 10.7817 0
      vertex 8.94955 10.2265 0
      vertex 7.9139 10.3136 0.589999
    endloop
  endfacet
  facet normal 0.644218 -0.291915 -0.706943
    outer loop
      vertex -12.1885 6.0107 0
      vertex -11.6593 5.74975 0.589999
      vertex -12.5497 5.21358 0
    endloop
  endfacet
  facet normal -0.706918 -0.0231139 -0.706918
    outer loop
      vertex 12.9722 0.85024 0.589999
      vertex 13.5614 0.874659 0
      vertex 13 0 0.589999
    endloop
  endfacet
  facet normal -0.706849 -0.0249418 -0.706924
    outer loop
      vertex 13.5614 0.874659 0
      vertex 12.9722 0.85024 0.589999
      vertex 13.5609 0.888829 0
    endloop
  endfacet
  facet normal -0.0698431 0.703869 -0.706888
    outer loop
      vertex 0.85024 -12.9722 0.589999
      vertex 0.902938 -13.5595 0
      vertex 0.888829 -13.5609 0
    endloop
  endfacet
  facet normal -0.069344 0.703916 -0.70689
    outer loop
      vertex 0.902938 -13.5595 0
      vertex 0.85024 -12.9722 0.589999
      vertex 1.69684 -12.8888 0.589999
    endloop
  endfacet
  facet normal -0.600627 -0.373472 -0.706941
    outer loop
      vertex 11.3072 7.53816 0
      vertex 11.7693 6.795 0
      vertex 11.2583 6.5 0.589999
    endloop
  endfacet
  facet normal -0.688979 0.159763 -0.706954
    outer loop
      vertex 13.3257 -2.66508 0
      vertex 12.7502 -2.53617 0.589999
      vertex 13.3289 -2.65128 0
    endloop
  endfacet
  facet normal -0.688782 0.160623 -0.706951
    outer loop
      vertex 12.7502 -2.53617 0.589999
      vertex 13.3257 -2.66508 0
      vertex 12.557 -3.36465 0.589999
    endloop
  endfacet
  facet normal 0.159763 0.688979 -0.706954
    outer loop
      vertex -2.66508 -13.3257 0
      vertex -2.53617 -12.7502 0.589999
      vertex -2.65128 -13.3289 0
    endloop
  endfacet
  facet normal 0.160623 0.688782 -0.706951
    outer loop
      vertex -2.53617 -12.7502 0.589999
      vertex -2.66508 -13.3257 0
      vertex -3.36465 -12.557 0.589999
    endloop
  endfacet
  facet normal 0.204563 0.677053 -0.706932
    outer loop
      vertex -3.53092 -13.1228 0
      vertex -3.36465 -12.557 0.589999
      vertex -3.51735 -13.1269 0
    endloop
  endfacet
  facet normal 0.205282 0.676839 -0.706929
    outer loop
      vertex -3.36465 -12.557 0.589999
      vertex -3.53092 -13.1228 0
      vertex -4.17871 -12.3101 0.589999
    endloop
  endfacet
  facet normal 0.115177 0.697885 -0.706888
    outer loop
      vertex -1.69684 -12.8888 0.589999
      vertex -1.77385 -13.4737 0
      vertex -2.63729 -13.3312 0
    endloop
  endfacet
  facet normal 0.0698431 0.703869 -0.706888
    outer loop
      vertex -0.902938 -13.5595 0
      vertex -0.85024 -12.9722 0.589999
      vertex -0.888829 -13.5609 0
    endloop
  endfacet
  facet normal 0.069344 0.703916 -0.70689
    outer loop
      vertex -0.85024 -12.9722 0.589999
      vertex -0.902938 -13.5595 0
      vertex -1.69684 -12.8888 0.589999
    endloop
  endfacet
  facet normal 0.0693483 0.703919 -0.706887
    outer loop
      vertex -1.69684 -12.8888 0.589999
      vertex -0.902938 -13.5595 0
      vertex -1.77385 -13.4737 0
    endloop
  endfacet
  facet normal -0.411978 -0.574932 -0.706913
    outer loop
      vertex 7.22241 10.8091 0.589999
      vertex 7.56172 11.2914 0
      vertex 7.9139 10.3136 0.589999
    endloop
  endfacet
  facet normal -0.413468 -0.573873 -0.706904
    outer loop
      vertex 7.56172 11.2914 0
      vertex 7.22241 10.8091 0.589999
      vertex 7.5502 11.2997 0
    endloop
  endfacet
  facet normal -0.115177 -0.697885 -0.706888
    outer loop
      vertex 1.77385 13.4737 0
      vertex 2.63729 13.3312 0
      vertex 1.69684 12.8888 0.589999
    endloop
  endfacet
  facet normal 0.688802 -0.16067 -0.706921
    outer loop
      vertex -13.1269 3.51735 0
      vertex -12.557 3.36465 0.589999
      vertex -13.3257 2.66508 0
    endloop
  endfacet
  facet normal 0.411953 -0.574932 -0.706928
    outer loop
      vertex -7.56172 11.2914 0
      vertex -7.9139 10.3136 0.589999
      vertex -8.27307 10.7817 0
    endloop
  endfacet
  facet normal -0.0231151 -0.706917 -0.706918
    outer loop
      vertex 0 13.59 0
      vertex 0.874659 13.5614 0
      vertex 0 13 0.589999
    endloop
  endfacet
  facet normal -0.16067 -0.688802 -0.706921
    outer loop
      vertex 3.51735 13.1269 0
      vertex 3.36465 12.557 0.589999
      vertex 2.66508 13.3257 0
    endloop
  endfacet
  facet normal -0.516082 -0.483671 -0.70691
    outer loop
      vertex 9.77392 8.5715 0.589999
      vertex 10.2078 8.97086 0
      vertex 10.2175 8.96051 0
    endloop
  endfacet
  facet normal -0.516233 -0.483508 -0.706911
    outer loop
      vertex 10.2078 8.97086 0
      vertex 9.77392 8.5715 0.589999
      vertex 9.19239 9.19239 0.589999
    endloop
  endfacet
  facet normal 0.706918 -0.0231139 -0.706918
    outer loop
      vertex -13.5614 0.874659 0
      vertex -12.9722 0.85024 0.589999
      vertex -13 0 0.589999
    endloop
  endfacet
  facet normal 0.706849 -0.0249418 -0.706924
    outer loop
      vertex -12.9722 0.85024 0.589999
      vertex -13.5614 0.874659 0
      vertex -13.5609 0.888829 0
    endloop
  endfacet
  facet normal 0.516233 -0.483508 -0.706911
    outer loop
      vertex -9.77392 8.5715 0.589999
      vertex -10.2078 8.97086 0
      vertex -9.19239 9.19239 0.589999
    endloop
  endfacet
  facet normal 0.516082 -0.483671 -0.70691
    outer loop
      vertex -10.2078 8.97086 0
      vertex -9.77392 8.5715 0.589999
      vertex -10.2175 8.96051 0
    endloop
  endfacet
  facet normal 0.159763 -0.688979 -0.706954
    outer loop
      vertex -2.53617 12.7502 0.589999
      vertex -2.66508 13.3257 0
      vertex -2.65128 13.3289 0
    endloop
  endfacet
  facet normal 0.160623 -0.688782 -0.706951
    outer loop
      vertex -2.66508 13.3257 0
      vertex -2.53617 12.7502 0.589999
      vertex -3.36465 12.557 0.589999
    endloop
  endfacet
  facet normal 0.16067 0.688802 -0.706921
    outer loop
      vertex -3.36465 -12.557 0.589999
      vertex -2.66508 -13.3257 0
      vertex -3.51735 -13.1269 0
    endloop
  endfacet
  facet normal 0.373473 0.600625 -0.706942
    outer loop
      vertex -7.53816 -11.3072 0
      vertex -7.22241 -10.8091 0.589999
      vertex -6.5 -11.2583 0.589999
    endloop
  endfacet
  facet normal 0.373955 0.600322 -0.706945
    outer loop
      vertex -7.22241 -10.8091 0.589999
      vertex -7.53816 -11.3072 0
      vertex -7.5502 -11.2997 0
    endloop
  endfacet
  facet normal -0.483508 -0.516233 -0.706911
    outer loop
      vertex 8.5715 9.77392 0.589999
      vertex 8.97086 10.2078 0
      vertex 9.19239 9.19239 0.589999
    endloop
  endfacet
  facet normal -0.483671 -0.516082 -0.70691
    outer loop
      vertex 8.97086 10.2078 0
      vertex 8.5715 9.77392 0.589999
      vertex 8.96051 10.2175 0
    endloop
  endfacet
  facet normal 0.483501 -0.516234 -0.706915
    outer loop
      vertex -8.97086 10.2078 0
      vertex -9.19239 9.19239 0.589999
      vertex -9.60958 9.60958 0
    endloop
  endfacet
  facet normal 0.289837 -0.645137 -0.706961
    outer loop
      vertex -4.97488 12.0104 0.589999
      vertex -5.21358 12.5497 0
      vertex -5.20067 12.5555 0
    endloop
  endfacet
  facet normal 0.291899 -0.644215 -0.706953
    outer loop
      vertex -5.21358 12.5497 0
      vertex -4.97488 12.0104 0.589999
      vertex -5.74975 11.6593 0.589999
    endloop
  endfacet
  facet normal -0.115177 0.697885 -0.706888
    outer loop
      vertex 2.63729 -13.3312 0
      vertex 1.77385 -13.4737 0
      vertex 1.69684 -12.8888 0.589999
    endloop
  endfacet
  facet normal 0.703919 0.0693483 -0.706887
    outer loop
      vertex -12.8888 -1.69684 0.589999
      vertex -13.4737 -1.77385 0
      vertex -13.5595 -0.902938 0
    endloop
  endfacet
  facet normal 0.688802 0.16067 -0.706921
    outer loop
      vertex -12.557 -3.36465 0.589999
      vertex -13.1269 -3.51735 0
      vertex -13.3257 -2.66508 0
    endloop
  endfacet
  facet normal -0.62377 0.333383 -0.706942
    outer loop
      vertex 12.1885 -6.0107 0
      vertex 11.776 -6.7825 0
      vertex 11.6593 -5.74975 0.589999
    endloop
  endfacet
  facet normal 0.574932 -0.411953 -0.706928
    outer loop
      vertex -10.7817 8.27307 0
      vertex -10.3136 7.9139 0.589999
      vertex -11.2914 7.56172 0
    endloop
  endfacet
  facet normal -0.0693483 -0.703919 -0.706887
    outer loop
      vertex 1.77385 13.4737 0
      vertex 1.69684 12.8888 0.589999
      vertex 0.902938 13.5595 0
    endloop
  endfacet
  facet normal -0.373472 0.600627 -0.706941
    outer loop
      vertex 7.53816 -11.3072 0
      vertex 6.795 -11.7693 0
      vertex 6.5 -11.2583 0.589999
    endloop
  endfacet
  facet normal 0.706917 0.0231151 -0.706918
    outer loop
      vertex -13 0 0.589999
      vertex -13.5614 -0.874659 0
      vertex -13.59 0 0
    endloop
  endfacet
  facet normal 0.546616 0.448864 -0.706917
    outer loop
      vertex -10.2265 -8.94955 0
      vertex -9.77392 -8.5715 0.589999
      vertex -10.2175 -8.96051 0
    endloop
  endfacet
  facet normal 0.546747 0.448705 -0.706916
    outer loop
      vertex -9.77392 -8.5715 0.589999
      vertex -10.2265 -8.94955 0
      vertex -10.3136 -7.9139 0.589999
    endloop
  endfacet
  facet normal 0.483671 -0.516082 -0.70691
    outer loop
      vertex -8.5715 9.77392 0.589999
      vertex -8.97086 10.2078 0
      vertex -8.96051 10.2175 0
    endloop
  endfacet
  facet normal 0.483508 -0.516233 -0.706911
    outer loop
      vertex -8.97086 10.2078 0
      vertex -8.5715 9.77392 0.589999
      vertex -9.19239 9.19239 0.589999
    endloop
  endfacet
  facet normal -0.546728 -0.44871 -0.706928
    outer loop
      vertex 10.7817 8.27307 0
      vertex 10.3136 7.9139 0.589999
      vertex 10.2265 8.94955 0
    endloop
  endfacet
  facet normal 0.62377 0.333383 -0.706942
    outer loop
      vertex -11.6593 -5.74975 0.589999
      vertex -11.776 -6.7825 0
      vertex -12.1885 -6.0107 0
    endloop
  endfacet
  facet normal 0.623755 -0.33339 -0.706952
    outer loop
      vertex -11.776 6.7825 0
      vertex -11.2583 6.5 0.589999
      vertex -11.6593 5.74975 0.589999
    endloop
  endfacet
  facet normal 0.62336 -0.334121 -0.706955
    outer loop
      vertex -11.2583 6.5 0.589999
      vertex -11.776 6.7825 0
      vertex -11.7693 6.795 0
    endloop
  endfacet
  facet normal -0.069344 -0.703916 -0.70689
    outer loop
      vertex 0.85024 12.9722 0.589999
      vertex 0.902938 13.5595 0
      vertex 1.69684 12.8888 0.589999
    endloop
  endfacet
  facet normal -0.0698431 -0.703869 -0.706888
    outer loop
      vertex 0.902938 13.5595 0
      vertex 0.85024 12.9722 0.589999
      vertex 0.888829 13.5609 0
    endloop
  endfacet
  facet normal -0.600625 -0.373473 -0.706942
    outer loop
      vertex 10.8091 7.22241 0.589999
      vertex 11.3072 7.53816 0
      vertex 11.2583 6.5 0.589999
    endloop
  endfacet
  facet normal -0.600322 -0.373955 -0.706945
    outer loop
      vertex 11.3072 7.53816 0
      vertex 10.8091 7.22241 0.589999
      vertex 11.2997 7.5502 0
    endloop
  endfacet
  facet normal -0.703919 0.0693483 -0.706887
    outer loop
      vertex 13.5595 -0.902938 0
      vertex 13.4737 -1.77385 0
      vertex 12.8888 -1.69684 0.589999
    endloop
  endfacet
  facet normal -0.697885 0.115177 -0.706888
    outer loop
      vertex 13.4737 -1.77385 0
      vertex 13.3312 -2.63729 0
      vertex 12.8888 -1.69684 0.589999
    endloop
  endfacet
  facet normal -0.697885 -0.115177 -0.706888
    outer loop
      vertex 13.3312 2.63729 0
      vertex 13.4737 1.77385 0
      vertex 12.8888 1.69684 0.589999
    endloop
  endfacet
  facet normal -0.703919 -0.0693483 -0.706887
    outer loop
      vertex 13.4737 1.77385 0
      vertex 13.5595 0.902938 0
      vertex 12.8888 1.69684 0.589999
    endloop
  endfacet
  facet normal -0.697912 0.114739 -0.706932
    outer loop
      vertex 12.7502 -2.53617 0.589999
      vertex 13.3312 -2.63729 0
      vertex 13.3289 -2.65128 0
    endloop
  endfacet
  facet normal -0.697828 0.115234 -0.706935
    outer loop
      vertex 13.3312 -2.63729 0
      vertex 12.7502 -2.53617 0.589999
      vertex 12.8888 -1.69684 0.589999
    endloop
  endfacet
  facet normal -0.703869 0.0698431 -0.706888
    outer loop
      vertex 13.5595 -0.902938 0
      vertex 12.9722 -0.85024 0.589999
      vertex 13.5609 -0.888829 0
    endloop
  endfacet
  facet normal -0.703916 0.069344 -0.70689
    outer loop
      vertex 12.9722 -0.85024 0.589999
      vertex 13.5595 -0.902938 0
      vertex 12.8888 -1.69684 0.589999
    endloop
  endfacet
  facet normal -0.706849 0.0249418 -0.706924
    outer loop
      vertex 12.9722 -0.85024 0.589999
      vertex 13.5614 -0.874659 0
      vertex 13.5609 -0.888829 0
    endloop
  endfacet
  facet normal -0.706918 0.0231139 -0.706918
    outer loop
      vertex 13.5614 -0.874659 0
      vertex 12.9722 -0.85024 0.589999
      vertex 13 0 0.589999
    endloop
  endfacet
  facet normal -0.0231151 0.706917 -0.706918
    outer loop
      vertex 0 -13 0.589999
      vertex 0.874659 -13.5614 0
      vertex 0 -13.59 0
    endloop
  endfacet
  facet normal -0.448864 -0.546616 -0.706917
    outer loop
      vertex 8.5715 9.77392 0.589999
      vertex 8.94955 10.2265 0
      vertex 8.96051 10.2175 0
    endloop
  endfacet
  facet normal -0.448705 -0.546747 -0.706916
    outer loop
      vertex 8.94955 10.2265 0
      vertex 8.5715 9.77392 0.589999
      vertex 7.9139 10.3136 0.589999
    endloop
  endfacet
  facet normal 0.249168 -0.661947 -0.706924
    outer loop
      vertex -4.36836 12.8688 0
      vertex -4.17871 12.3101 0.589999
      vertex -5.1874 12.5605 0
    endloop
  endfacet
  facet normal -0.676842 0.20529 -0.706924
    outer loop
      vertex 13.1228 -3.53092 0
      vertex 12.8688 -4.36836 0
      vertex 12.3101 -4.17871 0.589999
    endloop
  endfacet
  facet normal 0.373472 0.600627 -0.706941
    outer loop
      vertex -6.5 -11.2583 0.589999
      vertex -6.795 -11.7693 0
      vertex -7.53816 -11.3072 0
    endloop
  endfacet
  facet normal 0.546616 -0.448864 -0.706917
    outer loop
      vertex -9.77392 8.5715 0.589999
      vertex -10.2265 8.94955 0
      vertex -10.2175 8.96051 0
    endloop
  endfacet
  facet normal 0.546747 -0.448705 -0.706916
    outer loop
      vertex -10.2265 8.94955 0
      vertex -9.77392 8.5715 0.589999
      vertex -10.3136 7.9139 0.589999
    endloop
  endfacet
  facet normal -0.20529 0.676842 -0.706924
    outer loop
      vertex 4.17871 -12.3101 0.589999
      vertex 4.36836 -12.8688 0
      vertex 3.53092 -13.1228 0
    endloop
  endfacet
  facet normal -0.249382 -0.66186 -0.70693
    outer loop
      vertex 4.97488 12.0104 0.589999
      vertex 5.1874 12.5605 0
      vertex 5.20067 12.5555 0
    endloop
  endfacet
  facet normal -0.249172 -0.66194 -0.706929
    outer loop
      vertex 5.1874 12.5605 0
      vertex 4.97488 12.0104 0.589999
      vertex 4.17871 12.3101 0.589999
    endloop
  endfacet
  facet normal -0.249168 -0.661947 -0.706924
    outer loop
      vertex 4.36836 12.8688 0
      vertex 5.1874 12.5605 0
      vertex 4.17871 12.3101 0.589999
    endloop
  endfacet
  facet normal 0.706849 0.0249418 -0.706924
    outer loop
      vertex -13.5614 -0.874659 0
      vertex -12.9722 -0.85024 0.589999
      vertex -13.5609 -0.888829 0
    endloop
  endfacet
  facet normal 0.706918 0.0231139 -0.706918
    outer loop
      vertex -12.9722 -0.85024 0.589999
      vertex -13.5614 -0.874659 0
      vertex -13 0 0.589999
    endloop
  endfacet
  facet normal -0.600627 0.373472 -0.706941
    outer loop
      vertex 11.7693 -6.795 0
      vertex 11.3072 -7.53816 0
      vertex 11.2583 -6.5 0.589999
    endloop
  endfacet
  facet normal -0.600322 0.373955 -0.706945
    outer loop
      vertex 10.8091 -7.22241 0.589999
      vertex 11.3072 -7.53816 0
      vertex 11.2997 -7.5502 0
    endloop
  endfacet
  facet normal -0.600625 0.373473 -0.706942
    outer loop
      vertex 11.3072 -7.53816 0
      vertex 10.8091 -7.22241 0.589999
      vertex 11.2583 -6.5 0.589999
    endloop
  endfacet
  facet normal -0.644218 0.291915 -0.706943
    outer loop
      vertex 12.5497 -5.21358 0
      vertex 12.1885 -6.0107 0
      vertex 11.6593 -5.74975 0.589999
    endloop
  endfacet
  facet normal -0.62377 -0.333383 -0.706942
    outer loop
      vertex 11.776 6.7825 0
      vertex 12.1885 6.0107 0
      vertex 11.6593 5.74975 0.589999
    endloop
  endfacet
  facet normal 0.413468 -0.573873 -0.706904
    outer loop
      vertex -7.22241 10.8091 0.589999
      vertex -7.56172 11.2914 0
      vertex -7.5502 11.2997 0
    endloop
  endfacet
  facet normal 0.411978 -0.574932 -0.706913
    outer loop
      vertex -7.56172 11.2914 0
      vertex -7.22241 10.8091 0.589999
      vertex -7.9139 10.3136 0.589999
    endloop
  endfacet
  facet normal -0.114739 -0.697912 -0.706932
    outer loop
      vertex 2.53617 12.7502 0.589999
      vertex 2.63729 13.3312 0
      vertex 2.65128 13.3289 0
    endloop
  endfacet
  facet normal -0.115234 -0.697828 -0.706935
    outer loop
      vertex 2.63729 13.3312 0
      vertex 2.53617 12.7502 0.589999
      vertex 1.69684 12.8888 0.589999
    endloop
  endfacet
  facet normal -0.291915 0.644218 -0.706943
    outer loop
      vertex 5.74975 -11.6593 0.589999
      vertex 6.0107 -12.1885 0
      vertex 5.21358 -12.5497 0
    endloop
  endfacet
  facet normal -0.44871 0.546728 -0.706928
    outer loop
      vertex 8.94955 -10.2265 0
      vertex 8.27307 -10.7817 0
      vertex 7.9139 -10.3136 0.589999
    endloop
  endfacet
  facet normal 0.676842 -0.20529 -0.706924
    outer loop
      vertex -12.8688 4.36836 0
      vertex -12.3101 4.17871 0.589999
      vertex -13.1228 3.53092 0
    endloop
  endfacet
  facet normal 0.661947 -0.249168 -0.706924
    outer loop
      vertex -12.5605 5.1874 0
      vertex -12.3101 4.17871 0.589999
      vertex -12.8688 4.36836 0
    endloop
  endfacet
  facet normal -0.676842 -0.20529 -0.706924
    outer loop
      vertex 12.8688 4.36836 0
      vertex 13.1228 3.53092 0
      vertex 12.3101 4.17871 0.589999
    endloop
  endfacet
  facet normal 0.333383 0.62377 -0.706942
    outer loop
      vertex -5.74975 -11.6593 0.589999
      vertex -6.0107 -12.1885 0
      vertex -6.7825 -11.776 0
    endloop
  endfacet
  facet normal -0.373955 -0.600322 -0.706945
    outer loop
      vertex 7.22241 10.8091 0.589999
      vertex 7.53816 11.3072 0
      vertex 7.5502 11.2997 0
    endloop
  endfacet
  facet normal -0.373473 -0.600625 -0.706942
    outer loop
      vertex 7.53816 11.3072 0
      vertex 7.22241 10.8091 0.589999
      vertex 6.5 11.2583 0.589999
    endloop
  endfacet
  facet normal -0.373472 -0.600627 -0.706941
    outer loop
      vertex 6.795 11.7693 0
      vertex 7.53816 11.3072 0
      vertex 6.5 11.2583 0.589999
    endloop
  endfacet
  facet normal 0.600627 -0.373472 -0.706941
    outer loop
      vertex -11.3072 7.53816 0
      vertex -11.2583 6.5 0.589999
      vertex -11.7693 6.795 0
    endloop
  endfacet
  facet normal 0.0693483 -0.703919 -0.706887
    outer loop
      vertex -0.902938 13.5595 0
      vertex -1.69684 12.8888 0.589999
      vertex -1.77385 13.4737 0
    endloop
  endfacet
  facet normal 0.0231151 0.706917 -0.706918
    outer loop
      vertex 0 -13 0.589999
      vertex 0 -13.59 0
      vertex -0.874659 -13.5614 0
    endloop
  endfacet
  facet normal 0.574932 -0.411978 -0.706913
    outer loop
      vertex -10.8091 7.22241 0.589999
      vertex -11.2914 7.56172 0
      vertex -10.3136 7.9139 0.589999
    endloop
  endfacet
  facet normal 0.573873 -0.413468 -0.706904
    outer loop
      vertex -11.2914 7.56172 0
      vertex -10.8091 7.22241 0.589999
      vertex -11.2997 7.5502 0
    endloop
  endfacet
  facet normal -0.411953 -0.574932 -0.706928
    outer loop
      vertex 8.27307 10.7817 0
      vertex 7.9139 10.3136 0.589999
      vertex 7.56172 11.2914 0
    endloop
  endfacet
  facet normal -0.66186 0.249382 -0.70693
    outer loop
      vertex 12.0104 -4.97488 0.589999
      vertex 12.5605 -5.1874 0
      vertex 12.5555 -5.20067 0
    endloop
  endfacet
  facet normal -0.66194 0.249172 -0.706929
    outer loop
      vertex 12.5605 -5.1874 0
      vertex 12.0104 -4.97488 0.589999
      vertex 12.3101 -4.17871 0.589999
    endloop
  endfacet
  facet normal -0.645137 0.289837 -0.706961
    outer loop
      vertex 12.5497 -5.21358 0
      vertex 12.0104 -4.97488 0.589999
      vertex 12.5555 -5.20067 0
    endloop
  endfacet
  facet normal -0.644215 0.291899 -0.706953
    outer loop
      vertex 12.0104 -4.97488 0.589999
      vertex 12.5497 -5.21358 0
      vertex 11.6593 -5.74975 0.589999
    endloop
  endfacet
  facet normal 0.688782 0.160623 -0.706951
    outer loop
      vertex -13.3257 -2.66508 0
      vertex -12.7502 -2.53617 0.589999
      vertex -12.557 -3.36465 0.589999
    endloop
  endfacet
  facet normal 0.688979 0.159763 -0.706954
    outer loop
      vertex -12.7502 -2.53617 0.589999
      vertex -13.3257 -2.66508 0
      vertex -13.3289 -2.65128 0
    endloop
  endfacet
  facet normal -0.114739 0.697912 -0.706932
    outer loop
      vertex 2.63729 -13.3312 0
      vertex 2.53617 -12.7502 0.589999
      vertex 2.65128 -13.3289 0
    endloop
  endfacet
  facet normal -0.115234 0.697828 -0.706935
    outer loop
      vertex 2.53617 -12.7502 0.589999
      vertex 2.63729 -13.3312 0
      vertex 1.69684 -12.8888 0.589999
    endloop
  endfacet
  facet normal -0.16067 0.688802 -0.706921
    outer loop
      vertex 3.36465 -12.557 0.589999
      vertex 3.51735 -13.1269 0
      vertex 2.66508 -13.3257 0
    endloop
  endfacet
  facet normal -0.546728 0.44871 -0.706928
    outer loop
      vertex 10.3136 -7.9139 0.589999
      vertex 10.7817 -8.27307 0
      vertex 10.2265 -8.94955 0
    endloop
  endfacet
  facet normal -0.573873 0.413468 -0.706904
    outer loop
      vertex 11.2914 -7.56172 0
      vertex 10.8091 -7.22241 0.589999
      vertex 11.2997 -7.5502 0
    endloop
  endfacet
  facet normal -0.574932 0.411978 -0.706913
    outer loop
      vertex 10.8091 -7.22241 0.589999
      vertex 11.2914 -7.56172 0
      vertex 10.3136 -7.9139 0.589999
    endloop
  endfacet
  facet normal 0.697885 0.115177 -0.706888
    outer loop
      vertex -12.8888 -1.69684 0.589999
      vertex -13.3312 -2.63729 0
      vertex -13.4737 -1.77385 0
    endloop
  endfacet
  facet normal -0.62336 0.334121 -0.706955
    outer loop
      vertex 11.2583 -6.5 0.589999
      vertex 11.776 -6.7825 0
      vertex 11.7693 -6.795 0
    endloop
  endfacet
  facet normal -0.623755 0.33339 -0.706952
    outer loop
      vertex 11.776 -6.7825 0
      vertex 11.2583 -6.5 0.589999
      vertex 11.6593 -5.74975 0.589999
    endloop
  endfacet
  facet normal -0.574932 0.411953 -0.706928
    outer loop
      vertex 11.2914 -7.56172 0
      vertex 10.7817 -8.27307 0
      vertex 10.3136 -7.9139 0.589999
    endloop
  endfacet
  facet normal -0.546616 0.448864 -0.706917
    outer loop
      vertex 9.77392 -8.5715 0.589999
      vertex 10.2265 -8.94955 0
      vertex 10.2175 -8.96051 0
    endloop
  endfacet
  facet normal -0.546747 0.448705 -0.706916
    outer loop
      vertex 10.2265 -8.94955 0
      vertex 9.77392 -8.5715 0.589999
      vertex 10.3136 -7.9139 0.589999
    endloop
  endfacet
  facet normal 0.697885 -0.115177 -0.706888
    outer loop
      vertex -13.3312 2.63729 0
      vertex -12.8888 1.69684 0.589999
      vertex -13.4737 1.77385 0
    endloop
  endfacet
  facet normal -0.291899 -0.644215 -0.706953
    outer loop
      vertex 4.97488 12.0104 0.589999
      vertex 5.21358 12.5497 0
      vertex 5.74975 11.6593 0.589999
    endloop
  endfacet
  facet normal -0.289837 -0.645137 -0.706961
    outer loop
      vertex 5.21358 12.5497 0
      vertex 4.97488 12.0104 0.589999
      vertex 5.20067 12.5555 0
    endloop
  endfacet
  facet normal -0.448864 0.546616 -0.706917
    outer loop
      vertex 8.94955 -10.2265 0
      vertex 8.5715 -9.77392 0.589999
      vertex 8.96051 -10.2175 0
    endloop
  endfacet
  facet normal -0.448705 0.546747 -0.706916
    outer loop
      vertex 8.5715 -9.77392 0.589999
      vertex 8.94955 -10.2265 0
      vertex 7.9139 -10.3136 0.589999
    endloop
  endfacet
  facet normal -0.289837 0.645137 -0.706961
    outer loop
      vertex 4.97488 -12.0104 0.589999
      vertex 5.21358 -12.5497 0
      vertex 5.20067 -12.5555 0
    endloop
  endfacet
  facet normal -0.291899 0.644215 -0.706953
    outer loop
      vertex 5.21358 -12.5497 0
      vertex 4.97488 -12.0104 0.589999
      vertex 5.74975 -11.6593 0.589999
    endloop
  endfacet
  facet normal 0.697828 -0.115234 -0.706935
    outer loop
      vertex -13.3312 2.63729 0
      vertex -12.7502 2.53617 0.589999
      vertex -12.8888 1.69684 0.589999
    endloop
  endfacet
  facet normal 0.697912 -0.114739 -0.706932
    outer loop
      vertex -12.7502 2.53617 0.589999
      vertex -13.3312 2.63729 0
      vertex -13.3289 2.65128 0
    endloop
  endfacet
  facet normal 0.644215 0.291899 -0.706953
    outer loop
      vertex -12.5497 -5.21358 0
      vertex -12.0104 -4.97488 0.589999
      vertex -11.6593 -5.74975 0.589999
    endloop
  endfacet
  facet normal 0.645137 0.289837 -0.706961
    outer loop
      vertex -12.0104 -4.97488 0.589999
      vertex -12.5497 -5.21358 0
      vertex -12.5555 -5.20067 0
    endloop
  endfacet
  facet normal 0.62377 -0.333383 -0.706942
    outer loop
      vertex -11.776 6.7825 0
      vertex -11.6593 5.74975 0.589999
      vertex -12.1885 6.0107 0
    endloop
  endfacet
  facet normal 0.66186 0.249382 -0.70693
    outer loop
      vertex -12.5605 -5.1874 0
      vertex -12.0104 -4.97488 0.589999
      vertex -12.5555 -5.20067 0
    endloop
  endfacet
  facet normal 0.66194 0.249172 -0.706929
    outer loop
      vertex -12.0104 -4.97488 0.589999
      vertex -12.5605 -5.1874 0
      vertex -12.3101 -4.17871 0.589999
    endloop
  endfacet
  facet normal -0.333383 -0.62377 -0.706942
    outer loop
      vertex 6.0107 12.1885 0
      vertex 6.7825 11.776 0
      vertex 5.74975 11.6593 0.589999
    endloop
  endfacet
  facet normal 0.661947 0.249168 -0.706924
    outer loop
      vertex -12.3101 -4.17871 0.589999
      vertex -12.5605 -5.1874 0
      vertex -12.8688 -4.36836 0
    endloop
  endfacet
  facet normal 0.574932 0.411978 -0.706913
    outer loop
      vertex -11.2914 -7.56172 0
      vertex -10.8091 -7.22241 0.589999
      vertex -10.3136 -7.9139 0.589999
    endloop
  endfacet
  facet normal 0.573873 0.413468 -0.706904
    outer loop
      vertex -10.8091 -7.22241 0.589999
      vertex -11.2914 -7.56172 0
      vertex -11.2997 -7.5502 0
    endloop
  endfacet
  facet normal 0.600627 0.373472 -0.706941
    outer loop
      vertex -11.2583 -6.5 0.589999
      vertex -11.3072 -7.53816 0
      vertex -11.7693 -6.795 0
    endloop
  endfacet
  facet normal 0.115234 -0.697828 -0.706935
    outer loop
      vertex -2.53617 12.7502 0.589999
      vertex -2.63729 13.3312 0
      vertex -1.69684 12.8888 0.589999
    endloop
  endfacet
  facet normal 0.114739 -0.697912 -0.706932
    outer loop
      vertex -2.63729 13.3312 0
      vertex -2.53617 12.7502 0.589999
      vertex -2.65128 13.3289 0
    endloop
  endfacet
  facet normal 0.546728 -0.44871 -0.706928
    outer loop
      vertex -10.2265 8.94955 0
      vertex -10.3136 7.9139 0.589999
      vertex -10.7817 8.27307 0
    endloop
  endfacet
  facet normal 0.516233 0.483508 -0.706911
    outer loop
      vertex -10.2078 -8.97086 0
      vertex -9.77392 -8.5715 0.589999
      vertex -9.19239 -9.19239 0.589999
    endloop
  endfacet
  facet normal 0.516082 0.483671 -0.70691
    outer loop
      vertex -9.77392 -8.5715 0.589999
      vertex -10.2078 -8.97086 0
      vertex -10.2175 -8.96051 0
    endloop
  endfacet
  facet normal 0.703916 -0.069344 -0.70689
    outer loop
      vertex -12.9722 0.85024 0.589999
      vertex -13.5595 0.902938 0
      vertex -12.8888 1.69684 0.589999
    endloop
  endfacet
  facet normal 0.703869 -0.0698431 -0.706888
    outer loop
      vertex -13.5595 0.902938 0
      vertex -12.9722 0.85024 0.589999
      vertex -13.5609 0.888829 0
    endloop
  endfacet
  facet normal 0.448705 0.546747 -0.706916
    outer loop
      vertex -8.94955 -10.2265 0
      vertex -8.5715 -9.77392 0.589999
      vertex -7.9139 -10.3136 0.589999
    endloop
  endfacet
  facet normal 0.448864 0.546616 -0.706917
    outer loop
      vertex -8.5715 -9.77392 0.589999
      vertex -8.94955 -10.2265 0
      vertex -8.96051 -10.2175 0
    endloop
  endfacet
  facet normal -0.623755 -0.33339 -0.706952
    outer loop
      vertex 11.2583 6.5 0.589999
      vertex 11.776 6.7825 0
      vertex 11.6593 5.74975 0.589999
    endloop
  endfacet
  facet normal -0.62336 -0.334121 -0.706955
    outer loop
      vertex 11.776 6.7825 0
      vertex 11.2583 6.5 0.589999
      vertex 11.7693 6.795 0
    endloop
  endfacet
  facet normal 0.373473 -0.600625 -0.706942
    outer loop
      vertex -7.22241 10.8091 0.589999
      vertex -7.53816 11.3072 0
      vertex -6.5 11.2583 0.589999
    endloop
  endfacet
  facet normal 0.373955 -0.600322 -0.706945
    outer loop
      vertex -7.53816 11.3072 0
      vertex -7.22241 10.8091 0.589999
      vertex -7.5502 11.2997 0
    endloop
  endfacet
  facet normal 0.373472 -0.600627 -0.706941
    outer loop
      vertex -6.795 11.7693 0
      vertex -6.5 11.2583 0.589999
      vertex -7.53816 11.3072 0
    endloop
  endfacet
  facet normal 0.703916 0.069344 -0.70689
    outer loop
      vertex -13.5595 -0.902938 0
      vertex -12.9722 -0.85024 0.589999
      vertex -12.8888 -1.69684 0.589999
    endloop
  endfacet
  facet normal 0.703869 0.0698431 -0.706888
    outer loop
      vertex -12.9722 -0.85024 0.589999
      vertex -13.5595 -0.902938 0
      vertex -13.5609 -0.888829 0
    endloop
  endfacet
  facet normal -0.483671 0.516082 -0.70691
    outer loop
      vertex 8.5715 -9.77392 0.589999
      vertex 8.97086 -10.2078 0
      vertex 8.96051 -10.2175 0
    endloop
  endfacet
  facet normal -0.483508 0.516233 -0.706911
    outer loop
      vertex 8.97086 -10.2078 0
      vertex 8.5715 -9.77392 0.589999
      vertex 9.19239 -9.19239 0.589999
    endloop
  endfacet
  facet normal 0.703919 -0.0693483 -0.706887
    outer loop
      vertex -13.4737 1.77385 0
      vertex -12.8888 1.69684 0.589999
      vertex -13.5595 0.902938 0
    endloop
  endfacet
  facet normal 0.0231139 0.706918 -0.706918
    outer loop
      vertex -0.874659 -13.5614 0
      vertex -0.85024 -12.9722 0.589999
      vertex 0 -13 0.589999
    endloop
  endfacet
  facet normal 0.0249418 0.706849 -0.706924
    outer loop
      vertex -0.85024 -12.9722 0.589999
      vertex -0.874659 -13.5614 0
      vertex -0.888829 -13.5609 0
    endloop
  endfacet
  facet normal 0.62336 0.334121 -0.706955
    outer loop
      vertex -11.776 -6.7825 0
      vertex -11.2583 -6.5 0.589999
      vertex -11.7693 -6.795 0
    endloop
  endfacet
  facet normal 0.623755 0.33339 -0.706952
    outer loop
      vertex -11.2583 -6.5 0.589999
      vertex -11.776 -6.7825 0
      vertex -11.6593 -5.74975 0.589999
    endloop
  endfacet
  facet normal 0.249172 0.66194 -0.706929
    outer loop
      vertex -5.1874 -12.5605 0
      vertex -4.97488 -12.0104 0.589999
      vertex -4.17871 -12.3101 0.589999
    endloop
  endfacet
  facet normal 0.249382 0.66186 -0.70693
    outer loop
      vertex -4.97488 -12.0104 0.589999
      vertex -5.1874 -12.5605 0
      vertex -5.20067 -12.5555 0
    endloop
  endfacet
  facet normal -0.160623 -0.688782 -0.706951
    outer loop
      vertex 2.53617 12.7502 0.589999
      vertex 2.66508 13.3257 0
      vertex 3.36465 12.557 0.589999
    endloop
  endfacet
  facet normal -0.159763 -0.688979 -0.706954
    outer loop
      vertex 2.66508 13.3257 0
      vertex 2.53617 12.7502 0.589999
      vertex 2.65128 13.3289 0
    endloop
  endfacet
  facet normal -0.334121 -0.62336 -0.706955
    outer loop
      vertex 6.5 11.2583 0.589999
      vertex 6.7825 11.776 0
      vertex 6.795 11.7693 0
    endloop
  endfacet
  facet normal -0.33339 -0.623755 -0.706952
    outer loop
      vertex 6.7825 11.776 0
      vertex 6.5 11.2583 0.589999
      vertex 5.74975 11.6593 0.589999
    endloop
  endfacet
  facet normal 0.289837 0.645137 -0.706961
    outer loop
      vertex -5.21358 -12.5497 0
      vertex -4.97488 -12.0104 0.589999
      vertex -5.20067 -12.5555 0
    endloop
  endfacet
  facet normal 0.291899 0.644215 -0.706953
    outer loop
      vertex -4.97488 -12.0104 0.589999
      vertex -5.21358 -12.5497 0
      vertex -5.74975 -11.6593 0.589999
    endloop
  endfacet
  facet normal 0.600322 0.373955 -0.706945
    outer loop
      vertex -11.3072 -7.53816 0
      vertex -10.8091 -7.22241 0.589999
      vertex -11.2997 -7.5502 0
    endloop
  endfacet
  facet normal 0.600625 0.373473 -0.706942
    outer loop
      vertex -10.8091 -7.22241 0.589999
      vertex -11.3072 -7.53816 0
      vertex -11.2583 -6.5 0.589999
    endloop
  endfacet
  facet normal 0.516234 -0.483501 -0.706915
    outer loop
      vertex -9.60958 9.60958 0
      vertex -9.19239 9.19239 0.589999
      vertex -10.2078 8.97086 0
    endloop
  endfacet
  facet normal 0.483501 0.516234 -0.706915
    outer loop
      vertex -9.19239 -9.19239 0.589999
      vertex -8.97086 -10.2078 0
      vertex -9.60958 -9.60958 0
    endloop
  endfacet
  facet normal 0.44871 0.546728 -0.706928
    outer loop
      vertex -7.9139 -10.3136 0.589999
      vertex -8.27307 -10.7817 0
      vertex -8.94955 -10.2265 0
    endloop
  endfacet
  facet normal -0.483501 0.516234 -0.706915
    outer loop
      vertex 9.19239 -9.19239 0.589999
      vertex 9.60958 -9.60958 0
      vertex 8.97086 -10.2078 0
    endloop
  endfacet
  facet normal -0.516234 0.483501 -0.706915
    outer loop
      vertex 10.2078 -8.97086 0
      vertex 9.60958 -9.60958 0
      vertex 9.19239 -9.19239 0.589999
    endloop
  endfacet
  facet normal -0.204563 0.677053 -0.706932
    outer loop
      vertex 3.36465 -12.557 0.589999
      vertex 3.53092 -13.1228 0
      vertex 3.51735 -13.1269 0
    endloop
  endfacet
  facet normal -0.205282 0.676839 -0.706929
    outer loop
      vertex 3.53092 -13.1228 0
      vertex 3.36465 -12.557 0.589999
      vertex 4.17871 -12.3101 0.589999
    endloop
  endfacet
  facet normal 0.600625 -0.373473 -0.706942
    outer loop
      vertex -11.3072 7.53816 0
      vertex -10.8091 7.22241 0.589999
      vertex -11.2583 6.5 0.589999
    endloop
  endfacet
  facet normal 0.600322 -0.373955 -0.706945
    outer loop
      vertex -10.8091 7.22241 0.589999
      vertex -11.3072 7.53816 0
      vertex -11.2997 7.5502 0
    endloop
  endfacet
endsolid OpenSCAD_Model
